model,locale,name,script,script_type,old_score,new_score,norm_score,comparability,delta
01-ai/Yi-34B,aa,Afar,Latn,alphabet,1.0,1.0,,direct,0.0
01-ai/Yi-34B,ab,Abkhazian,Cyrl,alphabet,0.72,0.72,,direct,0.0
01-ai/Yi-34B,af,Afrikaans,Latn,alphabet,0.9568,0.9568,,direct,0.0
01-ai/Yi-34B,agq,Aghem,Latn,alphabet,0.7077,0.7077,,direct,0.0
01-ai/Yi-34B,ak,Akan,Latn,alphabet,0.9273,0.9273,,direct,0.0
01-ai/Yi-34B,am,Amharic,Ethi,syllabary,0.2,0.2,,within_script_only,0.0
01-ai/Yi-34B,an,Aragonese,Latn,alphabet,1.0,1.0,,direct,0.0
01-ai/Yi-34B,ann,Obolo,Latn,alphabet,0.7949,0.7949,,direct,0.0
01-ai/Yi-34B,apc,apc,Arab,abjad,0.4133,0.4133,,direct,0.0
01-ai/Yi-34B,ar,Arabic,Arab,abjad,0.4133,0.4133,,direct,0.0
01-ai/Yi-34B,arn,Mapuche,Latn,alphabet,0.904,0.904,,direct,0.0
01-ai/Yi-34B,as,Assamese,Beng,abugida,0.2,0.2,,direct,0.0
01-ai/Yi-34B,asa,Asu,Latn,alphabet,1.0,1.0,,direct,0.0
01-ai/Yi-34B,ast,Asturian,Latn,alphabet,0.95,0.95,,direct,0.0
01-ai/Yi-34B,az,Azerbaijani,Latn,alphabet,0.9758,0.9758,,direct,0.0
01-ai/Yi-34B,ba,Bashkir,Cyrl,alphabet,0.8095,0.8095,,direct,0.0
01-ai/Yi-34B,bal,Baluchi,Arab,abjad,0.4909,0.4909,,direct,0.0
01-ai/Yi-34B,bas,Basaa,Latn,alphabet,0.7161,0.7161,,direct,0.0
01-ai/Yi-34B,be,Belarusian,Cyrl,alphabet,0.95,0.95,,direct,0.0
01-ai/Yi-34B,bem,Bemba,Latn,alphabet,1.0,1.0,,direct,0.0
01-ai/Yi-34B,bew,Betawi,Latn,alphabet,0.9724,0.9724,,direct,0.0
01-ai/Yi-34B,bez,Bena,Latn,alphabet,1.0,1.0,,direct,0.0
01-ai/Yi-34B,bg,Bulgarian,Cyrl,alphabet,1.0,1.0,,direct,0.0
01-ai/Yi-34B,bgc,Haryanvi,Deva,abugida,0.2414,0.2414,,direct,0.0
01-ai/Yi-34B,bgn,Western Balochi,Arab,abjad,0.4378,0.4378,,direct,0.0
01-ai/Yi-34B,bho,Bhojpuri,Deva,abugida,0.25,0.25,,direct,0.0
01-ai/Yi-34B,blo,Anii,Latn,alphabet,0.7061,0.7061,,direct,0.0
01-ai/Yi-34B,blt,Tai Dam,Tavt,abugida,0.2,0.2,,direct,0.0
01-ai/Yi-34B,bm,Bambara,Latn,alphabet,0.8815,0.8815,,direct,0.0
01-ai/Yi-34B,bn,Bangla,Beng,abugida,0.2,0.2,,direct,0.0
01-ai/Yi-34B,bo,Tibetan,Tibt,abugida,0.2,0.2,,direct,0.0
01-ai/Yi-34B,br,Breton,Latn,alphabet,0.9448,0.9448,,direct,0.0
01-ai/Yi-34B,brx,Bodo,Deva,abugida,0.2393,0.2393,,direct,0.0
01-ai/Yi-34B,bs,Bosnian,Latn,alphabet,0.9704,0.9704,,direct,0.0
01-ai/Yi-34B,bss,Akoose,Latn,alphabet,0.7538,0.7538,,direct,0.0
01-ai/Yi-34B,byn,Blin,Ethi,syllabary,0.2,0.2,,within_script_only,0.0
01-ai/Yi-34B,ca,Catalan,Latn,alphabet,0.9784,0.9784,,direct,0.0
01-ai/Yi-34B,cad,Caddo,Latn,alphabet,0.84,0.84,,direct,0.0
01-ai/Yi-34B,cch,Atsam,Latn,alphabet,0.8857,0.8857,,direct,0.0
01-ai/Yi-34B,ccp,Chakma,Cakm,abugida,0.2,0.2,,direct,0.0
01-ai/Yi-34B,ce,Chechen,Cyrl,alphabet,0.9529,0.9529,,direct,0.0
01-ai/Yi-34B,ceb,Cebuano,Latn,alphabet,1.0,1.0,,direct,0.0
01-ai/Yi-34B,cgg,Chiga,Latn,alphabet,1.0,1.0,,direct,0.0
01-ai/Yi-34B,cho,Choctaw,Latn,alphabet,0.9238,0.9238,,direct,0.0
01-ai/Yi-34B,chr,Cherokee,Cher,syllabary,0.2,0.2,,within_script_only,0.0
01-ai/Yi-34B,cic,Chickasaw,Latn,alphabet,0.9158,0.9158,,direct,0.0
01-ai/Yi-34B,ckb,Central Kurdish,Arab,abjad,0.4909,0.4909,,direct,0.0
01-ai/Yi-34B,co,Corsican,Latn,alphabet,0.9172,0.9172,,direct,0.0
01-ai/Yi-34B,cop,Coptic,Copt,alphabet,0.2,0.2,,direct,0.0
01-ai/Yi-34B,cs,Czech,Latn,alphabet,0.922,0.922,,direct,0.0
01-ai/Yi-34B,csw,Swampy Cree,Cans,syllabary,0.2,0.2,,within_script_only,0.0
01-ai/Yi-34B,cu,Church Slavic,Cyrl,alphabet,0.5444,0.5444,,direct,0.0
01-ai/Yi-34B,cv,Chuvash,Cyrl,alphabet,0.8919,0.8919,,direct,0.0
01-ai/Yi-34B,cy,Welsh,Latn,alphabet,0.8041,0.8041,,direct,0.0
01-ai/Yi-34B,da,Danish,Latn,alphabet,1.0,1.0,,direct,0.0
01-ai/Yi-34B,dav,Taita,Latn,alphabet,1.0,1.0,,direct,0.0
01-ai/Yi-34B,de,German,Latn,alphabet,1.0,1.0,,direct,0.0
01-ai/Yi-34B,dje,Zarma,Latn,alphabet,0.925,0.925,,direct,0.0
01-ai/Yi-34B,doi,Dogri,Deva,abugida,0.2343,0.2343,,direct,0.0
01-ai/Yi-34B,dsb,Lower Sorbian,Latn,alphabet,0.9351,0.9351,,direct,0.0
01-ai/Yi-34B,dua,Duala,Latn,alphabet,0.8545,0.8545,,direct,0.0
01-ai/Yi-34B,dv,Divehi,Thaa,abjad,0.2,0.2,,direct,0.0
01-ai/Yi-34B,dyo,Jola-Fonyi,Latn,alphabet,0.975,0.975,,direct,0.0
01-ai/Yi-34B,dz,Dzongkha,Tibt,abugida,0.2,0.2,,direct,0.0
01-ai/Yi-34B,ebu,Embu,Latn,alphabet,0.9429,0.9429,,direct,0.0
01-ai/Yi-34B,ee,Ewe,Latn,alphabet,0.7333,0.7333,,direct,0.0
01-ai/Yi-34B,el,Greek,Grek,alphabet,0.6444,0.6444,,direct,0.0
01-ai/Yi-34B,en,English,Latn,alphabet,1.0,1.0,,direct,0.0
01-ai/Yi-34B,eo,Esperanto,Latn,alphabet,0.8286,0.8286,,direct,0.0
01-ai/Yi-34B,es,Spanish,Latn,alphabet,1.0,1.0,,direct,0.0
01-ai/Yi-34B,et,Estonian,Latn,alphabet,1.0,1.0,,direct,0.0
01-ai/Yi-34B,eu,Basque,Latn,alphabet,1.0,1.0,,direct,0.0
01-ai/Yi-34B,ewo,Ewondo,Latn,alphabet,0.7231,0.7231,,direct,0.0
01-ai/Yi-34B,fa,Persian,Arab,abjad,0.4233,0.4233,,direct,0.0
01-ai/Yi-34B,ff,Fula,Latn,alphabet,0.8815,0.8815,,direct,0.0
01-ai/Yi-34B,fi,Finnish,Latn,alphabet,1.0,1.0,,direct,0.0
01-ai/Yi-34B,fil,Filipino,Latn,alphabet,1.0,1.0,,direct,0.0
01-ai/Yi-34B,fo,Faroese,Latn,alphabet,0.9724,0.9724,,direct,0.0
01-ai/Yi-34B,fr,French,Latn,alphabet,0.9238,0.9238,,direct,0.0
01-ai/Yi-34B,frr,Northern Frisian,Latn,alphabet,0.9714,0.9714,,direct,0.0
01-ai/Yi-34B,fur,Friulian,Latn,alphabet,0.8919,0.8919,,direct,0.0
01-ai/Yi-34B,fy,Western Frisian,Latn,alphabet,0.9619,0.9619,,direct,0.0
01-ai/Yi-34B,ga,Irish,Latn,alphabet,1.0,1.0,,direct,0.0
01-ai/Yi-34B,gaa,Ga,Latn,alphabet,0.9077,0.9077,,direct,0.0
01-ai/Yi-34B,gd,Scottish Gaelic,Latn,alphabet,0.8957,0.8957,,direct,0.0
01-ai/Yi-34B,gez,Geez,Ethi,syllabary,0.2,0.2,,within_script_only,0.0
01-ai/Yi-34B,gl,Galician,Latn,alphabet,1.0,1.0,,direct,0.0
01-ai/Yi-34B,gn,Guarani,Latn,alphabet,0.84,0.84,,direct,0.0
01-ai/Yi-34B,gsw,Swiss German,Latn,alphabet,1.0,1.0,,direct,0.0
01-ai/Yi-34B,gu,Gujarati,Gujr,abugida,0.2,0.2,,direct,0.0
01-ai/Yi-34B,guz,Gusii,Latn,alphabet,1.0,1.0,,direct,0.0
01-ai/Yi-34B,gv,Manx,Latn,alphabet,1.0,1.0,,direct,0.0
01-ai/Yi-34B,ha,Hausa,Latn,alphabet,0.8519,0.8519,,direct,0.0
01-ai/Yi-34B,haw,Hawaiian,Latn,alphabet,0.9556,0.9556,,direct,0.0
01-ai/Yi-34B,he,Hebrew,Hebr,abjad,0.2296,0.2296,,direct,0.0
01-ai/Yi-34B,hi,Hindi,Deva,abugida,0.2358,0.2358,,direct,0.0
01-ai/Yi-34B,hnj,Hmong Njua,Hmnp,alphabet,0.2,0.2,,direct,0.0
01-ai/Yi-34B,hr,Croatian,Latn,alphabet,0.9704,0.9704,,direct,0.0
01-ai/Yi-34B,hsb,Upper Sorbian,Latn,alphabet,0.9556,0.9556,,direct,0.0
01-ai/Yi-34B,ht,Haitian Creole,Latn,alphabet,0.9692,0.9692,,direct,0.0
01-ai/Yi-34B,hu,Hungarian,Latn,alphabet,0.975,0.975,,direct,0.0
01-ai/Yi-34B,hy,Armenian,Armn,alphabet,0.2,0.2,,direct,0.0
01-ai/Yi-34B,ia,Interlingua,Latn,alphabet,1.0,1.0,,direct,0.0
01-ai/Yi-34B,id,Indonesian,Latn,alphabet,1.0,1.0,,direct,0.0
01-ai/Yi-34B,ie,Interlingue,Latn,alphabet,1.0,1.0,,direct,0.0
01-ai/Yi-34B,ig,Igbo,Latn,alphabet,0.8857,0.8857,,direct,0.0
01-ai/Yi-34B,ii,Sichuan Yi,Yiii,syllabary,0.2,0.2,,within_script_only,0.0
01-ai/Yi-34B,io,Ido,Latn,alphabet,1.0,1.0,,direct,0.0
01-ai/Yi-34B,is,Icelandic,Latn,alphabet,0.95,0.95,,direct,0.0
01-ai/Yi-34B,it,Italian,Latn,alphabet,0.925,0.925,,direct,0.0
01-ai/Yi-34B,iu,Inuktitut,Cans,syllabary,0.2,0.2,,within_script_only,0.0
01-ai/Yi-34B,ja,Japanese,Jpan,mixed_logographic,0.7809,0.7809,,within_script_only,0.0
01-ai/Yi-34B,jbo,Lojban,Latn,alphabet,1.0,1.0,,direct,0.0
01-ai/Yi-34B,jgo,Ngomba,Latn,alphabet,0.6444,0.6444,,direct,0.0
01-ai/Yi-34B,jmc,Machame,Latn,alphabet,1.0,1.0,,direct,0.0
01-ai/Yi-34B,jv,Javanese,Latn,alphabet,0.9172,0.9172,,direct,0.0
01-ai/Yi-34B,ka,Georgian,Geor,alphabet,0.2,0.2,,direct,0.0
01-ai/Yi-34B,kaa,Kara-Kalpak,Cyrl,alphabet,0.8244,0.8244,,direct,0.0
01-ai/Yi-34B,kab,Kabyle,Latn,alphabet,0.7882,0.7882,,direct,0.0
01-ai/Yi-34B,kaj,Jju,Latn,alphabet,1.0,1.0,,direct,0.0
01-ai/Yi-34B,kam,Kamba,Latn,alphabet,0.9407,0.9407,,direct,0.0
01-ai/Yi-34B,kcg,Tyap,Latn,alphabet,0.968,0.968,,direct,0.0
01-ai/Yi-34B,kde,Makonde,Latn,alphabet,1.0,1.0,,direct,0.0
01-ai/Yi-34B,kea,Kabuverdianu,Latn,alphabet,1.0,1.0,,direct,0.0
01-ai/Yi-34B,ken,Kenyang,Latn,alphabet,0.7463,0.7463,,direct,0.0
01-ai/Yi-34B,kgp,Kaingang,Latn,alphabet,0.8769,0.8769,,direct,0.0
01-ai/Yi-34B,khq,Koyra Chiini,Latn,alphabet,0.925,0.925,,direct,0.0
01-ai/Yi-34B,ki,Kikuyu,Latn,alphabet,0.92,0.92,,direct,0.0
01-ai/Yi-34B,kk,Kazakh,Cyrl,alphabet,0.8286,0.8286,,direct,0.0
01-ai/Yi-34B,kkj,Kako,Latn,alphabet,0.7617,0.7617,,direct,0.0
01-ai/Yi-34B,kl,Kalaallisut,Latn,alphabet,1.0,1.0,,direct,0.0
01-ai/Yi-34B,kln,Kalenjin,Latn,alphabet,1.0,1.0,,direct,0.0
01-ai/Yi-34B,km,Khmer,Khmr,abugida,0.2,0.2,,direct,0.0
01-ai/Yi-34B,kn,Kannada,Knda,abugida,0.2,0.2,,direct,0.0
01-ai/Yi-34B,ko,Korean,Kore,featural_syllabary,0.2018,0.2018,0.2,within_script_only,0.0
01-ai/Yi-34B,kok,Konkani,Deva,abugida,0.2312,0.2312,,direct,0.0
01-ai/Yi-34B,kpe,Kpelle,Latn,alphabet,0.8069,0.8069,,direct,0.0
01-ai/Yi-34B,ks,Kashmiri,Arab,abjad,0.3913,0.3913,,direct,0.0
01-ai/Yi-34B,ksb,Shambala,Latn,alphabet,1.0,1.0,,direct,0.0
01-ai/Yi-34B,ksf,Bafia,Latn,alphabet,0.8824,0.8824,,direct,0.0
01-ai/Yi-34B,ksh,Colognian,Latn,alphabet,0.9556,0.9556,,direct,0.0
01-ai/Yi-34B,ku,Kurdish,Latn,alphabet,0.9484,0.9484,,direct,0.0
01-ai/Yi-34B,kw,Cornish,Latn,alphabet,1.0,1.0,,direct,0.0
01-ai/Yi-34B,kxv,Kuvi,Latn,alphabet,0.8545,0.8545,,direct,0.0
01-ai/Yi-34B,ky,Kyrgyz,Cyrl,alphabet,0.8968,0.8968,,direct,0.0
01-ai/Yi-34B,la,Latin,Latn,alphabet,1.0,1.0,,direct,0.0
01-ai/Yi-34B,lag,Langi,Latn,alphabet,0.9515,0.9515,,direct,0.0
01-ai/Yi-34B,lb,Luxembourgish,Latn,alphabet,1.0,1.0,,direct,0.0
01-ai/Yi-34B,lg,Ganda,Latn,alphabet,0.9667,0.9667,,direct,0.0
01-ai/Yi-34B,lij,Ligurian,Latn,alphabet,0.913,0.913,,direct,0.0
01-ai/Yi-34B,lkt,Lakota,Latn,alphabet,0.8933,0.8933,,direct,0.0
01-ai/Yi-34B,lld,lld,Latn,alphabet,0.9805,0.9805,,direct,0.0
01-ai/Yi-34B,lmo,Lombard,Latn,alphabet,1.0,1.0,,direct,0.0
01-ai/Yi-34B,ln,Lingala,Latn,alphabet,0.8244,0.8244,,direct,0.0
01-ai/Yi-34B,lo,Lao,Laoo,abugida,0.2,0.2,,direct,0.0
01-ai/Yi-34B,lrc,Northern Luri,Arab,abjad,0.4047,0.4047,,direct,0.0
01-ai/Yi-34B,lt,Lithuanian,Latn,alphabet,0.925,0.925,,direct,0.0
01-ai/Yi-34B,ltg,Latgalian,Latn,alphabet,0.9086,0.9086,,direct,0.0
01-ai/Yi-34B,lu,Luba-Katanga,Latn,alphabet,0.8526,0.8526,,direct,0.0
01-ai/Yi-34B,luo,Luo,Latn,alphabet,1.0,1.0,,direct,0.0
01-ai/Yi-34B,luy,Luyia,Latn,alphabet,1.0,1.0,,direct,0.0
01-ai/Yi-34B,lv,Latvian,Latn,alphabet,0.903,0.903,,direct,0.0
01-ai/Yi-34B,mai,Maithili,Deva,abugida,0.2533,0.2533,,direct,0.0
01-ai/Yi-34B,mas,Masai,Latn,alphabet,0.8128,0.8128,,direct,0.0
01-ai/Yi-34B,mdf,Moksha,Cyrl,alphabet,0.9758,0.9758,,direct,0.0
01-ai/Yi-34B,mer,Meru,Latn,alphabet,0.9429,0.9429,,direct,0.0
01-ai/Yi-34B,mfe,Morisyen,Latn,alphabet,1.0,1.0,,direct,0.0
01-ai/Yi-34B,mg,Malagasy,Latn,alphabet,0.95,0.95,,direct,0.0
01-ai/Yi-34B,mgh,Makhuwa-Meetto,Latn,alphabet,1.0,1.0,,direct,0.0
01-ai/Yi-34B,mgo,Metaʼ,Latn,alphabet,0.825,0.825,,direct,0.0
01-ai/Yi-34B,mhn,mhn,Latn,alphabet,0.9351,0.9351,,direct,0.0
01-ai/Yi-34B,mi,Māori,Latn,alphabet,1.0,1.0,,direct,0.0
01-ai/Yi-34B,mic,Mi'kmaw,Latn,alphabet,0.9273,0.9273,,direct,0.0
01-ai/Yi-34B,mk,Macedonian,Cyrl,alphabet,0.8194,0.8194,,direct,0.0
01-ai/Yi-34B,ml,Malayalam,Mlym,abugida,0.2,0.2,,direct,0.0
01-ai/Yi-34B,mn,Mongolian,Cyrl,alphabet,0.9314,0.9314,,direct,0.0
01-ai/Yi-34B,mni,Manipuri,Beng,abugida,0.2,0.2,,direct,0.0
01-ai/Yi-34B,moh,Mohawk,Latn,alphabet,0.8957,0.8957,,direct,0.0
01-ai/Yi-34B,mr,Marathi,Deva,abugida,0.2375,0.2375,,direct,0.0
01-ai/Yi-34B,ms,Malay,Latn,alphabet,1.0,1.0,,direct,0.0
01-ai/Yi-34B,mt,Maltese,Latn,alphabet,0.8545,0.8545,,direct,0.0
01-ai/Yi-34B,mua,Mundang,Latn,alphabet,0.8545,0.8545,,direct,0.0
01-ai/Yi-34B,mus,Muscogee,Latn,alphabet,0.9619,0.9619,,direct,0.0
01-ai/Yi-34B,my,Burmese,Mymr,abugida,0.2,0.2,,direct,0.0
01-ai/Yi-34B,myv,Erzya,Cyrl,alphabet,0.9758,0.9758,,direct,0.0
01-ai/Yi-34B,mzn,Mazanderani,Arab,abjad,0.4233,0.4233,,direct,0.0
01-ai/Yi-34B,naq,Nama,Latn,alphabet,0.8452,0.8452,,direct,0.0
01-ai/Yi-34B,nd,North Ndebele,Latn,alphabet,1.0,1.0,,direct,0.0
01-ai/Yi-34B,nds,Low German,Latn,alphabet,1.0,1.0,,direct,0.0
01-ai/Yi-34B,ne,Nepali,Deva,abugida,0.2358,0.2358,,direct,0.0
01-ai/Yi-34B,nl,Dutch,Latn,alphabet,0.9784,0.9784,,direct,0.0
01-ai/Yi-34B,nmg,Kwasio,Latn,alphabet,0.7614,0.7614,,direct,0.0
01-ai/Yi-34B,nnh,Ngiemboon,Latn,alphabet,0.7037,0.7037,,direct,0.0
01-ai/Yi-34B,no,Norwegian,Latn,alphabet,0.9765,0.9765,,direct,0.0
01-ai/Yi-34B,nqo,N’Ko,Nkoo,alphabet,0.2,0.2,,direct,0.0
01-ai/Yi-34B,nr,South Ndebele,Latn,alphabet,1.0,1.0,,direct,0.0
01-ai/Yi-34B,nso,Northern Sotho,Latn,alphabet,1.0,1.0,,direct,0.0
01-ai/Yi-34B,nus,Nuer,Latn,alphabet,0.8667,0.8667,,direct,0.0
01-ai/Yi-34B,nv,Navajo,Latn,alphabet,0.9226,0.9226,,direct,0.0
01-ai/Yi-34B,ny,Nyanja,Latn,alphabet,0.9667,0.9667,,direct,0.0
01-ai/Yi-34B,nyn,Nyankole,Latn,alphabet,1.0,1.0,,direct,0.0
01-ai/Yi-34B,oc,Occitan,Latn,alphabet,0.9784,0.9784,,direct,0.0
01-ai/Yi-34B,om,Oromo,Latn,alphabet,1.0,1.0,,direct,0.0
01-ai/Yi-34B,or,Odia,Orya,abugida,0.2,0.2,,direct,0.0
01-ai/Yi-34B,os,Ossetic,Cyrl,alphabet,0.9529,0.9529,,direct,0.0
01-ai/Yi-34B,osa,Osage,Osge,alphabet,0.2,0.2,,direct,0.0
01-ai/Yi-34B,pa,Punjabi,Guru,abugida,0.2,0.2,,direct,0.0
01-ai/Yi-34B,pap,Papiamento,Latn,alphabet,0.9484,0.9484,,direct,0.0
01-ai/Yi-34B,pcm,Nigerian Pidgin,Latn,alphabet,0.925,0.925,,direct,0.0
01-ai/Yi-34B,pis,Pijin,Latn,alphabet,1.0,1.0,,direct,0.0
01-ai/Yi-34B,pl,Polish,Latn,alphabet,0.95,0.95,,direct,0.0
01-ai/Yi-34B,prg,Prussian,Latn,alphabet,0.8769,0.8769,,direct,0.0
01-ai/Yi-34B,ps,Pashto,Arab,abjad,0.3733,0.3733,,direct,0.0
01-ai/Yi-34B,pt,Portuguese,Latn,alphabet,0.9795,0.9795,,direct,0.0
01-ai/Yi-34B,qu,Quechua,Latn,alphabet,0.9529,0.9529,,direct,0.0
01-ai/Yi-34B,quc,Kʼicheʼ,Latn,alphabet,0.968,0.968,,direct,0.0
01-ai/Yi-34B,raj,Rajasthani,Deva,abugida,0.249,0.249,,direct,0.0
01-ai/Yi-34B,rhg,Rohingya,Rohg,abjad,0.2,0.2,,direct,0.0
01-ai/Yi-34B,rif,Riffian,Latn,alphabet,0.8194,0.8194,,direct,0.0
01-ai/Yi-34B,rm,Romansh,Latn,alphabet,0.925,0.925,,direct,0.0
01-ai/Yi-34B,rn,Rundi,Latn,alphabet,1.0,1.0,,direct,0.0
01-ai/Yi-34B,ro,Romanian,Latn,alphabet,0.8968,0.8968,,direct,0.0
01-ai/Yi-34B,rof,Rombo,Latn,alphabet,1.0,1.0,,direct,0.0
01-ai/Yi-34B,ru,Russian,Cyrl,alphabet,0.9758,0.9758,,direct,0.0
01-ai/Yi-34B,rw,Kinyarwanda,Latn,alphabet,1.0,1.0,,direct,0.0
01-ai/Yi-34B,rwk,Rwa,Latn,alphabet,1.0,1.0,,direct,0.0
01-ai/Yi-34B,sa,Sanskrit,Deva,abugida,0.2343,0.2343,,direct,0.0
01-ai/Yi-34B,sah,Yakut,Cyrl,alphabet,0.8462,0.8462,,direct,0.0
01-ai/Yi-34B,saq,Samburu,Latn,alphabet,1.0,1.0,,direct,0.0
01-ai/Yi-34B,sat,Santali,Olck,alphabet,0.2,0.2,,direct,0.0
01-ai/Yi-34B,sbp,Sangu,Latn,alphabet,1.0,1.0,,direct,0.0
01-ai/Yi-34B,sc,Sardinian,Latn,alphabet,0.9077,0.9077,,direct,0.0
01-ai/Yi-34B,scn,Sicilian,Latn,alphabet,0.8545,0.8545,,direct,0.0
01-ai/Yi-34B,sd,Sindhi,Arab,abjad,0.3846,0.3846,,direct,0.0
01-ai/Yi-34B,sdh,Southern Kurdish,Arab,abjad,0.4588,0.4588,,direct,0.0
01-ai/Yi-34B,se,Northern Sami,Latn,alphabet,0.9172,0.9172,,direct,0.0
01-ai/Yi-34B,seh,Sena,Latn,alphabet,0.9795,0.9795,,direct,0.0
01-ai/Yi-34B,ses,Koyraboro Senni,Latn,alphabet,0.925,0.925,,direct,0.0
01-ai/Yi-34B,sg,Sango,Latn,alphabet,0.9294,0.9294,,direct,0.0
01-ai/Yi-34B,shi,Tachelhit,Tfng,alphabet,0.2,0.2,,direct,0.0
01-ai/Yi-34B,shn,Shan,Mymr,abugida,0.2174,0.2174,,direct,0.0
01-ai/Yi-34B,si,Sinhala,Sinh,abugida,0.2,0.2,,direct,0.0
01-ai/Yi-34B,sid,Sidamo,Latn,alphabet,1.0,1.0,,direct,0.0
01-ai/Yi-34B,sk,Slovak,Latn,alphabet,0.8884,0.8884,,direct,0.0
01-ai/Yi-34B,skr,skr,Arab,abjad,0.3796,0.3796,,direct,0.0
01-ai/Yi-34B,sl,Slovenian,Latn,alphabet,1.0,1.0,,direct,0.0
01-ai/Yi-34B,sma,Southern Sami,Latn,alphabet,1.0,1.0,,direct,0.0
01-ai/Yi-34B,smj,Lule Sami,Latn,alphabet,0.9667,0.9667,,direct,0.0
01-ai/Yi-34B,smn,Inari Sami,Latn,alphabet,0.9484,0.9484,,direct,0.0
01-ai/Yi-34B,sms,Skolt Sami,Latn,alphabet,0.8444,0.8444,,direct,0.0
01-ai/Yi-34B,sn,Shona,Latn,alphabet,1.0,1.0,,direct,0.0
01-ai/Yi-34B,so,Somali,Latn,alphabet,1.0,1.0,,direct,0.0
01-ai/Yi-34B,sq,Albanian,Latn,alphabet,1.0,1.0,,direct,0.0
01-ai/Yi-34B,sr,Serbian,Cyrl,alphabet,0.84,0.84,,direct,0.0
01-ai/Yi-34B,ss,Swati,Latn,alphabet,1.0,1.0,,direct,0.0
01-ai/Yi-34B,ssy,Saho,Latn,alphabet,1.0,1.0,,direct,0.0
01-ai/Yi-34B,st,Southern Sotho,Latn,alphabet,1.0,1.0,,direct,0.0
01-ai/Yi-34B,su,Sundanese,Latn,alphabet,1.0,1.0,,direct,0.0
01-ai/Yi-34B,sv,Swedish,Latn,alphabet,1.0,1.0,,direct,0.0
01-ai/Yi-34B,sw,Swahili,Latn,alphabet,1.0,1.0,,direct,0.0
01-ai/Yi-34B,syr,Syriac,Syrc,abjad,0.2,0.2,,direct,0.0
01-ai/Yi-34B,szl,Silesian,Latn,alphabet,0.9294,0.9294,,direct,0.0
01-ai/Yi-34B,ta,Tamil,Taml,abugida,0.2,0.2,,direct,0.0
01-ai/Yi-34B,te,Telugu,Telu,abugida,0.2,0.2,,direct,0.0
01-ai/Yi-34B,teo,Teso,Latn,alphabet,1.0,1.0,,direct,0.0
01-ai/Yi-34B,tg,Tajik,Cyrl,alphabet,0.84,0.84,,direct,0.0
01-ai/Yi-34B,th,Thai,Thai,abugida,0.2329,0.2329,,direct,0.0
01-ai/Yi-34B,ti,Tigrinya,Ethi,syllabary,0.2,0.2,,within_script_only,0.0
01-ai/Yi-34B,tig,Tigre,Ethi,syllabary,0.2,0.2,,within_script_only,0.0
01-ai/Yi-34B,tk,Turkmen,Latn,alphabet,0.9733,0.9733,,direct,0.0
01-ai/Yi-34B,tn,Tswana,Latn,alphabet,1.0,1.0,,direct,0.0
01-ai/Yi-34B,to,Tongan,Latn,alphabet,0.9704,0.9704,,direct,0.0
01-ai/Yi-34B,tok,Toki Pona,Latn,alphabet,1.0,1.0,,direct,0.0
01-ai/Yi-34B,tpi,Tok Pisin,Latn,alphabet,1.0,1.0,,direct,0.0
01-ai/Yi-34B,tr,Turkish,Latn,alphabet,0.9733,0.9733,,direct,0.0
01-ai/Yi-34B,trv,Taroko,Latn,alphabet,1.0,1.0,,direct,0.0
01-ai/Yi-34B,trw,Torwali,Arab,abjad,0.3833,0.3833,,direct,0.0
01-ai/Yi-34B,ts,Tsonga,Latn,alphabet,1.0,1.0,,direct,0.0
01-ai/Yi-34B,tt,Tatar,Cyrl,alphabet,0.8564,0.8564,,direct,0.0
01-ai/Yi-34B,twq,Tasawaq,Latn,alphabet,0.925,0.925,,direct,0.0
01-ai/Yi-34B,tyv,Tuvinian,Cyrl,alphabet,0.9111,0.9111,,direct,0.0
01-ai/Yi-34B,tzm,Central Atlas Tamazight,Latn,alphabet,0.7935,0.7935,,direct,0.0
01-ai/Yi-34B,ug,Uyghur,Arab,abjad,0.4824,0.4824,,direct,0.0
01-ai/Yi-34B,uk,Ukrainian,Cyrl,alphabet,0.9059,0.9059,,direct,0.0
01-ai/Yi-34B,ur,Urdu,Arab,abjad,0.4316,0.4316,,direct,0.0
01-ai/Yi-34B,uz,Uzbek,Latn,alphabet,0.9407,0.9407,,direct,0.0
01-ai/Yi-34B,vai,Vai,Vaii,syllabary,0.2,0.2,,within_script_only,0.0
01-ai/Yi-34B,ve,Venda,Latn,alphabet,0.8571,0.8571,,direct,0.0
01-ai/Yi-34B,vec,Venetian,Latn,alphabet,0.9172,0.9172,,direct,0.0
01-ai/Yi-34B,vi,Vietnamese,Latn,alphabet,0.5146,0.5146,,direct,0.0
01-ai/Yi-34B,vmw,Makhuwa,Latn,alphabet,1.0,1.0,,direct,0.0
01-ai/Yi-34B,vo,Volapük,Latn,alphabet,1.0,1.0,,direct,0.0
01-ai/Yi-34B,vun,Vunjo,Latn,alphabet,1.0,1.0,,direct,0.0
01-ai/Yi-34B,wa,Walloon,Latn,alphabet,0.9256,0.9256,,direct,0.0
01-ai/Yi-34B,wae,Walser,Latn,alphabet,0.9795,0.9795,,direct,0.0
01-ai/Yi-34B,wal,Wolaytta,Ethi,syllabary,0.2,0.2,,within_script_only,0.0
01-ai/Yi-34B,wbp,Warlpiri,Latn,alphabet,1.0,1.0,,direct,0.0
01-ai/Yi-34B,wo,Wolof,Latn,alphabet,0.9724,0.9724,,direct,0.0
01-ai/Yi-34B,xh,Xhosa,Latn,alphabet,1.0,1.0,,direct,0.0
01-ai/Yi-34B,xnr,Kangri,Deva,abugida,0.2485,0.2485,,direct,0.0
01-ai/Yi-34B,xog,Soga,Latn,alphabet,1.0,1.0,,direct,0.0
01-ai/Yi-34B,yav,Yangben,Latn,alphabet,0.7787,0.7787,,direct,0.0
01-ai/Yi-34B,yi,Yiddish,Hebr,abjad,0.2235,0.2235,,direct,0.0
01-ai/Yi-34B,yo,Yoruba,Latn,alphabet,0.76,0.76,,direct,0.0
01-ai/Yi-34B,yrl,Nheengatu,Latn,alphabet,0.8857,0.8857,,direct,0.0
01-ai/Yi-34B,yue,Cantonese,Hant,logographic,0.85,0.85,,within_script_only,0.0
01-ai/Yi-34B,za,Zhuang,Latn,alphabet,1.0,1.0,,direct,0.0
01-ai/Yi-34B,zgh,Standard Moroccan Tamazight,Tfng,alphabet,0.2,0.2,,direct,0.0
01-ai/Yi-34B,zh,Chinese,Hans,logographic,0.9826,0.9826,,within_script_only,0.0
01-ai/Yi-34B,zu,Zulu,Latn,alphabet,1.0,1.0,,direct,0.0
FacebookAI/xlm-roberta-base,aa,Afar,Latn,alphabet,1.0,1.0,,direct,0.0
FacebookAI/xlm-roberta-base,ab,Abkhazian,Cyrl,alphabet,0.775,0.775,,direct,0.0
FacebookAI/xlm-roberta-base,af,Afrikaans,Latn,alphabet,1.0,1.0,,direct,0.0
FacebookAI/xlm-roberta-base,agq,Aghem,Latn,alphabet,1.0,1.0,,direct,0.0
FacebookAI/xlm-roberta-base,ak,Akan,Latn,alphabet,1.0,1.0,,direct,0.0
FacebookAI/xlm-roberta-base,am,Amharic,Ethi,syllabary,0.9787,0.9787,,within_script_only,0.0
FacebookAI/xlm-roberta-base,an,Aragonese,Latn,alphabet,1.0,1.0,,direct,0.0
FacebookAI/xlm-roberta-base,ann,Obolo,Latn,alphabet,0.9744,0.9744,,direct,0.0
FacebookAI/xlm-roberta-base,apc,apc,Arab,abjad,1.0,1.0,,direct,0.0
FacebookAI/xlm-roberta-base,ar,Arabic,Arab,abjad,1.0,1.0,,direct,0.0
FacebookAI/xlm-roberta-base,arn,Mapuche,Latn,alphabet,1.0,1.0,,direct,0.0
FacebookAI/xlm-roberta-base,as,Assamese,Beng,abugida,1.0,1.0,,direct,0.0
FacebookAI/xlm-roberta-base,asa,Asu,Latn,alphabet,1.0,1.0,,direct,0.0
FacebookAI/xlm-roberta-base,ast,Asturian,Latn,alphabet,1.0,1.0,,direct,0.0
FacebookAI/xlm-roberta-base,az,Azerbaijani,Latn,alphabet,1.0,1.0,,direct,0.0
FacebookAI/xlm-roberta-base,ba,Bashkir,Cyrl,alphabet,1.0,1.0,,direct,0.0
FacebookAI/xlm-roberta-base,bal,Baluchi,Arab,abjad,1.0,1.0,,direct,0.0
FacebookAI/xlm-roberta-base,bas,Basaa,Latn,alphabet,0.9677,0.9677,,direct,0.0
FacebookAI/xlm-roberta-base,be,Belarusian,Cyrl,alphabet,1.0,1.0,,direct,0.0
FacebookAI/xlm-roberta-base,bem,Bemba,Latn,alphabet,1.0,1.0,,direct,0.0
FacebookAI/xlm-roberta-base,bew,Betawi,Latn,alphabet,1.0,1.0,,direct,0.0
FacebookAI/xlm-roberta-base,bez,Bena,Latn,alphabet,1.0,1.0,,direct,0.0
FacebookAI/xlm-roberta-base,bg,Bulgarian,Cyrl,alphabet,1.0,1.0,,direct,0.0
FacebookAI/xlm-roberta-base,bgc,Haryanvi,Deva,abugida,1.0,1.0,,direct,0.0
FacebookAI/xlm-roberta-base,bgn,Western Balochi,Arab,abjad,1.0,1.0,,direct,0.0
FacebookAI/xlm-roberta-base,bho,Bhojpuri,Deva,abugida,1.0,1.0,,direct,0.0
FacebookAI/xlm-roberta-base,blo,Anii,Latn,alphabet,0.9592,0.9592,,direct,0.0
FacebookAI/xlm-roberta-base,blt,Tai Dam,Tavt,abugida,0.0,0.0,,direct,0.0
FacebookAI/xlm-roberta-base,bm,Bambara,Latn,alphabet,1.0,1.0,,direct,0.0
FacebookAI/xlm-roberta-base,bn,Bangla,Beng,abugida,0.8824,0.8824,,direct,0.0
FacebookAI/xlm-roberta-base,bo,Tibetan,Tibt,abugida,0.023,0.023,,direct,0.0
FacebookAI/xlm-roberta-base,br,Breton,Latn,alphabet,1.0,1.0,,direct,0.0
FacebookAI/xlm-roberta-base,brx,Bodo,Deva,abugida,1.0,1.0,,direct,0.0
FacebookAI/xlm-roberta-base,bs,Bosnian,Latn,alphabet,1.0,1.0,,direct,0.0
FacebookAI/xlm-roberta-base,bss,Akoose,Latn,alphabet,0.9808,0.9808,,direct,0.0
FacebookAI/xlm-roberta-base,byn,Blin,Ethi,syllabary,0.9308,0.9308,,within_script_only,0.0
FacebookAI/xlm-roberta-base,ca,Catalan,Latn,alphabet,1.0,1.0,,direct,0.0
FacebookAI/xlm-roberta-base,cad,Caddo,Latn,alphabet,0.9667,0.9667,,direct,0.0
FacebookAI/xlm-roberta-base,cch,Atsam,Latn,alphabet,0.9643,0.9643,,direct,0.0
FacebookAI/xlm-roberta-base,ccp,Chakma,Cakm,abugida,0.0,0.0,,direct,0.0
FacebookAI/xlm-roberta-base,ce,Chechen,Cyrl,alphabet,0.9706,0.9706,,direct,0.0
FacebookAI/xlm-roberta-base,ceb,Cebuano,Latn,alphabet,1.0,1.0,,direct,0.0
FacebookAI/xlm-roberta-base,cgg,Chiga,Latn,alphabet,1.0,1.0,,direct,0.0
FacebookAI/xlm-roberta-base,cho,Choctaw,Latn,alphabet,1.0,1.0,,direct,0.0
FacebookAI/xlm-roberta-base,chr,Cherokee,Cher,syllabary,0.0,0.0,,within_script_only,0.0
FacebookAI/xlm-roberta-base,cic,Chickasaw,Latn,alphabet,1.0,1.0,,direct,0.0
FacebookAI/xlm-roberta-base,ckb,Central Kurdish,Arab,abjad,1.0,1.0,,direct,0.0
FacebookAI/xlm-roberta-base,co,Corsican,Latn,alphabet,1.0,1.0,,direct,0.0
FacebookAI/xlm-roberta-base,cop,Coptic,Copt,alphabet,0.0,0.0,,direct,0.0
FacebookAI/xlm-roberta-base,cs,Czech,Latn,alphabet,1.0,1.0,,direct,0.0
FacebookAI/xlm-roberta-base,csw,Swampy Cree,Cans,syllabary,0.0,0.0,,within_script_only,0.0
FacebookAI/xlm-roberta-base,cu,Church Slavic,Cyrl,alphabet,0.5417,0.5417,,direct,0.0
FacebookAI/xlm-roberta-base,cv,Chuvash,Cyrl,alphabet,0.9459,0.9459,,direct,0.0
FacebookAI/xlm-roberta-base,cy,Welsh,Latn,alphabet,0.9388,0.9388,,direct,0.0
FacebookAI/xlm-roberta-base,da,Danish,Latn,alphabet,1.0,1.0,,direct,0.0
FacebookAI/xlm-roberta-base,dav,Taita,Latn,alphabet,1.0,1.0,,direct,0.0
FacebookAI/xlm-roberta-base,de,German,Latn,alphabet,1.0,1.0,,direct,0.0
FacebookAI/xlm-roberta-base,dje,Zarma,Latn,alphabet,1.0,1.0,,direct,0.0
FacebookAI/xlm-roberta-base,doi,Dogri,Deva,abugida,0.9714,0.9714,,direct,0.0
FacebookAI/xlm-roberta-base,dsb,Lower Sorbian,Latn,alphabet,1.0,1.0,,direct,0.0
FacebookAI/xlm-roberta-base,dua,Duala,Latn,alphabet,1.0,1.0,,direct,0.0
FacebookAI/xlm-roberta-base,dv,Divehi,Thaa,abjad,0.0,0.0,,direct,0.0
FacebookAI/xlm-roberta-base,dyo,Jola-Fonyi,Latn,alphabet,1.0,1.0,,direct,0.0
FacebookAI/xlm-roberta-base,dz,Dzongkha,Tibt,abugida,0.0345,0.0345,,direct,0.0
FacebookAI/xlm-roberta-base,ebu,Embu,Latn,alphabet,1.0,1.0,,direct,0.0
FacebookAI/xlm-roberta-base,ee,Ewe,Latn,alphabet,1.0,1.0,,direct,0.0
FacebookAI/xlm-roberta-base,el,Greek,Grek,alphabet,1.0,1.0,,direct,0.0
FacebookAI/xlm-roberta-base,en,English,Latn,alphabet,1.0,1.0,,direct,0.0
FacebookAI/xlm-roberta-base,eo,Esperanto,Latn,alphabet,1.0,1.0,,direct,0.0
FacebookAI/xlm-roberta-base,es,Spanish,Latn,alphabet,1.0,1.0,,direct,0.0
FacebookAI/xlm-roberta-base,et,Estonian,Latn,alphabet,1.0,1.0,,direct,0.0
FacebookAI/xlm-roberta-base,eu,Basque,Latn,alphabet,1.0,1.0,,direct,0.0
FacebookAI/xlm-roberta-base,ewo,Ewondo,Latn,alphabet,0.9808,0.9808,,direct,0.0
FacebookAI/xlm-roberta-base,fa,Persian,Arab,abjad,1.0,1.0,,direct,0.0
FacebookAI/xlm-roberta-base,ff,Fula,Latn,alphabet,1.0,1.0,,direct,0.0
FacebookAI/xlm-roberta-base,fi,Finnish,Latn,alphabet,1.0,1.0,,direct,0.0
FacebookAI/xlm-roberta-base,fil,Filipino,Latn,alphabet,1.0,1.0,,direct,0.0
FacebookAI/xlm-roberta-base,fo,Faroese,Latn,alphabet,1.0,1.0,,direct,0.0
FacebookAI/xlm-roberta-base,fr,French,Latn,alphabet,1.0,1.0,,direct,0.0
FacebookAI/xlm-roberta-base,frr,Northern Frisian,Latn,alphabet,1.0,1.0,,direct,0.0
FacebookAI/xlm-roberta-base,fur,Friulian,Latn,alphabet,1.0,1.0,,direct,0.0
FacebookAI/xlm-roberta-base,fy,Western Frisian,Latn,alphabet,1.0,1.0,,direct,0.0
FacebookAI/xlm-roberta-base,ga,Irish,Latn,alphabet,1.0,1.0,,direct,0.0
FacebookAI/xlm-roberta-base,gaa,Ga,Latn,alphabet,1.0,1.0,,direct,0.0
FacebookAI/xlm-roberta-base,gd,Scottish Gaelic,Latn,alphabet,1.0,1.0,,direct,0.0
FacebookAI/xlm-roberta-base,gez,Geez,Ethi,syllabary,0.9437,0.9437,,within_script_only,0.0
FacebookAI/xlm-roberta-base,gl,Galician,Latn,alphabet,1.0,1.0,,direct,0.0
FacebookAI/xlm-roberta-base,gn,Guarani,Latn,alphabet,1.0,1.0,,direct,0.0
FacebookAI/xlm-roberta-base,gsw,Swiss German,Latn,alphabet,1.0,1.0,,direct,0.0
FacebookAI/xlm-roberta-base,gu,Gujarati,Gujr,abugida,0.9853,0.9853,,direct,0.0
FacebookAI/xlm-roberta-base,guz,Gusii,Latn,alphabet,1.0,1.0,,direct,0.0
FacebookAI/xlm-roberta-base,gv,Manx,Latn,alphabet,1.0,1.0,,direct,0.0
FacebookAI/xlm-roberta-base,ha,Hausa,Latn,alphabet,1.0,1.0,,direct,0.0
FacebookAI/xlm-roberta-base,haw,Hawaiian,Latn,alphabet,1.0,1.0,,direct,0.0
FacebookAI/xlm-roberta-base,he,Hebrew,Hebr,abjad,1.0,1.0,,direct,0.0
FacebookAI/xlm-roberta-base,hi,Hindi,Deva,abugida,1.0,1.0,,direct,0.0
FacebookAI/xlm-roberta-base,hnj,Hmong Njua,Hmnp,alphabet,0.0,0.0,,direct,0.0
FacebookAI/xlm-roberta-base,hr,Croatian,Latn,alphabet,1.0,1.0,,direct,0.0
FacebookAI/xlm-roberta-base,hsb,Upper Sorbian,Latn,alphabet,1.0,1.0,,direct,0.0
FacebookAI/xlm-roberta-base,ht,Haitian Creole,Latn,alphabet,1.0,1.0,,direct,0.0
FacebookAI/xlm-roberta-base,hu,Hungarian,Latn,alphabet,1.0,1.0,,direct,0.0
FacebookAI/xlm-roberta-base,hy,Armenian,Armn,alphabet,1.0,1.0,,direct,0.0
FacebookAI/xlm-roberta-base,ia,Interlingua,Latn,alphabet,1.0,1.0,,direct,0.0
FacebookAI/xlm-roberta-base,id,Indonesian,Latn,alphabet,1.0,1.0,,direct,0.0
FacebookAI/xlm-roberta-base,ie,Interlingue,Latn,alphabet,1.0,1.0,,direct,0.0
FacebookAI/xlm-roberta-base,ig,Igbo,Latn,alphabet,1.0,1.0,,direct,0.0
FacebookAI/xlm-roberta-base,ii,Sichuan Yi,Yiii,syllabary,0.0,0.0,,within_script_only,0.0
FacebookAI/xlm-roberta-base,io,Ido,Latn,alphabet,1.0,1.0,,direct,0.0
FacebookAI/xlm-roberta-base,is,Icelandic,Latn,alphabet,1.0,1.0,,direct,0.0
FacebookAI/xlm-roberta-base,it,Italian,Latn,alphabet,1.0,1.0,,direct,0.0
FacebookAI/xlm-roberta-base,iu,Inuktitut,Cans,syllabary,0.0,0.0,,within_script_only,0.0
FacebookAI/xlm-roberta-base,ja,Japanese,Jpan,mixed_logographic,0.9987,0.9987,,within_script_only,0.0
FacebookAI/xlm-roberta-base,jbo,Lojban,Latn,alphabet,1.0,1.0,,direct,0.0
FacebookAI/xlm-roberta-base,jgo,Ngomba,Latn,alphabet,0.9333,0.9333,,direct,0.0
FacebookAI/xlm-roberta-base,jmc,Machame,Latn,alphabet,1.0,1.0,,direct,0.0
FacebookAI/xlm-roberta-base,jv,Javanese,Latn,alphabet,1.0,1.0,,direct,0.0
FacebookAI/xlm-roberta-base,ka,Georgian,Geor,alphabet,1.0,1.0,,direct,0.0
FacebookAI/xlm-roberta-base,kaa,Kara-Kalpak,Cyrl,alphabet,1.0,1.0,,direct,0.0
FacebookAI/xlm-roberta-base,kab,Kabyle,Latn,alphabet,0.9706,0.9706,,direct,0.0
FacebookAI/xlm-roberta-base,kaj,Jju,Latn,alphabet,1.0,1.0,,direct,0.0
FacebookAI/xlm-roberta-base,kam,Kamba,Latn,alphabet,1.0,1.0,,direct,0.0
FacebookAI/xlm-roberta-base,kcg,Tyap,Latn,alphabet,1.0,1.0,,direct,0.0
FacebookAI/xlm-roberta-base,kde,Makonde,Latn,alphabet,1.0,1.0,,direct,0.0
FacebookAI/xlm-roberta-base,kea,Kabuverdianu,Latn,alphabet,1.0,1.0,,direct,0.0
FacebookAI/xlm-roberta-base,ken,Kenyang,Latn,alphabet,1.0,1.0,,direct,0.0
FacebookAI/xlm-roberta-base,kgp,Kaingang,Latn,alphabet,1.0,1.0,,direct,0.0
FacebookAI/xlm-roberta-base,khq,Koyra Chiini,Latn,alphabet,1.0,1.0,,direct,0.0
FacebookAI/xlm-roberta-base,ki,Kikuyu,Latn,alphabet,1.0,1.0,,direct,0.0
FacebookAI/xlm-roberta-base,kk,Kazakh,Cyrl,alphabet,1.0,1.0,,direct,0.0
FacebookAI/xlm-roberta-base,kkj,Kako,Latn,alphabet,1.0,1.0,,direct,0.0
FacebookAI/xlm-roberta-base,kl,Kalaallisut,Latn,alphabet,1.0,1.0,,direct,0.0
FacebookAI/xlm-roberta-base,kln,Kalenjin,Latn,alphabet,1.0,1.0,,direct,0.0
FacebookAI/xlm-roberta-base,km,Khmer,Khmr,abugida,1.0,1.0,,direct,0.0
FacebookAI/xlm-roberta-base,kn,Kannada,Knda,abugida,0.9437,0.9437,,direct,0.0
FacebookAI/xlm-roberta-base,ko,Korean,Kore,featural_syllabary,0.1544,0.1544,0.4776,within_script_only,0.0
FacebookAI/xlm-roberta-base,kok,Konkani,Deva,abugida,1.0,1.0,,direct,0.0
FacebookAI/xlm-roberta-base,kpe,Kpelle,Latn,alphabet,1.0,1.0,,direct,0.0
FacebookAI/xlm-roberta-base,ks,Kashmiri,Arab,abjad,0.9565,0.9565,,direct,0.0
FacebookAI/xlm-roberta-base,ksb,Shambala,Latn,alphabet,1.0,1.0,,direct,0.0
FacebookAI/xlm-roberta-base,ksf,Bafia,Latn,alphabet,1.0,1.0,,direct,0.0
FacebookAI/xlm-roberta-base,ksh,Colognian,Latn,alphabet,1.0,1.0,,direct,0.0
FacebookAI/xlm-roberta-base,ku,Kurdish,Latn,alphabet,1.0,1.0,,direct,0.0
FacebookAI/xlm-roberta-base,kw,Cornish,Latn,alphabet,1.0,1.0,,direct,0.0
FacebookAI/xlm-roberta-base,kxv,Kuvi,Latn,alphabet,1.0,1.0,,direct,0.0
FacebookAI/xlm-roberta-base,ky,Kyrgyz,Cyrl,alphabet,1.0,1.0,,direct,0.0
FacebookAI/xlm-roberta-base,la,Latin,Latn,alphabet,1.0,1.0,,direct,0.0
FacebookAI/xlm-roberta-base,lag,Langi,Latn,alphabet,1.0,1.0,,direct,0.0
FacebookAI/xlm-roberta-base,lb,Luxembourgish,Latn,alphabet,1.0,1.0,,direct,0.0
FacebookAI/xlm-roberta-base,lg,Ganda,Latn,alphabet,1.0,1.0,,direct,0.0
FacebookAI/xlm-roberta-base,lij,Ligurian,Latn,alphabet,1.0,1.0,,direct,0.0
FacebookAI/xlm-roberta-base,lkt,Lakota,Latn,alphabet,0.9667,0.9667,,direct,0.0
FacebookAI/xlm-roberta-base,lld,lld,Latn,alphabet,1.0,1.0,,direct,0.0
FacebookAI/xlm-roberta-base,lmo,Lombard,Latn,alphabet,1.0,1.0,,direct,0.0
FacebookAI/xlm-roberta-base,ln,Lingala,Latn,alphabet,1.0,1.0,,direct,0.0
FacebookAI/xlm-roberta-base,lo,Lao,Laoo,abugida,0.9455,0.9455,,direct,0.0
FacebookAI/xlm-roberta-base,lrc,Northern Luri,Arab,abjad,0.9302,0.9302,,direct,0.0
FacebookAI/xlm-roberta-base,lt,Lithuanian,Latn,alphabet,1.0,1.0,,direct,0.0
FacebookAI/xlm-roberta-base,ltg,Latgalian,Latn,alphabet,1.0,1.0,,direct,0.0
FacebookAI/xlm-roberta-base,lu,Luba-Katanga,Latn,alphabet,1.0,1.0,,direct,0.0
FacebookAI/xlm-roberta-base,luo,Luo,Latn,alphabet,1.0,1.0,,direct,0.0
FacebookAI/xlm-roberta-base,luy,Luyia,Latn,alphabet,1.0,1.0,,direct,0.0
FacebookAI/xlm-roberta-base,lv,Latvian,Latn,alphabet,1.0,1.0,,direct,0.0
FacebookAI/xlm-roberta-base,mai,Maithili,Deva,abugida,1.0,1.0,,direct,0.0
FacebookAI/xlm-roberta-base,mas,Masai,Latn,alphabet,1.0,1.0,,direct,0.0
FacebookAI/xlm-roberta-base,mdf,Moksha,Cyrl,alphabet,1.0,1.0,,direct,0.0
FacebookAI/xlm-roberta-base,mer,Meru,Latn,alphabet,1.0,1.0,,direct,0.0
FacebookAI/xlm-roberta-base,mfe,Morisyen,Latn,alphabet,1.0,1.0,,direct,0.0
FacebookAI/xlm-roberta-base,mg,Malagasy,Latn,alphabet,1.0,1.0,,direct,0.0
FacebookAI/xlm-roberta-base,mgh,Makhuwa-Meetto,Latn,alphabet,1.0,1.0,,direct,0.0
FacebookAI/xlm-roberta-base,mgo,Metaʼ,Latn,alphabet,1.0,1.0,,direct,0.0
FacebookAI/xlm-roberta-base,mhn,mhn,Latn,alphabet,1.0,1.0,,direct,0.0
FacebookAI/xlm-roberta-base,mi,Māori,Latn,alphabet,1.0,1.0,,direct,0.0
FacebookAI/xlm-roberta-base,mic,Mi'kmaw,Latn,alphabet,1.0,1.0,,direct,0.0
FacebookAI/xlm-roberta-base,mk,Macedonian,Cyrl,alphabet,1.0,1.0,,direct,0.0
FacebookAI/xlm-roberta-base,ml,Malayalam,Mlym,abugida,1.0,1.0,,direct,0.0
FacebookAI/xlm-roberta-base,mn,Mongolian,Cyrl,alphabet,1.0,1.0,,direct,0.0
FacebookAI/xlm-roberta-base,mni,Manipuri,Beng,abugida,1.0,1.0,,direct,0.0
FacebookAI/xlm-roberta-base,moh,Mohawk,Latn,alphabet,1.0,1.0,,direct,0.0
FacebookAI/xlm-roberta-base,mr,Marathi,Deva,abugida,1.0,1.0,,direct,0.0
FacebookAI/xlm-roberta-base,ms,Malay,Latn,alphabet,1.0,1.0,,direct,0.0
FacebookAI/xlm-roberta-base,mt,Maltese,Latn,alphabet,1.0,1.0,,direct,0.0
FacebookAI/xlm-roberta-base,mua,Mundang,Latn,alphabet,0.9697,0.9697,,direct,0.0
FacebookAI/xlm-roberta-base,mus,Muscogee,Latn,alphabet,1.0,1.0,,direct,0.0
FacebookAI/xlm-roberta-base,my,Burmese,Mymr,abugida,1.0,1.0,,direct,0.0
FacebookAI/xlm-roberta-base,myv,Erzya,Cyrl,alphabet,1.0,1.0,,direct,0.0
FacebookAI/xlm-roberta-base,mzn,Mazanderani,Arab,abjad,1.0,1.0,,direct,0.0
FacebookAI/xlm-roberta-base,naq,Nama,Latn,alphabet,0.9355,0.9355,,direct,0.0
FacebookAI/xlm-roberta-base,nd,North Ndebele,Latn,alphabet,1.0,1.0,,direct,0.0
FacebookAI/xlm-roberta-base,nds,Low German,Latn,alphabet,1.0,1.0,,direct,0.0
FacebookAI/xlm-roberta-base,ne,Nepali,Deva,abugida,1.0,1.0,,direct,0.0
FacebookAI/xlm-roberta-base,nl,Dutch,Latn,alphabet,1.0,1.0,,direct,0.0
FacebookAI/xlm-roberta-base,nmg,Kwasio,Latn,alphabet,1.0,1.0,,direct,0.0
FacebookAI/xlm-roberta-base,nnh,Ngiemboon,Latn,alphabet,0.963,0.963,,direct,0.0
FacebookAI/xlm-roberta-base,no,Norwegian,Latn,alphabet,1.0,1.0,,direct,0.0
FacebookAI/xlm-roberta-base,nqo,N’Ko,Nkoo,alphabet,0.0,0.0,,direct,0.0
FacebookAI/xlm-roberta-base,nr,South Ndebele,Latn,alphabet,1.0,1.0,,direct,0.0
FacebookAI/xlm-roberta-base,nso,Northern Sotho,Latn,alphabet,1.0,1.0,,direct,0.0
FacebookAI/xlm-roberta-base,nus,Nuer,Latn,alphabet,1.0,1.0,,direct,0.0
FacebookAI/xlm-roberta-base,nv,Navajo,Latn,alphabet,1.0,1.0,,direct,0.0
FacebookAI/xlm-roberta-base,ny,Nyanja,Latn,alphabet,1.0,1.0,,direct,0.0
FacebookAI/xlm-roberta-base,nyn,Nyankole,Latn,alphabet,1.0,1.0,,direct,0.0
FacebookAI/xlm-roberta-base,oc,Occitan,Latn,alphabet,1.0,1.0,,direct,0.0
FacebookAI/xlm-roberta-base,om,Oromo,Latn,alphabet,1.0,1.0,,direct,0.0
FacebookAI/xlm-roberta-base,or,Odia,Orya,abugida,1.0,1.0,,direct,0.0
FacebookAI/xlm-roberta-base,os,Ossetic,Cyrl,alphabet,1.0,1.0,,direct,0.0
FacebookAI/xlm-roberta-base,osa,Osage,Osge,alphabet,0.075,0.075,,direct,0.0
FacebookAI/xlm-roberta-base,pa,Punjabi,Guru,abugida,1.0,1.0,,direct,0.0
FacebookAI/xlm-roberta-base,pap,Papiamento,Latn,alphabet,1.0,1.0,,direct,0.0
FacebookAI/xlm-roberta-base,pcm,Nigerian Pidgin,Latn,alphabet,1.0,1.0,,direct,0.0
FacebookAI/xlm-roberta-base,pis,Pijin,Latn,alphabet,1.0,1.0,,direct,0.0
FacebookAI/xlm-roberta-base,pl,Polish,Latn,alphabet,1.0,1.0,,direct,0.0
FacebookAI/xlm-roberta-base,prg,Prussian,Latn,alphabet,1.0,1.0,,direct,0.0
FacebookAI/xlm-roberta-base,ps,Pashto,Arab,abjad,1.0,1.0,,direct,0.0
FacebookAI/xlm-roberta-base,pt,Portuguese,Latn,alphabet,1.0,1.0,,direct,0.0
FacebookAI/xlm-roberta-base,qu,Quechua,Latn,alphabet,1.0,1.0,,direct,0.0
FacebookAI/xlm-roberta-base,quc,Kʼicheʼ,Latn,alphabet,1.0,1.0,,direct,0.0
FacebookAI/xlm-roberta-base,raj,Rajasthani,Deva,abugida,1.0,1.0,,direct,0.0
FacebookAI/xlm-roberta-base,rhg,Rohingya,Rohg,abjad,0.0,0.0,,direct,0.0
FacebookAI/xlm-roberta-base,rif,Riffian,Latn,alphabet,0.9677,0.9677,,direct,0.0
FacebookAI/xlm-roberta-base,rm,Romansh,Latn,alphabet,1.0,1.0,,direct,0.0
FacebookAI/xlm-roberta-base,rn,Rundi,Latn,alphabet,1.0,1.0,,direct,0.0
FacebookAI/xlm-roberta-base,ro,Romanian,Latn,alphabet,1.0,1.0,,direct,0.0
FacebookAI/xlm-roberta-base,rof,Rombo,Latn,alphabet,1.0,1.0,,direct,0.0
FacebookAI/xlm-roberta-base,ru,Russian,Cyrl,alphabet,1.0,1.0,,direct,0.0
FacebookAI/xlm-roberta-base,rw,Kinyarwanda,Latn,alphabet,1.0,1.0,,direct,0.0
FacebookAI/xlm-roberta-base,rwk,Rwa,Latn,alphabet,1.0,1.0,,direct,0.0
FacebookAI/xlm-roberta-base,sa,Sanskrit,Deva,abugida,0.9714,0.9714,,direct,0.0
FacebookAI/xlm-roberta-base,sah,Yakut,Cyrl,alphabet,0.9615,0.9615,,direct,0.0
FacebookAI/xlm-roberta-base,saq,Samburu,Latn,alphabet,1.0,1.0,,direct,0.0
FacebookAI/xlm-roberta-base,sat,Santali,Olck,alphabet,0.0,0.0,,direct,0.0
FacebookAI/xlm-roberta-base,sbp,Sangu,Latn,alphabet,1.0,1.0,,direct,0.0
FacebookAI/xlm-roberta-base,sc,Sardinian,Latn,alphabet,1.0,1.0,,direct,0.0
FacebookAI/xlm-roberta-base,scn,Sicilian,Latn,alphabet,1.0,1.0,,direct,0.0
FacebookAI/xlm-roberta-base,sd,Sindhi,Arab,abjad,1.0,1.0,,direct,0.0
FacebookAI/xlm-roberta-base,sdh,Southern Kurdish,Arab,abjad,0.9706,0.9706,,direct,0.0
FacebookAI/xlm-roberta-base,se,Northern Sami,Latn,alphabet,1.0,1.0,,direct,0.0
FacebookAI/xlm-roberta-base,seh,Sena,Latn,alphabet,1.0,1.0,,direct,0.0
FacebookAI/xlm-roberta-base,ses,Koyraboro Senni,Latn,alphabet,1.0,1.0,,direct,0.0
FacebookAI/xlm-roberta-base,sg,Sango,Latn,alphabet,1.0,1.0,,direct,0.0
FacebookAI/xlm-roberta-base,shi,Tachelhit,Tfng,alphabet,0.0,0.0,,direct,0.0
FacebookAI/xlm-roberta-base,shn,Shan,Mymr,abugida,0.8913,0.8913,,direct,0.0
FacebookAI/xlm-roberta-base,si,Sinhala,Sinh,abugida,1.0,1.0,,direct,0.0
FacebookAI/xlm-roberta-base,sid,Sidamo,Latn,alphabet,1.0,1.0,,direct,0.0
FacebookAI/xlm-roberta-base,sk,Slovak,Latn,alphabet,1.0,1.0,,direct,0.0
FacebookAI/xlm-roberta-base,skr,skr,Arab,abjad,0.9592,0.9592,,direct,0.0
FacebookAI/xlm-roberta-base,sl,Slovenian,Latn,alphabet,1.0,1.0,,direct,0.0
FacebookAI/xlm-roberta-base,sma,Southern Sami,Latn,alphabet,1.0,1.0,,direct,0.0
FacebookAI/xlm-roberta-base,smj,Lule Sami,Latn,alphabet,1.0,1.0,,direct,0.0
FacebookAI/xlm-roberta-base,smn,Inari Sami,Latn,alphabet,1.0,1.0,,direct,0.0
FacebookAI/xlm-roberta-base,sms,Skolt Sami,Latn,alphabet,0.9167,0.9167,,direct,0.0
FacebookAI/xlm-roberta-base,sn,Shona,Latn,alphabet,1.0,1.0,,direct,0.0
FacebookAI/xlm-roberta-base,so,Somali,Latn,alphabet,1.0,1.0,,direct,0.0
FacebookAI/xlm-roberta-base,sq,Albanian,Latn,alphabet,1.0,1.0,,direct,0.0
FacebookAI/xlm-roberta-base,sr,Serbian,Cyrl,alphabet,1.0,1.0,,direct,0.0
FacebookAI/xlm-roberta-base,ss,Swati,Latn,alphabet,1.0,1.0,,direct,0.0
FacebookAI/xlm-roberta-base,ssy,Saho,Latn,alphabet,1.0,1.0,,direct,0.0
FacebookAI/xlm-roberta-base,st,Southern Sotho,Latn,alphabet,1.0,1.0,,direct,0.0
FacebookAI/xlm-roberta-base,su,Sundanese,Latn,alphabet,1.0,1.0,,direct,0.0
FacebookAI/xlm-roberta-base,sv,Swedish,Latn,alphabet,1.0,1.0,,direct,0.0
FacebookAI/xlm-roberta-base,sw,Swahili,Latn,alphabet,1.0,1.0,,direct,0.0
FacebookAI/xlm-roberta-base,syr,Syriac,Syrc,abjad,0.1857,0.1857,,direct,0.0
FacebookAI/xlm-roberta-base,szl,Silesian,Latn,alphabet,1.0,1.0,,direct,0.0
FacebookAI/xlm-roberta-base,ta,Tamil,Taml,abugida,1.0,1.0,,direct,0.0
FacebookAI/xlm-roberta-base,te,Telugu,Telu,abugida,0.9286,0.9286,,direct,0.0
FacebookAI/xlm-roberta-base,teo,Teso,Latn,alphabet,1.0,1.0,,direct,0.0
FacebookAI/xlm-roberta-base,tg,Tajik,Cyrl,alphabet,0.9714,0.9714,,direct,0.0
FacebookAI/xlm-roberta-base,th,Thai,Thai,abugida,0.9726,0.9726,,direct,0.0
FacebookAI/xlm-roberta-base,ti,Tigrinya,Ethi,syllabary,0.9635,0.9635,,within_script_only,0.0
FacebookAI/xlm-roberta-base,tig,Tigre,Ethi,syllabary,0.6969,0.6969,,within_script_only,0.0
FacebookAI/xlm-roberta-base,tk,Turkmen,Latn,alphabet,1.0,1.0,,direct,0.0
FacebookAI/xlm-roberta-base,tn,Tswana,Latn,alphabet,1.0,1.0,,direct,0.0
FacebookAI/xlm-roberta-base,to,Tongan,Latn,alphabet,1.0,1.0,,direct,0.0
FacebookAI/xlm-roberta-base,tok,Toki Pona,Latn,alphabet,1.0,1.0,,direct,0.0
FacebookAI/xlm-roberta-base,tpi,Tok Pisin,Latn,alphabet,1.0,1.0,,direct,0.0
FacebookAI/xlm-roberta-base,tr,Turkish,Latn,alphabet,1.0,1.0,,direct,0.0
FacebookAI/xlm-roberta-base,trv,Taroko,Latn,alphabet,1.0,1.0,,direct,0.0
FacebookAI/xlm-roberta-base,trw,Torwali,Arab,abjad,0.9375,0.9375,,direct,0.0
FacebookAI/xlm-roberta-base,ts,Tsonga,Latn,alphabet,1.0,1.0,,direct,0.0
FacebookAI/xlm-roberta-base,tt,Tatar,Cyrl,alphabet,1.0,1.0,,direct,0.0
FacebookAI/xlm-roberta-base,twq,Tasawaq,Latn,alphabet,1.0,1.0,,direct,0.0
FacebookAI/xlm-roberta-base,tyv,Tuvinian,Cyrl,alphabet,1.0,1.0,,direct,0.0
FacebookAI/xlm-roberta-base,tzm,Central Atlas Tamazight,Latn,alphabet,0.9677,0.9677,,direct,0.0
FacebookAI/xlm-roberta-base,ug,Uyghur,Arab,abjad,1.0,1.0,,direct,0.0
FacebookAI/xlm-roberta-base,uk,Ukrainian,Cyrl,alphabet,1.0,1.0,,direct,0.0
FacebookAI/xlm-roberta-base,ur,Urdu,Arab,abjad,1.0,1.0,,direct,0.0
FacebookAI/xlm-roberta-base,uz,Uzbek,Latn,alphabet,1.0,1.0,,direct,0.0
FacebookAI/xlm-roberta-base,vai,Vai,Vaii,syllabary,0.0,0.0,,within_script_only,0.0
FacebookAI/xlm-roberta-base,ve,Venda,Latn,alphabet,0.8571,0.8571,,direct,0.0
FacebookAI/xlm-roberta-base,vec,Venetian,Latn,alphabet,1.0,1.0,,direct,0.0
FacebookAI/xlm-roberta-base,vi,Vietnamese,Latn,alphabet,1.0,1.0,,direct,0.0
FacebookAI/xlm-roberta-base,vmw,Makhuwa,Latn,alphabet,1.0,1.0,,direct,0.0
FacebookAI/xlm-roberta-base,vo,Volapük,Latn,alphabet,1.0,1.0,,direct,0.0
FacebookAI/xlm-roberta-base,vun,Vunjo,Latn,alphabet,1.0,1.0,,direct,0.0
FacebookAI/xlm-roberta-base,wa,Walloon,Latn,alphabet,1.0,1.0,,direct,0.0
FacebookAI/xlm-roberta-base,wae,Walser,Latn,alphabet,1.0,1.0,,direct,0.0
FacebookAI/xlm-roberta-base,wal,Wolaytta,Ethi,syllabary,0.6852,0.6852,,within_script_only,0.0
FacebookAI/xlm-roberta-base,wbp,Warlpiri,Latn,alphabet,1.0,1.0,,direct,0.0
FacebookAI/xlm-roberta-base,wo,Wolof,Latn,alphabet,1.0,1.0,,direct,0.0
FacebookAI/xlm-roberta-base,xh,Xhosa,Latn,alphabet,1.0,1.0,,direct,0.0
FacebookAI/xlm-roberta-base,xnr,Kangri,Deva,abugida,0.9697,0.9697,,direct,0.0
FacebookAI/xlm-roberta-base,xog,Soga,Latn,alphabet,1.0,1.0,,direct,0.0
FacebookAI/xlm-roberta-base,yav,Yangben,Latn,alphabet,1.0,1.0,,direct,0.0
FacebookAI/xlm-roberta-base,yi,Yiddish,Hebr,abjad,1.0,1.0,,direct,0.0
FacebookAI/xlm-roberta-base,yo,Yoruba,Latn,alphabet,0.95,0.95,,direct,0.0
FacebookAI/xlm-roberta-base,yrl,Nheengatu,Latn,alphabet,1.0,1.0,,direct,0.0
FacebookAI/xlm-roberta-base,yue,Cantonese,Hant,logographic,0.9951,0.9951,,within_script_only,0.0
FacebookAI/xlm-roberta-base,za,Zhuang,Latn,alphabet,1.0,1.0,,direct,0.0
FacebookAI/xlm-roberta-base,zgh,Standard Moroccan Tamazight,Tfng,alphabet,0.0,0.0,,direct,0.0
FacebookAI/xlm-roberta-base,zh,Chinese,Hans,logographic,0.9982,0.9982,,within_script_only,0.0
FacebookAI/xlm-roberta-base,zu,Zulu,Latn,alphabet,1.0,1.0,,direct,0.0
Qwen/QwQ-32B,aa,Afar,Latn,alphabet,1.0,1.0,,direct,0.0
Qwen/QwQ-32B,ab,Abkhazian,Cyrl,alphabet,0.875,0.9,,direct,0.025000000000000022
Qwen/QwQ-32B,af,Afrikaans,Latn,alphabet,1.0,1.0,,direct,0.0
Qwen/QwQ-32B,agq,Aghem,Latn,alphabet,0.9423,0.9538,,direct,0.011499999999999955
Qwen/QwQ-32B,ak,Akan,Latn,alphabet,1.0,1.0,,direct,0.0
Qwen/QwQ-32B,am,Amharic,Ethi,syllabary,0.3936,0.5149,,within_script_only,0.12130000000000002
Qwen/QwQ-32B,an,Aragonese,Latn,alphabet,1.0,1.0,,direct,0.0
Qwen/QwQ-32B,ann,Obolo,Latn,alphabet,0.9744,0.9795,,direct,0.005099999999999993
Qwen/QwQ-32B,apc,apc,Arab,abjad,0.9333,0.9467,,direct,0.013399999999999967
Qwen/QwQ-32B,ar,Arabic,Arab,abjad,0.9333,0.9467,,direct,0.013399999999999967
Qwen/QwQ-32B,arn,Mapuche,Latn,alphabet,0.96,0.968,,direct,0.008000000000000007
Qwen/QwQ-32B,as,Assamese,Beng,abugida,0.6441,0.7153,,direct,0.07120000000000004
Qwen/QwQ-32B,asa,Asu,Latn,alphabet,1.0,1.0,,direct,0.0
Qwen/QwQ-32B,ast,Asturian,Latn,alphabet,1.0,1.0,,direct,0.0
Qwen/QwQ-32B,az,Azerbaijani,Latn,alphabet,1.0,1.0,,direct,0.0
Qwen/QwQ-32B,ba,Bashkir,Cyrl,alphabet,1.0,1.0,,direct,0.0
Qwen/QwQ-32B,bal,Baluchi,Arab,abjad,1.0,1.0,,direct,0.0
Qwen/QwQ-32B,bas,Basaa,Latn,alphabet,0.9194,0.9355,,direct,0.016100000000000003
Qwen/QwQ-32B,be,Belarusian,Cyrl,alphabet,1.0,1.0,,direct,0.0
Qwen/QwQ-32B,bem,Bemba,Latn,alphabet,1.0,1.0,,direct,0.0
Qwen/QwQ-32B,bew,Betawi,Latn,alphabet,1.0,1.0,,direct,0.0
Qwen/QwQ-32B,bez,Bena,Latn,alphabet,1.0,1.0,,direct,0.0
Qwen/QwQ-32B,bg,Bulgarian,Cyrl,alphabet,1.0,1.0,,direct,0.0
Qwen/QwQ-32B,bgc,Haryanvi,Deva,abugida,0.8621,0.8897,,direct,0.02760000000000007
Qwen/QwQ-32B,bgn,Western Balochi,Arab,abjad,1.0,1.0,,direct,0.0
Qwen/QwQ-32B,bho,Bhojpuri,Deva,abugida,0.8333,0.8667,,direct,0.033399999999999985
Qwen/QwQ-32B,blo,Anii,Latn,alphabet,0.9796,0.9837,,direct,0.0040999999999999925
Qwen/QwQ-32B,blt,Tai Dam,Tavt,abugida,0.2031,0.3625,,direct,0.1594
Qwen/QwQ-32B,bm,Bambara,Latn,alphabet,1.0,1.0,,direct,0.0
Qwen/QwQ-32B,bn,Bangla,Beng,abugida,0.6324,0.7059,,direct,0.07350000000000001
Qwen/QwQ-32B,bo,Tibetan,Tibt,abugida,0.2644,0.4115,,direct,0.14709999999999995
Qwen/QwQ-32B,br,Breton,Latn,alphabet,1.0,1.0,,direct,0.0
Qwen/QwQ-32B,brx,Bodo,Deva,abugida,0.8361,0.8689,,direct,0.03280000000000005
Qwen/QwQ-32B,bs,Bosnian,Latn,alphabet,1.0,1.0,,direct,0.0
Qwen/QwQ-32B,bss,Akoose,Latn,alphabet,0.9423,0.9538,,direct,0.011499999999999955
Qwen/QwQ-32B,byn,Blin,Ethi,syllabary,0.3806,0.5045,,within_script_only,0.12389999999999995
Qwen/QwQ-32B,ca,Catalan,Latn,alphabet,1.0,1.0,,direct,0.0
Qwen/QwQ-32B,cad,Caddo,Latn,alphabet,0.9667,0.9733,,direct,0.00660000000000005
Qwen/QwQ-32B,cch,Atsam,Latn,alphabet,0.9286,0.9429,,direct,0.01429999999999998
Qwen/QwQ-32B,ccp,Chakma,Cakm,abugida,0.0,0.2,,direct,0.2
Qwen/QwQ-32B,ce,Chechen,Cyrl,alphabet,1.0,1.0,,direct,0.0
Qwen/QwQ-32B,ceb,Cebuano,Latn,alphabet,1.0,1.0,,direct,0.0
Qwen/QwQ-32B,cgg,Chiga,Latn,alphabet,1.0,1.0,,direct,0.0
Qwen/QwQ-32B,cho,Choctaw,Latn,alphabet,0.9524,0.9619,,direct,0.009499999999999953
Qwen/QwQ-32B,chr,Cherokee,Cher,syllabary,0.0,0.2,,within_script_only,0.2
Qwen/QwQ-32B,cic,Chickasaw,Latn,alphabet,0.9474,0.9579,,direct,0.010499999999999954
Qwen/QwQ-32B,ckb,Central Kurdish,Arab,abjad,1.0,1.0,,direct,0.0
Qwen/QwQ-32B,co,Corsican,Latn,alphabet,1.0,1.0,,direct,0.0
Qwen/QwQ-32B,cop,Coptic,Copt,alphabet,0.125,0.3,,direct,0.175
Qwen/QwQ-32B,cs,Czech,Latn,alphabet,1.0,1.0,,direct,0.0
Qwen/QwQ-32B,csw,Swampy Cree,Cans,syllabary,0.268,0.4144,,within_script_only,0.14639999999999997
Qwen/QwQ-32B,cu,Church Slavic,Cyrl,alphabet,0.6389,0.7111,,direct,0.07219999999999993
Qwen/QwQ-32B,cv,Chuvash,Cyrl,alphabet,1.0,1.0,,direct,0.0
Qwen/QwQ-32B,cy,Welsh,Latn,alphabet,0.9592,0.9673,,direct,0.008099999999999996
Qwen/QwQ-32B,da,Danish,Latn,alphabet,1.0,1.0,,direct,0.0
Qwen/QwQ-32B,dav,Taita,Latn,alphabet,1.0,1.0,,direct,0.0
Qwen/QwQ-32B,de,German,Latn,alphabet,1.0,1.0,,direct,0.0
Qwen/QwQ-32B,dje,Zarma,Latn,alphabet,1.0,1.0,,direct,0.0
Qwen/QwQ-32B,doi,Dogri,Deva,abugida,0.7714,0.8171,,direct,0.045700000000000074
Qwen/QwQ-32B,dsb,Lower Sorbian,Latn,alphabet,1.0,1.0,,direct,0.0
Qwen/QwQ-32B,dua,Duala,Latn,alphabet,1.0,1.0,,direct,0.0
Qwen/QwQ-32B,dv,Divehi,Thaa,abjad,0.1714,0.3371,,direct,0.16570000000000001
Qwen/QwQ-32B,dyo,Jola-Fonyi,Latn,alphabet,1.0,1.0,,direct,0.0
Qwen/QwQ-32B,dz,Dzongkha,Tibt,abugida,0.3966,0.5172,,direct,0.12059999999999998
Qwen/QwQ-32B,ebu,Embu,Latn,alphabet,1.0,1.0,,direct,0.0
Qwen/QwQ-32B,ee,Ewe,Latn,alphabet,0.9792,0.9833,,direct,0.0040999999999999925
Qwen/QwQ-32B,el,Greek,Grek,alphabet,1.0,1.0,,direct,0.0
Qwen/QwQ-32B,en,English,Latn,alphabet,1.0,1.0,,direct,0.0
Qwen/QwQ-32B,eo,Esperanto,Latn,alphabet,1.0,1.0,,direct,0.0
Qwen/QwQ-32B,es,Spanish,Latn,alphabet,1.0,1.0,,direct,0.0
Qwen/QwQ-32B,et,Estonian,Latn,alphabet,1.0,1.0,,direct,0.0
Qwen/QwQ-32B,eu,Basque,Latn,alphabet,1.0,1.0,,direct,0.0
Qwen/QwQ-32B,ewo,Ewondo,Latn,alphabet,0.9615,0.9692,,direct,0.007699999999999929
Qwen/QwQ-32B,fa,Persian,Arab,abjad,0.9302,0.9442,,direct,0.014000000000000012
Qwen/QwQ-32B,ff,Fula,Latn,alphabet,0.963,0.9704,,direct,0.007400000000000073
Qwen/QwQ-32B,fi,Finnish,Latn,alphabet,1.0,1.0,,direct,0.0
Qwen/QwQ-32B,fil,Filipino,Latn,alphabet,1.0,1.0,,direct,0.0
Qwen/QwQ-32B,fo,Faroese,Latn,alphabet,1.0,1.0,,direct,0.0
Qwen/QwQ-32B,fr,French,Latn,alphabet,1.0,1.0,,direct,0.0
Qwen/QwQ-32B,frr,Northern Frisian,Latn,alphabet,1.0,1.0,,direct,0.0
Qwen/QwQ-32B,fur,Friulian,Latn,alphabet,1.0,1.0,,direct,0.0
Qwen/QwQ-32B,fy,Western Frisian,Latn,alphabet,1.0,1.0,,direct,0.0
Qwen/QwQ-32B,ga,Irish,Latn,alphabet,1.0,1.0,,direct,0.0
Qwen/QwQ-32B,gaa,Ga,Latn,alphabet,1.0,1.0,,direct,0.0
Qwen/QwQ-32B,gd,Scottish Gaelic,Latn,alphabet,1.0,1.0,,direct,0.0
Qwen/QwQ-32B,gez,Geez,Ethi,syllabary,0.4742,0.5793,,within_script_only,0.10510000000000003
Qwen/QwQ-32B,gl,Galician,Latn,alphabet,1.0,1.0,,direct,0.0
Qwen/QwQ-32B,gn,Guarani,Latn,alphabet,0.9667,0.9733,,direct,0.00660000000000005
Qwen/QwQ-32B,gsw,Swiss German,Latn,alphabet,1.0,1.0,,direct,0.0
Qwen/QwQ-32B,gu,Gujarati,Gujr,abugida,0.2353,0.3882,,direct,0.15289999999999998
Qwen/QwQ-32B,guz,Gusii,Latn,alphabet,1.0,1.0,,direct,0.0
Qwen/QwQ-32B,gv,Manx,Latn,alphabet,1.0,1.0,,direct,0.0
Qwen/QwQ-32B,ha,Hausa,Latn,alphabet,0.963,0.9704,,direct,0.007400000000000073
Qwen/QwQ-32B,haw,Hawaiian,Latn,alphabet,1.0,1.0,,direct,0.0
Qwen/QwQ-32B,he,Hebrew,Hebr,abjad,1.0,1.0,,direct,0.0
Qwen/QwQ-32B,hi,Hindi,Deva,abugida,0.806,0.8448,,direct,0.038799999999999946
Qwen/QwQ-32B,hnj,Hmong Njua,Hmnp,alphabet,0.0,0.2,,direct,0.2
Qwen/QwQ-32B,hr,Croatian,Latn,alphabet,1.0,1.0,,direct,0.0
Qwen/QwQ-32B,hsb,Upper Sorbian,Latn,alphabet,1.0,1.0,,direct,0.0
Qwen/QwQ-32B,ht,Haitian Creole,Latn,alphabet,1.0,1.0,,direct,0.0
Qwen/QwQ-32B,hu,Hungarian,Latn,alphabet,1.0,1.0,,direct,0.0
Qwen/QwQ-32B,hy,Armenian,Armn,alphabet,1.0,1.0,,direct,0.0
Qwen/QwQ-32B,ia,Interlingua,Latn,alphabet,1.0,1.0,,direct,0.0
Qwen/QwQ-32B,id,Indonesian,Latn,alphabet,1.0,1.0,,direct,0.0
Qwen/QwQ-32B,ie,Interlingue,Latn,alphabet,1.0,1.0,,direct,0.0
Qwen/QwQ-32B,ig,Igbo,Latn,alphabet,1.0,1.0,,direct,0.0
Qwen/QwQ-32B,ii,Sichuan Yi,Yiii,syllabary,0.0086,0.2069,,within_script_only,0.1983
Qwen/QwQ-32B,io,Ido,Latn,alphabet,1.0,1.0,,direct,0.0
Qwen/QwQ-32B,is,Icelandic,Latn,alphabet,1.0,1.0,,direct,0.0
Qwen/QwQ-32B,it,Italian,Latn,alphabet,1.0,1.0,,direct,0.0
Qwen/QwQ-32B,iu,Inuktitut,Cans,syllabary,0.2477,0.3982,,within_script_only,0.1505
Qwen/QwQ-32B,ja,Japanese,Jpan,mixed_logographic,0.8412,0.8727,,within_script_only,0.031500000000000083
Qwen/QwQ-32B,jbo,Lojban,Latn,alphabet,1.0,1.0,,direct,0.0
Qwen/QwQ-32B,jgo,Ngomba,Latn,alphabet,0.8889,0.9111,,direct,0.022199999999999998
Qwen/QwQ-32B,jmc,Machame,Latn,alphabet,1.0,1.0,,direct,0.0
Qwen/QwQ-32B,jv,Javanese,Latn,alphabet,1.0,1.0,,direct,0.0
Qwen/QwQ-32B,ka,Georgian,Geor,alphabet,0.9394,0.9515,,direct,0.0121
Qwen/QwQ-32B,kaa,Kara-Kalpak,Cyrl,alphabet,1.0,1.0,,direct,0.0
Qwen/QwQ-32B,kab,Kabyle,Latn,alphabet,1.0,1.0,,direct,0.0
Qwen/QwQ-32B,kaj,Jju,Latn,alphabet,1.0,1.0,,direct,0.0
Qwen/QwQ-32B,kam,Kamba,Latn,alphabet,1.0,1.0,,direct,0.0
Qwen/QwQ-32B,kcg,Tyap,Latn,alphabet,0.96,0.968,,direct,0.008000000000000007
Qwen/QwQ-32B,kde,Makonde,Latn,alphabet,1.0,1.0,,direct,0.0
Qwen/QwQ-32B,kea,Kabuverdianu,Latn,alphabet,1.0,1.0,,direct,0.0
Qwen/QwQ-32B,ken,Kenyang,Latn,alphabet,0.9756,0.9805,,direct,0.0049000000000000155
Qwen/QwQ-32B,kgp,Kaingang,Latn,alphabet,1.0,1.0,,direct,0.0
Qwen/QwQ-32B,khq,Koyra Chiini,Latn,alphabet,1.0,1.0,,direct,0.0
Qwen/QwQ-32B,ki,Kikuyu,Latn,alphabet,1.0,1.0,,direct,0.0
Qwen/QwQ-32B,kk,Kazakh,Cyrl,alphabet,1.0,1.0,,direct,0.0
Qwen/QwQ-32B,kkj,Kako,Latn,alphabet,0.9574,0.966,,direct,0.008599999999999941
Qwen/QwQ-32B,kl,Kalaallisut,Latn,alphabet,1.0,1.0,,direct,0.0
Qwen/QwQ-32B,kln,Kalenjin,Latn,alphabet,1.0,1.0,,direct,0.0
Qwen/QwQ-32B,km,Khmer,Khmr,abugida,0.4861,0.5889,,direct,0.1028
Qwen/QwQ-32B,kn,Kannada,Knda,abugida,0.3521,0.4817,,direct,0.1296
Qwen/QwQ-32B,ko,Korean,Kore,featural_syllabary,0.2248,0.3799,0.7134,within_script_only,0.15510000000000002
Qwen/QwQ-32B,kok,Konkani,Deva,abugida,0.7013,0.761,,direct,0.059699999999999975
Qwen/QwQ-32B,kpe,Kpelle,Latn,alphabet,1.0,1.0,,direct,0.0
Qwen/QwQ-32B,ks,Kashmiri,Arab,abjad,0.9783,0.9826,,direct,0.0043000000000000815
Qwen/QwQ-32B,ksb,Shambala,Latn,alphabet,1.0,1.0,,direct,0.0
Qwen/QwQ-32B,ksf,Bafia,Latn,alphabet,1.0,1.0,,direct,0.0
Qwen/QwQ-32B,ksh,Colognian,Latn,alphabet,1.0,1.0,,direct,0.0
Qwen/QwQ-32B,ku,Kurdish,Latn,alphabet,1.0,1.0,,direct,0.0
Qwen/QwQ-32B,kw,Cornish,Latn,alphabet,1.0,1.0,,direct,0.0
Qwen/QwQ-32B,kxv,Kuvi,Latn,alphabet,1.0,1.0,,direct,0.0
Qwen/QwQ-32B,ky,Kyrgyz,Cyrl,alphabet,1.0,1.0,,direct,0.0
Qwen/QwQ-32B,la,Latin,Latn,alphabet,1.0,1.0,,direct,0.0
Qwen/QwQ-32B,lag,Langi,Latn,alphabet,1.0,1.0,,direct,0.0
Qwen/QwQ-32B,lb,Luxembourgish,Latn,alphabet,1.0,1.0,,direct,0.0
Qwen/QwQ-32B,lg,Ganda,Latn,alphabet,1.0,1.0,,direct,0.0
Qwen/QwQ-32B,lij,Ligurian,Latn,alphabet,1.0,1.0,,direct,0.0
Qwen/QwQ-32B,lkt,Lakota,Latn,alphabet,1.0,1.0,,direct,0.0
Qwen/QwQ-32B,lld,lld,Latn,alphabet,1.0,1.0,,direct,0.0
Qwen/QwQ-32B,lmo,Lombard,Latn,alphabet,1.0,1.0,,direct,0.0
Qwen/QwQ-32B,ln,Lingala,Latn,alphabet,0.9512,0.961,,direct,0.00979999999999992
Qwen/QwQ-32B,lo,Lao,Laoo,abugida,0.6,0.68,,direct,0.08000000000000007
Qwen/QwQ-32B,lrc,Northern Luri,Arab,abjad,0.9535,0.9628,,direct,0.009299999999999975
Qwen/QwQ-32B,lt,Lithuanian,Latn,alphabet,1.0,1.0,,direct,0.0
Qwen/QwQ-32B,ltg,Latgalian,Latn,alphabet,1.0,1.0,,direct,0.0
Qwen/QwQ-32B,lu,Luba-Katanga,Latn,alphabet,1.0,1.0,,direct,0.0
Qwen/QwQ-32B,luo,Luo,Latn,alphabet,1.0,1.0,,direct,0.0
Qwen/QwQ-32B,luy,Luyia,Latn,alphabet,1.0,1.0,,direct,0.0
Qwen/QwQ-32B,lv,Latvian,Latn,alphabet,1.0,1.0,,direct,0.0
Qwen/QwQ-32B,mai,Maithili,Deva,abugida,0.8889,0.9111,,direct,0.022199999999999998
Qwen/QwQ-32B,mas,Masai,Latn,alphabet,1.0,1.0,,direct,0.0
Qwen/QwQ-32B,mdf,Moksha,Cyrl,alphabet,1.0,1.0,,direct,0.0
Qwen/QwQ-32B,mer,Meru,Latn,alphabet,1.0,1.0,,direct,0.0
Qwen/QwQ-32B,mfe,Morisyen,Latn,alphabet,1.0,1.0,,direct,0.0
Qwen/QwQ-32B,mg,Malagasy,Latn,alphabet,1.0,1.0,,direct,0.0
Qwen/QwQ-32B,mgh,Makhuwa-Meetto,Latn,alphabet,1.0,1.0,,direct,0.0
Qwen/QwQ-32B,mgo,Metaʼ,Latn,alphabet,1.0,1.0,,direct,0.0
Qwen/QwQ-32B,mhn,mhn,Latn,alphabet,1.0,1.0,,direct,0.0
Qwen/QwQ-32B,mi,Māori,Latn,alphabet,1.0,1.0,,direct,0.0
Qwen/QwQ-32B,mic,Mi'kmaw,Latn,alphabet,1.0,1.0,,direct,0.0
Qwen/QwQ-32B,mk,Macedonian,Cyrl,alphabet,1.0,1.0,,direct,0.0
Qwen/QwQ-32B,ml,Malayalam,Mlym,abugida,0.5098,0.6078,,direct,0.09799999999999998
Qwen/QwQ-32B,mn,Mongolian,Cyrl,alphabet,1.0,1.0,,direct,0.0
Qwen/QwQ-32B,mni,Manipuri,Beng,abugida,0.661,0.7288,,direct,0.06779999999999997
Qwen/QwQ-32B,moh,Mohawk,Latn,alphabet,1.0,1.0,,direct,0.0
Qwen/QwQ-32B,mr,Marathi,Deva,abugida,0.8438,0.875,,direct,0.031200000000000006
Qwen/QwQ-32B,ms,Malay,Latn,alphabet,1.0,1.0,,direct,0.0
Qwen/QwQ-32B,mt,Maltese,Latn,alphabet,1.0,1.0,,direct,0.0
Qwen/QwQ-32B,mua,Mundang,Latn,alphabet,0.9697,0.9758,,direct,0.006099999999999994
Qwen/QwQ-32B,mus,Muscogee,Latn,alphabet,1.0,1.0,,direct,0.0
Qwen/QwQ-32B,my,Burmese,Mymr,abugida,0.55,0.64,,direct,0.08999999999999997
Qwen/QwQ-32B,myv,Erzya,Cyrl,alphabet,1.0,1.0,,direct,0.0
Qwen/QwQ-32B,mzn,Mazanderani,Arab,abjad,0.9302,0.9442,,direct,0.014000000000000012
Qwen/QwQ-32B,naq,Nama,Latn,alphabet,1.0,1.0,,direct,0.0
Qwen/QwQ-32B,nd,North Ndebele,Latn,alphabet,1.0,1.0,,direct,0.0
Qwen/QwQ-32B,nds,Low German,Latn,alphabet,1.0,1.0,,direct,0.0
Qwen/QwQ-32B,ne,Nepali,Deva,abugida,0.806,0.8448,,direct,0.038799999999999946
Qwen/QwQ-32B,nl,Dutch,Latn,alphabet,1.0,1.0,,direct,0.0
Qwen/QwQ-32B,nmg,Kwasio,Latn,alphabet,0.9474,0.9579,,direct,0.010499999999999954
Qwen/QwQ-32B,nnh,Ngiemboon,Latn,alphabet,0.963,0.9704,,direct,0.007400000000000073
Qwen/QwQ-32B,no,Norwegian,Latn,alphabet,1.0,1.0,,direct,0.0
Qwen/QwQ-32B,nqo,N’Ko,Nkoo,alphabet,0.7073,0.7659,,direct,0.058599999999999985
Qwen/QwQ-32B,nr,South Ndebele,Latn,alphabet,1.0,1.0,,direct,0.0
Qwen/QwQ-32B,nso,Northern Sotho,Latn,alphabet,1.0,1.0,,direct,0.0
Qwen/QwQ-32B,nus,Nuer,Latn,alphabet,0.9444,0.9556,,direct,0.011199999999999988
Qwen/QwQ-32B,nv,Navajo,Latn,alphabet,1.0,1.0,,direct,0.0
Qwen/QwQ-32B,ny,Nyanja,Latn,alphabet,1.0,1.0,,direct,0.0
Qwen/QwQ-32B,nyn,Nyankole,Latn,alphabet,1.0,1.0,,direct,0.0
Qwen/QwQ-32B,oc,Occitan,Latn,alphabet,1.0,1.0,,direct,0.0
Qwen/QwQ-32B,om,Oromo,Latn,alphabet,1.0,1.0,,direct,0.0
Qwen/QwQ-32B,or,Odia,Orya,abugida,0.0806,0.2645,,direct,0.1839
Qwen/QwQ-32B,os,Ossetic,Cyrl,alphabet,1.0,1.0,,direct,0.0
Qwen/QwQ-32B,osa,Osage,Osge,alphabet,0.025,0.22,,direct,0.195
Qwen/QwQ-32B,pa,Punjabi,Guru,abugida,0.1471,0.3176,,direct,0.17049999999999998
Qwen/QwQ-32B,pap,Papiamento,Latn,alphabet,1.0,1.0,,direct,0.0
Qwen/QwQ-32B,pcm,Nigerian Pidgin,Latn,alphabet,1.0,1.0,,direct,0.0
Qwen/QwQ-32B,pis,Pijin,Latn,alphabet,1.0,1.0,,direct,0.0
Qwen/QwQ-32B,pl,Polish,Latn,alphabet,1.0,1.0,,direct,0.0
Qwen/QwQ-32B,prg,Prussian,Latn,alphabet,1.0,1.0,,direct,0.0
Qwen/QwQ-32B,ps,Pashto,Arab,abjad,0.9333,0.9467,,direct,0.013399999999999967
Qwen/QwQ-32B,pt,Portuguese,Latn,alphabet,1.0,1.0,,direct,0.0
Qwen/QwQ-32B,qu,Quechua,Latn,alphabet,1.0,1.0,,direct,0.0
Qwen/QwQ-32B,quc,Kʼicheʼ,Latn,alphabet,1.0,1.0,,direct,0.0
Qwen/QwQ-32B,raj,Rajasthani,Deva,abugida,0.8367,0.8694,,direct,0.03269999999999995
Qwen/QwQ-32B,rhg,Rohingya,Rohg,abjad,0.0,0.2,,direct,0.2
Qwen/QwQ-32B,rif,Riffian,Latn,alphabet,1.0,1.0,,direct,0.0
Qwen/QwQ-32B,rm,Romansh,Latn,alphabet,1.0,1.0,,direct,0.0
Qwen/QwQ-32B,rn,Rundi,Latn,alphabet,1.0,1.0,,direct,0.0
Qwen/QwQ-32B,ro,Romanian,Latn,alphabet,1.0,1.0,,direct,0.0
Qwen/QwQ-32B,rof,Rombo,Latn,alphabet,1.0,1.0,,direct,0.0
Qwen/QwQ-32B,ru,Russian,Cyrl,alphabet,1.0,1.0,,direct,0.0
Qwen/QwQ-32B,rw,Kinyarwanda,Latn,alphabet,1.0,1.0,,direct,0.0
Qwen/QwQ-32B,rwk,Rwa,Latn,alphabet,1.0,1.0,,direct,0.0
Qwen/QwQ-32B,sa,Sanskrit,Deva,abugida,0.7714,0.8171,,direct,0.045700000000000074
Qwen/QwQ-32B,sah,Yakut,Cyrl,alphabet,1.0,1.0,,direct,0.0
Qwen/QwQ-32B,saq,Samburu,Latn,alphabet,1.0,1.0,,direct,0.0
Qwen/QwQ-32B,sat,Santali,Olck,alphabet,0.0278,0.2222,,direct,0.19440000000000002
Qwen/QwQ-32B,sbp,Sangu,Latn,alphabet,1.0,1.0,,direct,0.0
Qwen/QwQ-32B,sc,Sardinian,Latn,alphabet,1.0,1.0,,direct,0.0
Qwen/QwQ-32B,scn,Sicilian,Latn,alphabet,1.0,1.0,,direct,0.0
Qwen/QwQ-32B,sd,Sindhi,Arab,abjad,0.8846,0.9077,,direct,0.0230999999999999
Qwen/QwQ-32B,sdh,Southern Kurdish,Arab,abjad,1.0,1.0,,direct,0.0
Qwen/QwQ-32B,se,Northern Sami,Latn,alphabet,1.0,1.0,,direct,0.0
Qwen/QwQ-32B,seh,Sena,Latn,alphabet,1.0,1.0,,direct,0.0
Qwen/QwQ-32B,ses,Koyraboro Senni,Latn,alphabet,1.0,1.0,,direct,0.0
Qwen/QwQ-32B,sg,Sango,Latn,alphabet,1.0,1.0,,direct,0.0
Qwen/QwQ-32B,shi,Tachelhit,Tfng,alphabet,0.75,0.8,,direct,0.050000000000000044
Qwen/QwQ-32B,shn,Shan,Mymr,abugida,0.3043,0.4435,,direct,0.1392
Qwen/QwQ-32B,si,Sinhala,Sinh,abugida,0.3378,0.4703,,direct,0.1325
Qwen/QwQ-32B,sid,Sidamo,Latn,alphabet,1.0,1.0,,direct,0.0
Qwen/QwQ-32B,sk,Slovak,Latn,alphabet,1.0,1.0,,direct,0.0
Qwen/QwQ-32B,skr,skr,Arab,abjad,0.9592,0.9673,,direct,0.008099999999999996
Qwen/QwQ-32B,sl,Slovenian,Latn,alphabet,1.0,1.0,,direct,0.0
Qwen/QwQ-32B,sma,Southern Sami,Latn,alphabet,1.0,1.0,,direct,0.0
Qwen/QwQ-32B,smj,Lule Sami,Latn,alphabet,1.0,1.0,,direct,0.0
Qwen/QwQ-32B,smn,Inari Sami,Latn,alphabet,1.0,1.0,,direct,0.0
Qwen/QwQ-32B,sms,Skolt Sami,Latn,alphabet,0.9722,0.9778,,direct,0.005600000000000049
Qwen/QwQ-32B,sn,Shona,Latn,alphabet,1.0,1.0,,direct,0.0
Qwen/QwQ-32B,so,Somali,Latn,alphabet,1.0,1.0,,direct,0.0
Qwen/QwQ-32B,sq,Albanian,Latn,alphabet,1.0,1.0,,direct,0.0
Qwen/QwQ-32B,sr,Serbian,Cyrl,alphabet,1.0,1.0,,direct,0.0
Qwen/QwQ-32B,ss,Swati,Latn,alphabet,1.0,1.0,,direct,0.0
Qwen/QwQ-32B,ssy,Saho,Latn,alphabet,1.0,1.0,,direct,0.0
Qwen/QwQ-32B,st,Southern Sotho,Latn,alphabet,1.0,1.0,,direct,0.0
Qwen/QwQ-32B,su,Sundanese,Latn,alphabet,1.0,1.0,,direct,0.0
Qwen/QwQ-32B,sv,Swedish,Latn,alphabet,1.0,1.0,,direct,0.0
Qwen/QwQ-32B,sw,Swahili,Latn,alphabet,1.0,1.0,,direct,0.0
Qwen/QwQ-32B,syr,Syriac,Syrc,abjad,0.4143,0.5314,,direct,0.11709999999999998
Qwen/QwQ-32B,szl,Silesian,Latn,alphabet,1.0,1.0,,direct,0.0
Qwen/QwQ-32B,ta,Tamil,Taml,abugida,0.5957,0.6766,,direct,0.08089999999999997
Qwen/QwQ-32B,te,Telugu,Telu,abugida,0.2,0.36,,direct,0.15999999999999998
Qwen/QwQ-32B,teo,Teso,Latn,alphabet,1.0,1.0,,direct,0.0
Qwen/QwQ-32B,tg,Tajik,Cyrl,alphabet,1.0,1.0,,direct,0.0
Qwen/QwQ-32B,th,Thai,Thai,abugida,0.9548,0.963,,direct,0.008199999999999985
Qwen/QwQ-32B,ti,Tigrinya,Ethi,syllabary,0.3721,0.4977,,within_script_only,0.1256
Qwen/QwQ-32B,tig,Tigre,Ethi,syllabary,0.2611,0.4088,,within_script_only,0.1477
Qwen/QwQ-32B,tk,Turkmen,Latn,alphabet,1.0,1.0,,direct,0.0
Qwen/QwQ-32B,tn,Tswana,Latn,alphabet,1.0,1.0,,direct,0.0
Qwen/QwQ-32B,to,Tongan,Latn,alphabet,1.0,1.0,,direct,0.0
Qwen/QwQ-32B,tok,Toki Pona,Latn,alphabet,1.0,1.0,,direct,0.0
Qwen/QwQ-32B,tpi,Tok Pisin,Latn,alphabet,1.0,1.0,,direct,0.0
Qwen/QwQ-32B,tr,Turkish,Latn,alphabet,1.0,1.0,,direct,0.0
Qwen/QwQ-32B,trv,Taroko,Latn,alphabet,1.0,1.0,,direct,0.0
Qwen/QwQ-32B,trw,Torwali,Arab,abjad,0.9167,0.9333,,direct,0.01660000000000006
Qwen/QwQ-32B,ts,Tsonga,Latn,alphabet,1.0,1.0,,direct,0.0
Qwen/QwQ-32B,tt,Tatar,Cyrl,alphabet,1.0,1.0,,direct,0.0
Qwen/QwQ-32B,twq,Tasawaq,Latn,alphabet,1.0,1.0,,direct,0.0
Qwen/QwQ-32B,tyv,Tuvinian,Cyrl,alphabet,1.0,1.0,,direct,0.0
Qwen/QwQ-32B,tzm,Central Atlas Tamazight,Latn,alphabet,1.0,1.0,,direct,0.0
Qwen/QwQ-32B,ug,Uyghur,Arab,abjad,1.0,1.0,,direct,0.0
Qwen/QwQ-32B,uk,Ukrainian,Cyrl,alphabet,1.0,1.0,,direct,0.0
Qwen/QwQ-32B,ur,Urdu,Arab,abjad,1.0,1.0,,direct,0.0
Qwen/QwQ-32B,uz,Uzbek,Latn,alphabet,1.0,1.0,,direct,0.0
Qwen/QwQ-32B,vai,Vai,Vaii,syllabary,0.0036,0.2029,,within_script_only,0.1993
Qwen/QwQ-32B,ve,Venda,Latn,alphabet,0.8929,0.9143,,direct,0.021399999999999975
Qwen/QwQ-32B,vec,Venetian,Latn,alphabet,1.0,1.0,,direct,0.0
Qwen/QwQ-32B,vi,Vietnamese,Latn,alphabet,1.0,1.0,,direct,0.0
Qwen/QwQ-32B,vmw,Makhuwa,Latn,alphabet,1.0,1.0,,direct,0.0
Qwen/QwQ-32B,vo,Volapük,Latn,alphabet,1.0,1.0,,direct,0.0
Qwen/QwQ-32B,vun,Vunjo,Latn,alphabet,1.0,1.0,,direct,0.0
Qwen/QwQ-32B,wa,Walloon,Latn,alphabet,1.0,1.0,,direct,0.0
Qwen/QwQ-32B,wae,Walser,Latn,alphabet,1.0,1.0,,direct,0.0
Qwen/QwQ-32B,wal,Wolaytta,Ethi,syllabary,0.2639,0.4111,,within_script_only,0.1472
Qwen/QwQ-32B,wbp,Warlpiri,Latn,alphabet,1.0,1.0,,direct,0.0
Qwen/QwQ-32B,wo,Wolof,Latn,alphabet,1.0,1.0,,direct,0.0
Qwen/QwQ-32B,xh,Xhosa,Latn,alphabet,1.0,1.0,,direct,0.0
Qwen/QwQ-32B,xnr,Kangri,Deva,abugida,0.7879,0.8303,,direct,0.04239999999999999
Qwen/QwQ-32B,xog,Soga,Latn,alphabet,1.0,1.0,,direct,0.0
Qwen/QwQ-32B,yav,Yangben,Latn,alphabet,1.0,1.0,,direct,0.0
Qwen/QwQ-32B,yi,Yiddish,Hebr,abjad,0.8441,0.8735,,direct,0.029400000000000093
Qwen/QwQ-32B,yo,Yoruba,Latn,alphabet,0.975,0.98,,direct,0.0050000000000000044
Qwen/QwQ-32B,yrl,Nheengatu,Latn,alphabet,1.0,1.0,,direct,0.0
Qwen/QwQ-32B,yue,Cantonese,Hant,logographic,0.8811,0.9047,,within_script_only,0.023599999999999954
Qwen/QwQ-32B,za,Zhuang,Latn,alphabet,1.0,1.0,,direct,0.0
Qwen/QwQ-32B,zgh,Standard Moroccan Tamazight,Tfng,alphabet,0.75,0.8,,direct,0.050000000000000044
Qwen/QwQ-32B,zh,Chinese,Hans,logographic,0.9995,0.9996,,within_script_only,9.999999999998899e-05
Qwen/QwQ-32B,zu,Zulu,Latn,alphabet,1.0,1.0,,direct,0.0
Qwen/Qwen2.5-0.5B,aa,Afar,Latn,alphabet,1.0,1.0,,direct,0.0
Qwen/Qwen2.5-0.5B,ab,Abkhazian,Cyrl,alphabet,0.875,0.9,,direct,0.025000000000000022
Qwen/Qwen2.5-0.5B,af,Afrikaans,Latn,alphabet,1.0,1.0,,direct,0.0
Qwen/Qwen2.5-0.5B,agq,Aghem,Latn,alphabet,0.9423,0.9538,,direct,0.011499999999999955
Qwen/Qwen2.5-0.5B,ak,Akan,Latn,alphabet,1.0,1.0,,direct,0.0
Qwen/Qwen2.5-0.5B,am,Amharic,Ethi,syllabary,0.3936,0.5149,,within_script_only,0.12130000000000002
Qwen/Qwen2.5-0.5B,an,Aragonese,Latn,alphabet,1.0,1.0,,direct,0.0
Qwen/Qwen2.5-0.5B,ann,Obolo,Latn,alphabet,0.9744,0.9795,,direct,0.005099999999999993
Qwen/Qwen2.5-0.5B,apc,apc,Arab,abjad,0.9333,0.9467,,direct,0.013399999999999967
Qwen/Qwen2.5-0.5B,ar,Arabic,Arab,abjad,0.9333,0.9467,,direct,0.013399999999999967
Qwen/Qwen2.5-0.5B,arn,Mapuche,Latn,alphabet,0.96,0.968,,direct,0.008000000000000007
Qwen/Qwen2.5-0.5B,as,Assamese,Beng,abugida,0.6441,0.7153,,direct,0.07120000000000004
Qwen/Qwen2.5-0.5B,asa,Asu,Latn,alphabet,1.0,1.0,,direct,0.0
Qwen/Qwen2.5-0.5B,ast,Asturian,Latn,alphabet,1.0,1.0,,direct,0.0
Qwen/Qwen2.5-0.5B,az,Azerbaijani,Latn,alphabet,1.0,1.0,,direct,0.0
Qwen/Qwen2.5-0.5B,ba,Bashkir,Cyrl,alphabet,1.0,1.0,,direct,0.0
Qwen/Qwen2.5-0.5B,bal,Baluchi,Arab,abjad,1.0,1.0,,direct,0.0
Qwen/Qwen2.5-0.5B,bas,Basaa,Latn,alphabet,0.9194,0.9355,,direct,0.016100000000000003
Qwen/Qwen2.5-0.5B,be,Belarusian,Cyrl,alphabet,1.0,1.0,,direct,0.0
Qwen/Qwen2.5-0.5B,bem,Bemba,Latn,alphabet,1.0,1.0,,direct,0.0
Qwen/Qwen2.5-0.5B,bew,Betawi,Latn,alphabet,1.0,1.0,,direct,0.0
Qwen/Qwen2.5-0.5B,bez,Bena,Latn,alphabet,1.0,1.0,,direct,0.0
Qwen/Qwen2.5-0.5B,bg,Bulgarian,Cyrl,alphabet,1.0,1.0,,direct,0.0
Qwen/Qwen2.5-0.5B,bgc,Haryanvi,Deva,abugida,0.8621,0.8897,,direct,0.02760000000000007
Qwen/Qwen2.5-0.5B,bgn,Western Balochi,Arab,abjad,1.0,1.0,,direct,0.0
Qwen/Qwen2.5-0.5B,bho,Bhojpuri,Deva,abugida,0.8333,0.8667,,direct,0.033399999999999985
Qwen/Qwen2.5-0.5B,blo,Anii,Latn,alphabet,0.9796,0.9837,,direct,0.0040999999999999925
Qwen/Qwen2.5-0.5B,blt,Tai Dam,Tavt,abugida,0.2031,0.3625,,direct,0.1594
Qwen/Qwen2.5-0.5B,bm,Bambara,Latn,alphabet,1.0,1.0,,direct,0.0
Qwen/Qwen2.5-0.5B,bn,Bangla,Beng,abugida,0.6324,0.7059,,direct,0.07350000000000001
Qwen/Qwen2.5-0.5B,bo,Tibetan,Tibt,abugida,0.2644,0.4115,,direct,0.14709999999999995
Qwen/Qwen2.5-0.5B,br,Breton,Latn,alphabet,1.0,1.0,,direct,0.0
Qwen/Qwen2.5-0.5B,brx,Bodo,Deva,abugida,0.8361,0.8689,,direct,0.03280000000000005
Qwen/Qwen2.5-0.5B,bs,Bosnian,Latn,alphabet,1.0,1.0,,direct,0.0
Qwen/Qwen2.5-0.5B,bss,Akoose,Latn,alphabet,0.9423,0.9538,,direct,0.011499999999999955
Qwen/Qwen2.5-0.5B,byn,Blin,Ethi,syllabary,0.3806,0.5045,,within_script_only,0.12389999999999995
Qwen/Qwen2.5-0.5B,ca,Catalan,Latn,alphabet,1.0,1.0,,direct,0.0
Qwen/Qwen2.5-0.5B,cad,Caddo,Latn,alphabet,0.9667,0.9733,,direct,0.00660000000000005
Qwen/Qwen2.5-0.5B,cch,Atsam,Latn,alphabet,0.9286,0.9429,,direct,0.01429999999999998
Qwen/Qwen2.5-0.5B,ccp,Chakma,Cakm,abugida,0.0,0.2,,direct,0.2
Qwen/Qwen2.5-0.5B,ce,Chechen,Cyrl,alphabet,1.0,1.0,,direct,0.0
Qwen/Qwen2.5-0.5B,ceb,Cebuano,Latn,alphabet,1.0,1.0,,direct,0.0
Qwen/Qwen2.5-0.5B,cgg,Chiga,Latn,alphabet,1.0,1.0,,direct,0.0
Qwen/Qwen2.5-0.5B,cho,Choctaw,Latn,alphabet,0.9524,0.9619,,direct,0.009499999999999953
Qwen/Qwen2.5-0.5B,chr,Cherokee,Cher,syllabary,0.0,0.2,,within_script_only,0.2
Qwen/Qwen2.5-0.5B,cic,Chickasaw,Latn,alphabet,0.9474,0.9579,,direct,0.010499999999999954
Qwen/Qwen2.5-0.5B,ckb,Central Kurdish,Arab,abjad,1.0,1.0,,direct,0.0
Qwen/Qwen2.5-0.5B,co,Corsican,Latn,alphabet,1.0,1.0,,direct,0.0
Qwen/Qwen2.5-0.5B,cop,Coptic,Copt,alphabet,0.125,0.3,,direct,0.175
Qwen/Qwen2.5-0.5B,cs,Czech,Latn,alphabet,1.0,1.0,,direct,0.0
Qwen/Qwen2.5-0.5B,csw,Swampy Cree,Cans,syllabary,0.268,0.4144,,within_script_only,0.14639999999999997
Qwen/Qwen2.5-0.5B,cu,Church Slavic,Cyrl,alphabet,0.6389,0.7111,,direct,0.07219999999999993
Qwen/Qwen2.5-0.5B,cv,Chuvash,Cyrl,alphabet,1.0,1.0,,direct,0.0
Qwen/Qwen2.5-0.5B,cy,Welsh,Latn,alphabet,0.9592,0.9673,,direct,0.008099999999999996
Qwen/Qwen2.5-0.5B,da,Danish,Latn,alphabet,1.0,1.0,,direct,0.0
Qwen/Qwen2.5-0.5B,dav,Taita,Latn,alphabet,1.0,1.0,,direct,0.0
Qwen/Qwen2.5-0.5B,de,German,Latn,alphabet,1.0,1.0,,direct,0.0
Qwen/Qwen2.5-0.5B,dje,Zarma,Latn,alphabet,1.0,1.0,,direct,0.0
Qwen/Qwen2.5-0.5B,doi,Dogri,Deva,abugida,0.7714,0.8171,,direct,0.045700000000000074
Qwen/Qwen2.5-0.5B,dsb,Lower Sorbian,Latn,alphabet,1.0,1.0,,direct,0.0
Qwen/Qwen2.5-0.5B,dua,Duala,Latn,alphabet,1.0,1.0,,direct,0.0
Qwen/Qwen2.5-0.5B,dv,Divehi,Thaa,abjad,0.1714,0.3371,,direct,0.16570000000000001
Qwen/Qwen2.5-0.5B,dyo,Jola-Fonyi,Latn,alphabet,1.0,1.0,,direct,0.0
Qwen/Qwen2.5-0.5B,dz,Dzongkha,Tibt,abugida,0.3966,0.5172,,direct,0.12059999999999998
Qwen/Qwen2.5-0.5B,ebu,Embu,Latn,alphabet,1.0,1.0,,direct,0.0
Qwen/Qwen2.5-0.5B,ee,Ewe,Latn,alphabet,0.9792,0.9833,,direct,0.0040999999999999925
Qwen/Qwen2.5-0.5B,el,Greek,Grek,alphabet,1.0,1.0,,direct,0.0
Qwen/Qwen2.5-0.5B,en,English,Latn,alphabet,1.0,1.0,,direct,0.0
Qwen/Qwen2.5-0.5B,eo,Esperanto,Latn,alphabet,1.0,1.0,,direct,0.0
Qwen/Qwen2.5-0.5B,es,Spanish,Latn,alphabet,1.0,1.0,,direct,0.0
Qwen/Qwen2.5-0.5B,et,Estonian,Latn,alphabet,1.0,1.0,,direct,0.0
Qwen/Qwen2.5-0.5B,eu,Basque,Latn,alphabet,1.0,1.0,,direct,0.0
Qwen/Qwen2.5-0.5B,ewo,Ewondo,Latn,alphabet,0.9615,0.9692,,direct,0.007699999999999929
Qwen/Qwen2.5-0.5B,fa,Persian,Arab,abjad,0.9302,0.9442,,direct,0.014000000000000012
Qwen/Qwen2.5-0.5B,ff,Fula,Latn,alphabet,0.963,0.9704,,direct,0.007400000000000073
Qwen/Qwen2.5-0.5B,fi,Finnish,Latn,alphabet,1.0,1.0,,direct,0.0
Qwen/Qwen2.5-0.5B,fil,Filipino,Latn,alphabet,1.0,1.0,,direct,0.0
Qwen/Qwen2.5-0.5B,fo,Faroese,Latn,alphabet,1.0,1.0,,direct,0.0
Qwen/Qwen2.5-0.5B,fr,French,Latn,alphabet,1.0,1.0,,direct,0.0
Qwen/Qwen2.5-0.5B,frr,Northern Frisian,Latn,alphabet,1.0,1.0,,direct,0.0
Qwen/Qwen2.5-0.5B,fur,Friulian,Latn,alphabet,1.0,1.0,,direct,0.0
Qwen/Qwen2.5-0.5B,fy,Western Frisian,Latn,alphabet,1.0,1.0,,direct,0.0
Qwen/Qwen2.5-0.5B,ga,Irish,Latn,alphabet,1.0,1.0,,direct,0.0
Qwen/Qwen2.5-0.5B,gaa,Ga,Latn,alphabet,1.0,1.0,,direct,0.0
Qwen/Qwen2.5-0.5B,gd,Scottish Gaelic,Latn,alphabet,1.0,1.0,,direct,0.0
Qwen/Qwen2.5-0.5B,gez,Geez,Ethi,syllabary,0.4742,0.5793,,within_script_only,0.10510000000000003
Qwen/Qwen2.5-0.5B,gl,Galician,Latn,alphabet,1.0,1.0,,direct,0.0
Qwen/Qwen2.5-0.5B,gn,Guarani,Latn,alphabet,0.9667,0.9733,,direct,0.00660000000000005
Qwen/Qwen2.5-0.5B,gsw,Swiss German,Latn,alphabet,1.0,1.0,,direct,0.0
Qwen/Qwen2.5-0.5B,gu,Gujarati,Gujr,abugida,0.2353,0.3882,,direct,0.15289999999999998
Qwen/Qwen2.5-0.5B,guz,Gusii,Latn,alphabet,1.0,1.0,,direct,0.0
Qwen/Qwen2.5-0.5B,gv,Manx,Latn,alphabet,1.0,1.0,,direct,0.0
Qwen/Qwen2.5-0.5B,ha,Hausa,Latn,alphabet,0.963,0.9704,,direct,0.007400000000000073
Qwen/Qwen2.5-0.5B,haw,Hawaiian,Latn,alphabet,1.0,1.0,,direct,0.0
Qwen/Qwen2.5-0.5B,he,Hebrew,Hebr,abjad,1.0,1.0,,direct,0.0
Qwen/Qwen2.5-0.5B,hi,Hindi,Deva,abugida,0.806,0.8448,,direct,0.038799999999999946
Qwen/Qwen2.5-0.5B,hnj,Hmong Njua,Hmnp,alphabet,0.0,0.2,,direct,0.2
Qwen/Qwen2.5-0.5B,hr,Croatian,Latn,alphabet,1.0,1.0,,direct,0.0
Qwen/Qwen2.5-0.5B,hsb,Upper Sorbian,Latn,alphabet,1.0,1.0,,direct,0.0
Qwen/Qwen2.5-0.5B,ht,Haitian Creole,Latn,alphabet,1.0,1.0,,direct,0.0
Qwen/Qwen2.5-0.5B,hu,Hungarian,Latn,alphabet,1.0,1.0,,direct,0.0
Qwen/Qwen2.5-0.5B,hy,Armenian,Armn,alphabet,1.0,1.0,,direct,0.0
Qwen/Qwen2.5-0.5B,ia,Interlingua,Latn,alphabet,1.0,1.0,,direct,0.0
Qwen/Qwen2.5-0.5B,id,Indonesian,Latn,alphabet,1.0,1.0,,direct,0.0
Qwen/Qwen2.5-0.5B,ie,Interlingue,Latn,alphabet,1.0,1.0,,direct,0.0
Qwen/Qwen2.5-0.5B,ig,Igbo,Latn,alphabet,1.0,1.0,,direct,0.0
Qwen/Qwen2.5-0.5B,ii,Sichuan Yi,Yiii,syllabary,0.0086,0.2069,,within_script_only,0.1983
Qwen/Qwen2.5-0.5B,io,Ido,Latn,alphabet,1.0,1.0,,direct,0.0
Qwen/Qwen2.5-0.5B,is,Icelandic,Latn,alphabet,1.0,1.0,,direct,0.0
Qwen/Qwen2.5-0.5B,it,Italian,Latn,alphabet,1.0,1.0,,direct,0.0
Qwen/Qwen2.5-0.5B,iu,Inuktitut,Cans,syllabary,0.2477,0.3982,,within_script_only,0.1505
Qwen/Qwen2.5-0.5B,ja,Japanese,Jpan,mixed_logographic,0.8412,0.8727,,within_script_only,0.031500000000000083
Qwen/Qwen2.5-0.5B,jbo,Lojban,Latn,alphabet,1.0,1.0,,direct,0.0
Qwen/Qwen2.5-0.5B,jgo,Ngomba,Latn,alphabet,0.8889,0.9111,,direct,0.022199999999999998
Qwen/Qwen2.5-0.5B,jmc,Machame,Latn,alphabet,1.0,1.0,,direct,0.0
Qwen/Qwen2.5-0.5B,jv,Javanese,Latn,alphabet,1.0,1.0,,direct,0.0
Qwen/Qwen2.5-0.5B,ka,Georgian,Geor,alphabet,0.9394,0.9515,,direct,0.0121
Qwen/Qwen2.5-0.5B,kaa,Kara-Kalpak,Cyrl,alphabet,1.0,1.0,,direct,0.0
Qwen/Qwen2.5-0.5B,kab,Kabyle,Latn,alphabet,1.0,1.0,,direct,0.0
Qwen/Qwen2.5-0.5B,kaj,Jju,Latn,alphabet,1.0,1.0,,direct,0.0
Qwen/Qwen2.5-0.5B,kam,Kamba,Latn,alphabet,1.0,1.0,,direct,0.0
Qwen/Qwen2.5-0.5B,kcg,Tyap,Latn,alphabet,0.96,0.968,,direct,0.008000000000000007
Qwen/Qwen2.5-0.5B,kde,Makonde,Latn,alphabet,1.0,1.0,,direct,0.0
Qwen/Qwen2.5-0.5B,kea,Kabuverdianu,Latn,alphabet,1.0,1.0,,direct,0.0
Qwen/Qwen2.5-0.5B,ken,Kenyang,Latn,alphabet,0.9756,0.9805,,direct,0.0049000000000000155
Qwen/Qwen2.5-0.5B,kgp,Kaingang,Latn,alphabet,1.0,1.0,,direct,0.0
Qwen/Qwen2.5-0.5B,khq,Koyra Chiini,Latn,alphabet,1.0,1.0,,direct,0.0
Qwen/Qwen2.5-0.5B,ki,Kikuyu,Latn,alphabet,1.0,1.0,,direct,0.0
Qwen/Qwen2.5-0.5B,kk,Kazakh,Cyrl,alphabet,1.0,1.0,,direct,0.0
Qwen/Qwen2.5-0.5B,kkj,Kako,Latn,alphabet,0.9574,0.966,,direct,0.008599999999999941
Qwen/Qwen2.5-0.5B,kl,Kalaallisut,Latn,alphabet,1.0,1.0,,direct,0.0
Qwen/Qwen2.5-0.5B,kln,Kalenjin,Latn,alphabet,1.0,1.0,,direct,0.0
Qwen/Qwen2.5-0.5B,km,Khmer,Khmr,abugida,0.4861,0.5889,,direct,0.1028
Qwen/Qwen2.5-0.5B,kn,Kannada,Knda,abugida,0.3521,0.4817,,direct,0.1296
Qwen/Qwen2.5-0.5B,ko,Korean,Kore,featural_syllabary,0.2248,0.3799,0.7134,within_script_only,0.15510000000000002
Qwen/Qwen2.5-0.5B,kok,Konkani,Deva,abugida,0.7013,0.761,,direct,0.059699999999999975
Qwen/Qwen2.5-0.5B,kpe,Kpelle,Latn,alphabet,1.0,1.0,,direct,0.0
Qwen/Qwen2.5-0.5B,ks,Kashmiri,Arab,abjad,0.9783,0.9826,,direct,0.0043000000000000815
Qwen/Qwen2.5-0.5B,ksb,Shambala,Latn,alphabet,1.0,1.0,,direct,0.0
Qwen/Qwen2.5-0.5B,ksf,Bafia,Latn,alphabet,1.0,1.0,,direct,0.0
Qwen/Qwen2.5-0.5B,ksh,Colognian,Latn,alphabet,1.0,1.0,,direct,0.0
Qwen/Qwen2.5-0.5B,ku,Kurdish,Latn,alphabet,1.0,1.0,,direct,0.0
Qwen/Qwen2.5-0.5B,kw,Cornish,Latn,alphabet,1.0,1.0,,direct,0.0
Qwen/Qwen2.5-0.5B,kxv,Kuvi,Latn,alphabet,1.0,1.0,,direct,0.0
Qwen/Qwen2.5-0.5B,ky,Kyrgyz,Cyrl,alphabet,1.0,1.0,,direct,0.0
Qwen/Qwen2.5-0.5B,la,Latin,Latn,alphabet,1.0,1.0,,direct,0.0
Qwen/Qwen2.5-0.5B,lag,Langi,Latn,alphabet,1.0,1.0,,direct,0.0
Qwen/Qwen2.5-0.5B,lb,Luxembourgish,Latn,alphabet,1.0,1.0,,direct,0.0
Qwen/Qwen2.5-0.5B,lg,Ganda,Latn,alphabet,1.0,1.0,,direct,0.0
Qwen/Qwen2.5-0.5B,lij,Ligurian,Latn,alphabet,1.0,1.0,,direct,0.0
Qwen/Qwen2.5-0.5B,lkt,Lakota,Latn,alphabet,1.0,1.0,,direct,0.0
Qwen/Qwen2.5-0.5B,lld,lld,Latn,alphabet,1.0,1.0,,direct,0.0
Qwen/Qwen2.5-0.5B,lmo,Lombard,Latn,alphabet,1.0,1.0,,direct,0.0
Qwen/Qwen2.5-0.5B,ln,Lingala,Latn,alphabet,0.9512,0.961,,direct,0.00979999999999992
Qwen/Qwen2.5-0.5B,lo,Lao,Laoo,abugida,0.6,0.68,,direct,0.08000000000000007
Qwen/Qwen2.5-0.5B,lrc,Northern Luri,Arab,abjad,0.9535,0.9628,,direct,0.009299999999999975
Qwen/Qwen2.5-0.5B,lt,Lithuanian,Latn,alphabet,1.0,1.0,,direct,0.0
Qwen/Qwen2.5-0.5B,ltg,Latgalian,Latn,alphabet,1.0,1.0,,direct,0.0
Qwen/Qwen2.5-0.5B,lu,Luba-Katanga,Latn,alphabet,1.0,1.0,,direct,0.0
Qwen/Qwen2.5-0.5B,luo,Luo,Latn,alphabet,1.0,1.0,,direct,0.0
Qwen/Qwen2.5-0.5B,luy,Luyia,Latn,alphabet,1.0,1.0,,direct,0.0
Qwen/Qwen2.5-0.5B,lv,Latvian,Latn,alphabet,1.0,1.0,,direct,0.0
Qwen/Qwen2.5-0.5B,mai,Maithili,Deva,abugida,0.8889,0.9111,,direct,0.022199999999999998
Qwen/Qwen2.5-0.5B,mas,Masai,Latn,alphabet,1.0,1.0,,direct,0.0
Qwen/Qwen2.5-0.5B,mdf,Moksha,Cyrl,alphabet,1.0,1.0,,direct,0.0
Qwen/Qwen2.5-0.5B,mer,Meru,Latn,alphabet,1.0,1.0,,direct,0.0
Qwen/Qwen2.5-0.5B,mfe,Morisyen,Latn,alphabet,1.0,1.0,,direct,0.0
Qwen/Qwen2.5-0.5B,mg,Malagasy,Latn,alphabet,1.0,1.0,,direct,0.0
Qwen/Qwen2.5-0.5B,mgh,Makhuwa-Meetto,Latn,alphabet,1.0,1.0,,direct,0.0
Qwen/Qwen2.5-0.5B,mgo,Metaʼ,Latn,alphabet,1.0,1.0,,direct,0.0
Qwen/Qwen2.5-0.5B,mhn,mhn,Latn,alphabet,1.0,1.0,,direct,0.0
Qwen/Qwen2.5-0.5B,mi,Māori,Latn,alphabet,1.0,1.0,,direct,0.0
Qwen/Qwen2.5-0.5B,mic,Mi'kmaw,Latn,alphabet,1.0,1.0,,direct,0.0
Qwen/Qwen2.5-0.5B,mk,Macedonian,Cyrl,alphabet,1.0,1.0,,direct,0.0
Qwen/Qwen2.5-0.5B,ml,Malayalam,Mlym,abugida,0.5098,0.6078,,direct,0.09799999999999998
Qwen/Qwen2.5-0.5B,mn,Mongolian,Cyrl,alphabet,1.0,1.0,,direct,0.0
Qwen/Qwen2.5-0.5B,mni,Manipuri,Beng,abugida,0.661,0.7288,,direct,0.06779999999999997
Qwen/Qwen2.5-0.5B,moh,Mohawk,Latn,alphabet,1.0,1.0,,direct,0.0
Qwen/Qwen2.5-0.5B,mr,Marathi,Deva,abugida,0.8438,0.875,,direct,0.031200000000000006
Qwen/Qwen2.5-0.5B,ms,Malay,Latn,alphabet,1.0,1.0,,direct,0.0
Qwen/Qwen2.5-0.5B,mt,Maltese,Latn,alphabet,1.0,1.0,,direct,0.0
Qwen/Qwen2.5-0.5B,mua,Mundang,Latn,alphabet,0.9697,0.9758,,direct,0.006099999999999994
Qwen/Qwen2.5-0.5B,mus,Muscogee,Latn,alphabet,1.0,1.0,,direct,0.0
Qwen/Qwen2.5-0.5B,my,Burmese,Mymr,abugida,0.55,0.64,,direct,0.08999999999999997
Qwen/Qwen2.5-0.5B,myv,Erzya,Cyrl,alphabet,1.0,1.0,,direct,0.0
Qwen/Qwen2.5-0.5B,mzn,Mazanderani,Arab,abjad,0.9302,0.9442,,direct,0.014000000000000012
Qwen/Qwen2.5-0.5B,naq,Nama,Latn,alphabet,1.0,1.0,,direct,0.0
Qwen/Qwen2.5-0.5B,nd,North Ndebele,Latn,alphabet,1.0,1.0,,direct,0.0
Qwen/Qwen2.5-0.5B,nds,Low German,Latn,alphabet,1.0,1.0,,direct,0.0
Qwen/Qwen2.5-0.5B,ne,Nepali,Deva,abugida,0.806,0.8448,,direct,0.038799999999999946
Qwen/Qwen2.5-0.5B,nl,Dutch,Latn,alphabet,1.0,1.0,,direct,0.0
Qwen/Qwen2.5-0.5B,nmg,Kwasio,Latn,alphabet,0.9474,0.9579,,direct,0.010499999999999954
Qwen/Qwen2.5-0.5B,nnh,Ngiemboon,Latn,alphabet,0.963,0.9704,,direct,0.007400000000000073
Qwen/Qwen2.5-0.5B,no,Norwegian,Latn,alphabet,1.0,1.0,,direct,0.0
Qwen/Qwen2.5-0.5B,nqo,N’Ko,Nkoo,alphabet,0.7073,0.7659,,direct,0.058599999999999985
Qwen/Qwen2.5-0.5B,nr,South Ndebele,Latn,alphabet,1.0,1.0,,direct,0.0
Qwen/Qwen2.5-0.5B,nso,Northern Sotho,Latn,alphabet,1.0,1.0,,direct,0.0
Qwen/Qwen2.5-0.5B,nus,Nuer,Latn,alphabet,0.9444,0.9556,,direct,0.011199999999999988
Qwen/Qwen2.5-0.5B,nv,Navajo,Latn,alphabet,1.0,1.0,,direct,0.0
Qwen/Qwen2.5-0.5B,ny,Nyanja,Latn,alphabet,1.0,1.0,,direct,0.0
Qwen/Qwen2.5-0.5B,nyn,Nyankole,Latn,alphabet,1.0,1.0,,direct,0.0
Qwen/Qwen2.5-0.5B,oc,Occitan,Latn,alphabet,1.0,1.0,,direct,0.0
Qwen/Qwen2.5-0.5B,om,Oromo,Latn,alphabet,1.0,1.0,,direct,0.0
Qwen/Qwen2.5-0.5B,or,Odia,Orya,abugida,0.0806,0.2645,,direct,0.1839
Qwen/Qwen2.5-0.5B,os,Ossetic,Cyrl,alphabet,1.0,1.0,,direct,0.0
Qwen/Qwen2.5-0.5B,osa,Osage,Osge,alphabet,0.025,0.22,,direct,0.195
Qwen/Qwen2.5-0.5B,pa,Punjabi,Guru,abugida,0.1471,0.3176,,direct,0.17049999999999998
Qwen/Qwen2.5-0.5B,pap,Papiamento,Latn,alphabet,1.0,1.0,,direct,0.0
Qwen/Qwen2.5-0.5B,pcm,Nigerian Pidgin,Latn,alphabet,1.0,1.0,,direct,0.0
Qwen/Qwen2.5-0.5B,pis,Pijin,Latn,alphabet,1.0,1.0,,direct,0.0
Qwen/Qwen2.5-0.5B,pl,Polish,Latn,alphabet,1.0,1.0,,direct,0.0
Qwen/Qwen2.5-0.5B,prg,Prussian,Latn,alphabet,1.0,1.0,,direct,0.0
Qwen/Qwen2.5-0.5B,ps,Pashto,Arab,abjad,0.9333,0.9467,,direct,0.013399999999999967
Qwen/Qwen2.5-0.5B,pt,Portuguese,Latn,alphabet,1.0,1.0,,direct,0.0
Qwen/Qwen2.5-0.5B,qu,Quechua,Latn,alphabet,1.0,1.0,,direct,0.0
Qwen/Qwen2.5-0.5B,quc,Kʼicheʼ,Latn,alphabet,1.0,1.0,,direct,0.0
Qwen/Qwen2.5-0.5B,raj,Rajasthani,Deva,abugida,0.8367,0.8694,,direct,0.03269999999999995
Qwen/Qwen2.5-0.5B,rhg,Rohingya,Rohg,abjad,0.0,0.2,,direct,0.2
Qwen/Qwen2.5-0.5B,rif,Riffian,Latn,alphabet,1.0,1.0,,direct,0.0
Qwen/Qwen2.5-0.5B,rm,Romansh,Latn,alphabet,1.0,1.0,,direct,0.0
Qwen/Qwen2.5-0.5B,rn,Rundi,Latn,alphabet,1.0,1.0,,direct,0.0
Qwen/Qwen2.5-0.5B,ro,Romanian,Latn,alphabet,1.0,1.0,,direct,0.0
Qwen/Qwen2.5-0.5B,rof,Rombo,Latn,alphabet,1.0,1.0,,direct,0.0
Qwen/Qwen2.5-0.5B,ru,Russian,Cyrl,alphabet,1.0,1.0,,direct,0.0
Qwen/Qwen2.5-0.5B,rw,Kinyarwanda,Latn,alphabet,1.0,1.0,,direct,0.0
Qwen/Qwen2.5-0.5B,rwk,Rwa,Latn,alphabet,1.0,1.0,,direct,0.0
Qwen/Qwen2.5-0.5B,sa,Sanskrit,Deva,abugida,0.7714,0.8171,,direct,0.045700000000000074
Qwen/Qwen2.5-0.5B,sah,Yakut,Cyrl,alphabet,1.0,1.0,,direct,0.0
Qwen/Qwen2.5-0.5B,saq,Samburu,Latn,alphabet,1.0,1.0,,direct,0.0
Qwen/Qwen2.5-0.5B,sat,Santali,Olck,alphabet,0.0278,0.2222,,direct,0.19440000000000002
Qwen/Qwen2.5-0.5B,sbp,Sangu,Latn,alphabet,1.0,1.0,,direct,0.0
Qwen/Qwen2.5-0.5B,sc,Sardinian,Latn,alphabet,1.0,1.0,,direct,0.0
Qwen/Qwen2.5-0.5B,scn,Sicilian,Latn,alphabet,1.0,1.0,,direct,0.0
Qwen/Qwen2.5-0.5B,sd,Sindhi,Arab,abjad,0.8846,0.9077,,direct,0.0230999999999999
Qwen/Qwen2.5-0.5B,sdh,Southern Kurdish,Arab,abjad,1.0,1.0,,direct,0.0
Qwen/Qwen2.5-0.5B,se,Northern Sami,Latn,alphabet,1.0,1.0,,direct,0.0
Qwen/Qwen2.5-0.5B,seh,Sena,Latn,alphabet,1.0,1.0,,direct,0.0
Qwen/Qwen2.5-0.5B,ses,Koyraboro Senni,Latn,alphabet,1.0,1.0,,direct,0.0
Qwen/Qwen2.5-0.5B,sg,Sango,Latn,alphabet,1.0,1.0,,direct,0.0
Qwen/Qwen2.5-0.5B,shi,Tachelhit,Tfng,alphabet,0.75,0.8,,direct,0.050000000000000044
Qwen/Qwen2.5-0.5B,shn,Shan,Mymr,abugida,0.3043,0.4435,,direct,0.1392
Qwen/Qwen2.5-0.5B,si,Sinhala,Sinh,abugida,0.3378,0.4703,,direct,0.1325
Qwen/Qwen2.5-0.5B,sid,Sidamo,Latn,alphabet,1.0,1.0,,direct,0.0
Qwen/Qwen2.5-0.5B,sk,Slovak,Latn,alphabet,1.0,1.0,,direct,0.0
Qwen/Qwen2.5-0.5B,skr,skr,Arab,abjad,0.9592,0.9673,,direct,0.008099999999999996
Qwen/Qwen2.5-0.5B,sl,Slovenian,Latn,alphabet,1.0,1.0,,direct,0.0
Qwen/Qwen2.5-0.5B,sma,Southern Sami,Latn,alphabet,1.0,1.0,,direct,0.0
Qwen/Qwen2.5-0.5B,smj,Lule Sami,Latn,alphabet,1.0,1.0,,direct,0.0
Qwen/Qwen2.5-0.5B,smn,Inari Sami,Latn,alphabet,1.0,1.0,,direct,0.0
Qwen/Qwen2.5-0.5B,sms,Skolt Sami,Latn,alphabet,0.9722,0.9778,,direct,0.005600000000000049
Qwen/Qwen2.5-0.5B,sn,Shona,Latn,alphabet,1.0,1.0,,direct,0.0
Qwen/Qwen2.5-0.5B,so,Somali,Latn,alphabet,1.0,1.0,,direct,0.0
Qwen/Qwen2.5-0.5B,sq,Albanian,Latn,alphabet,1.0,1.0,,direct,0.0
Qwen/Qwen2.5-0.5B,sr,Serbian,Cyrl,alphabet,1.0,1.0,,direct,0.0
Qwen/Qwen2.5-0.5B,ss,Swati,Latn,alphabet,1.0,1.0,,direct,0.0
Qwen/Qwen2.5-0.5B,ssy,Saho,Latn,alphabet,1.0,1.0,,direct,0.0
Qwen/Qwen2.5-0.5B,st,Southern Sotho,Latn,alphabet,1.0,1.0,,direct,0.0
Qwen/Qwen2.5-0.5B,su,Sundanese,Latn,alphabet,1.0,1.0,,direct,0.0
Qwen/Qwen2.5-0.5B,sv,Swedish,Latn,alphabet,1.0,1.0,,direct,0.0
Qwen/Qwen2.5-0.5B,sw,Swahili,Latn,alphabet,1.0,1.0,,direct,0.0
Qwen/Qwen2.5-0.5B,syr,Syriac,Syrc,abjad,0.4143,0.5314,,direct,0.11709999999999998
Qwen/Qwen2.5-0.5B,szl,Silesian,Latn,alphabet,1.0,1.0,,direct,0.0
Qwen/Qwen2.5-0.5B,ta,Tamil,Taml,abugida,0.5957,0.6766,,direct,0.08089999999999997
Qwen/Qwen2.5-0.5B,te,Telugu,Telu,abugida,0.2,0.36,,direct,0.15999999999999998
Qwen/Qwen2.5-0.5B,teo,Teso,Latn,alphabet,1.0,1.0,,direct,0.0
Qwen/Qwen2.5-0.5B,tg,Tajik,Cyrl,alphabet,1.0,1.0,,direct,0.0
Qwen/Qwen2.5-0.5B,th,Thai,Thai,abugida,0.9548,0.963,,direct,0.008199999999999985
Qwen/Qwen2.5-0.5B,ti,Tigrinya,Ethi,syllabary,0.3721,0.4977,,within_script_only,0.1256
Qwen/Qwen2.5-0.5B,tig,Tigre,Ethi,syllabary,0.2611,0.4088,,within_script_only,0.1477
Qwen/Qwen2.5-0.5B,tk,Turkmen,Latn,alphabet,1.0,1.0,,direct,0.0
Qwen/Qwen2.5-0.5B,tn,Tswana,Latn,alphabet,1.0,1.0,,direct,0.0
Qwen/Qwen2.5-0.5B,to,Tongan,Latn,alphabet,1.0,1.0,,direct,0.0
Qwen/Qwen2.5-0.5B,tok,Toki Pona,Latn,alphabet,1.0,1.0,,direct,0.0
Qwen/Qwen2.5-0.5B,tpi,Tok Pisin,Latn,alphabet,1.0,1.0,,direct,0.0
Qwen/Qwen2.5-0.5B,tr,Turkish,Latn,alphabet,1.0,1.0,,direct,0.0
Qwen/Qwen2.5-0.5B,trv,Taroko,Latn,alphabet,1.0,1.0,,direct,0.0
Qwen/Qwen2.5-0.5B,trw,Torwali,Arab,abjad,0.9167,0.9333,,direct,0.01660000000000006
Qwen/Qwen2.5-0.5B,ts,Tsonga,Latn,alphabet,1.0,1.0,,direct,0.0
Qwen/Qwen2.5-0.5B,tt,Tatar,Cyrl,alphabet,1.0,1.0,,direct,0.0
Qwen/Qwen2.5-0.5B,twq,Tasawaq,Latn,alphabet,1.0,1.0,,direct,0.0
Qwen/Qwen2.5-0.5B,tyv,Tuvinian,Cyrl,alphabet,1.0,1.0,,direct,0.0
Qwen/Qwen2.5-0.5B,tzm,Central Atlas Tamazight,Latn,alphabet,1.0,1.0,,direct,0.0
Qwen/Qwen2.5-0.5B,ug,Uyghur,Arab,abjad,1.0,1.0,,direct,0.0
Qwen/Qwen2.5-0.5B,uk,Ukrainian,Cyrl,alphabet,1.0,1.0,,direct,0.0
Qwen/Qwen2.5-0.5B,ur,Urdu,Arab,abjad,1.0,1.0,,direct,0.0
Qwen/Qwen2.5-0.5B,uz,Uzbek,Latn,alphabet,1.0,1.0,,direct,0.0
Qwen/Qwen2.5-0.5B,vai,Vai,Vaii,syllabary,0.0036,0.2029,,within_script_only,0.1993
Qwen/Qwen2.5-0.5B,ve,Venda,Latn,alphabet,0.8929,0.9143,,direct,0.021399999999999975
Qwen/Qwen2.5-0.5B,vec,Venetian,Latn,alphabet,1.0,1.0,,direct,0.0
Qwen/Qwen2.5-0.5B,vi,Vietnamese,Latn,alphabet,1.0,1.0,,direct,0.0
Qwen/Qwen2.5-0.5B,vmw,Makhuwa,Latn,alphabet,1.0,1.0,,direct,0.0
Qwen/Qwen2.5-0.5B,vo,Volapük,Latn,alphabet,1.0,1.0,,direct,0.0
Qwen/Qwen2.5-0.5B,vun,Vunjo,Latn,alphabet,1.0,1.0,,direct,0.0
Qwen/Qwen2.5-0.5B,wa,Walloon,Latn,alphabet,1.0,1.0,,direct,0.0
Qwen/Qwen2.5-0.5B,wae,Walser,Latn,alphabet,1.0,1.0,,direct,0.0
Qwen/Qwen2.5-0.5B,wal,Wolaytta,Ethi,syllabary,0.2639,0.4111,,within_script_only,0.1472
Qwen/Qwen2.5-0.5B,wbp,Warlpiri,Latn,alphabet,1.0,1.0,,direct,0.0
Qwen/Qwen2.5-0.5B,wo,Wolof,Latn,alphabet,1.0,1.0,,direct,0.0
Qwen/Qwen2.5-0.5B,xh,Xhosa,Latn,alphabet,1.0,1.0,,direct,0.0
Qwen/Qwen2.5-0.5B,xnr,Kangri,Deva,abugida,0.7879,0.8303,,direct,0.04239999999999999
Qwen/Qwen2.5-0.5B,xog,Soga,Latn,alphabet,1.0,1.0,,direct,0.0
Qwen/Qwen2.5-0.5B,yav,Yangben,Latn,alphabet,1.0,1.0,,direct,0.0
Qwen/Qwen2.5-0.5B,yi,Yiddish,Hebr,abjad,0.8441,0.8735,,direct,0.029400000000000093
Qwen/Qwen2.5-0.5B,yo,Yoruba,Latn,alphabet,0.975,0.98,,direct,0.0050000000000000044
Qwen/Qwen2.5-0.5B,yrl,Nheengatu,Latn,alphabet,1.0,1.0,,direct,0.0
Qwen/Qwen2.5-0.5B,yue,Cantonese,Hant,logographic,0.8811,0.9047,,within_script_only,0.023599999999999954
Qwen/Qwen2.5-0.5B,za,Zhuang,Latn,alphabet,1.0,1.0,,direct,0.0
Qwen/Qwen2.5-0.5B,zgh,Standard Moroccan Tamazight,Tfng,alphabet,0.75,0.8,,direct,0.050000000000000044
Qwen/Qwen2.5-0.5B,zh,Chinese,Hans,logographic,0.9995,0.9996,,within_script_only,9.999999999998899e-05
Qwen/Qwen2.5-0.5B,zu,Zulu,Latn,alphabet,1.0,1.0,,direct,0.0
Qwen/Qwen2.5-72B,aa,Afar,Latn,alphabet,1.0,1.0,,direct,0.0
Qwen/Qwen2.5-72B,ab,Abkhazian,Cyrl,alphabet,0.875,0.9,,direct,0.025000000000000022
Qwen/Qwen2.5-72B,af,Afrikaans,Latn,alphabet,1.0,1.0,,direct,0.0
Qwen/Qwen2.5-72B,agq,Aghem,Latn,alphabet,0.9423,0.9538,,direct,0.011499999999999955
Qwen/Qwen2.5-72B,ak,Akan,Latn,alphabet,1.0,1.0,,direct,0.0
Qwen/Qwen2.5-72B,am,Amharic,Ethi,syllabary,0.3936,0.5149,,within_script_only,0.12130000000000002
Qwen/Qwen2.5-72B,an,Aragonese,Latn,alphabet,1.0,1.0,,direct,0.0
Qwen/Qwen2.5-72B,ann,Obolo,Latn,alphabet,0.9744,0.9795,,direct,0.005099999999999993
Qwen/Qwen2.5-72B,apc,apc,Arab,abjad,0.9333,0.9467,,direct,0.013399999999999967
Qwen/Qwen2.5-72B,ar,Arabic,Arab,abjad,0.9333,0.9467,,direct,0.013399999999999967
Qwen/Qwen2.5-72B,arn,Mapuche,Latn,alphabet,0.96,0.968,,direct,0.008000000000000007
Qwen/Qwen2.5-72B,as,Assamese,Beng,abugida,0.6441,0.7153,,direct,0.07120000000000004
Qwen/Qwen2.5-72B,asa,Asu,Latn,alphabet,1.0,1.0,,direct,0.0
Qwen/Qwen2.5-72B,ast,Asturian,Latn,alphabet,1.0,1.0,,direct,0.0
Qwen/Qwen2.5-72B,az,Azerbaijani,Latn,alphabet,1.0,1.0,,direct,0.0
Qwen/Qwen2.5-72B,ba,Bashkir,Cyrl,alphabet,1.0,1.0,,direct,0.0
Qwen/Qwen2.5-72B,bal,Baluchi,Arab,abjad,1.0,1.0,,direct,0.0
Qwen/Qwen2.5-72B,bas,Basaa,Latn,alphabet,0.9194,0.9355,,direct,0.016100000000000003
Qwen/Qwen2.5-72B,be,Belarusian,Cyrl,alphabet,1.0,1.0,,direct,0.0
Qwen/Qwen2.5-72B,bem,Bemba,Latn,alphabet,1.0,1.0,,direct,0.0
Qwen/Qwen2.5-72B,bew,Betawi,Latn,alphabet,1.0,1.0,,direct,0.0
Qwen/Qwen2.5-72B,bez,Bena,Latn,alphabet,1.0,1.0,,direct,0.0
Qwen/Qwen2.5-72B,bg,Bulgarian,Cyrl,alphabet,1.0,1.0,,direct,0.0
Qwen/Qwen2.5-72B,bgc,Haryanvi,Deva,abugida,0.8621,0.8897,,direct,0.02760000000000007
Qwen/Qwen2.5-72B,bgn,Western Balochi,Arab,abjad,1.0,1.0,,direct,0.0
Qwen/Qwen2.5-72B,bho,Bhojpuri,Deva,abugida,0.8333,0.8667,,direct,0.033399999999999985
Qwen/Qwen2.5-72B,blo,Anii,Latn,alphabet,0.9796,0.9837,,direct,0.0040999999999999925
Qwen/Qwen2.5-72B,blt,Tai Dam,Tavt,abugida,0.2031,0.3625,,direct,0.1594
Qwen/Qwen2.5-72B,bm,Bambara,Latn,alphabet,1.0,1.0,,direct,0.0
Qwen/Qwen2.5-72B,bn,Bangla,Beng,abugida,0.6324,0.7059,,direct,0.07350000000000001
Qwen/Qwen2.5-72B,bo,Tibetan,Tibt,abugida,0.2644,0.4115,,direct,0.14709999999999995
Qwen/Qwen2.5-72B,br,Breton,Latn,alphabet,1.0,1.0,,direct,0.0
Qwen/Qwen2.5-72B,brx,Bodo,Deva,abugida,0.8361,0.8689,,direct,0.03280000000000005
Qwen/Qwen2.5-72B,bs,Bosnian,Latn,alphabet,1.0,1.0,,direct,0.0
Qwen/Qwen2.5-72B,bss,Akoose,Latn,alphabet,0.9423,0.9538,,direct,0.011499999999999955
Qwen/Qwen2.5-72B,byn,Blin,Ethi,syllabary,0.3806,0.5045,,within_script_only,0.12389999999999995
Qwen/Qwen2.5-72B,ca,Catalan,Latn,alphabet,1.0,1.0,,direct,0.0
Qwen/Qwen2.5-72B,cad,Caddo,Latn,alphabet,0.9667,0.9733,,direct,0.00660000000000005
Qwen/Qwen2.5-72B,cch,Atsam,Latn,alphabet,0.9286,0.9429,,direct,0.01429999999999998
Qwen/Qwen2.5-72B,ccp,Chakma,Cakm,abugida,0.0,0.2,,direct,0.2
Qwen/Qwen2.5-72B,ce,Chechen,Cyrl,alphabet,1.0,1.0,,direct,0.0
Qwen/Qwen2.5-72B,ceb,Cebuano,Latn,alphabet,1.0,1.0,,direct,0.0
Qwen/Qwen2.5-72B,cgg,Chiga,Latn,alphabet,1.0,1.0,,direct,0.0
Qwen/Qwen2.5-72B,cho,Choctaw,Latn,alphabet,0.9524,0.9619,,direct,0.009499999999999953
Qwen/Qwen2.5-72B,chr,Cherokee,Cher,syllabary,0.0,0.2,,within_script_only,0.2
Qwen/Qwen2.5-72B,cic,Chickasaw,Latn,alphabet,0.9474,0.9579,,direct,0.010499999999999954
Qwen/Qwen2.5-72B,ckb,Central Kurdish,Arab,abjad,1.0,1.0,,direct,0.0
Qwen/Qwen2.5-72B,co,Corsican,Latn,alphabet,1.0,1.0,,direct,0.0
Qwen/Qwen2.5-72B,cop,Coptic,Copt,alphabet,0.125,0.3,,direct,0.175
Qwen/Qwen2.5-72B,cs,Czech,Latn,alphabet,1.0,1.0,,direct,0.0
Qwen/Qwen2.5-72B,csw,Swampy Cree,Cans,syllabary,0.268,0.4144,,within_script_only,0.14639999999999997
Qwen/Qwen2.5-72B,cu,Church Slavic,Cyrl,alphabet,0.6389,0.7111,,direct,0.07219999999999993
Qwen/Qwen2.5-72B,cv,Chuvash,Cyrl,alphabet,1.0,1.0,,direct,0.0
Qwen/Qwen2.5-72B,cy,Welsh,Latn,alphabet,0.9592,0.9673,,direct,0.008099999999999996
Qwen/Qwen2.5-72B,da,Danish,Latn,alphabet,1.0,1.0,,direct,0.0
Qwen/Qwen2.5-72B,dav,Taita,Latn,alphabet,1.0,1.0,,direct,0.0
Qwen/Qwen2.5-72B,de,German,Latn,alphabet,1.0,1.0,,direct,0.0
Qwen/Qwen2.5-72B,dje,Zarma,Latn,alphabet,1.0,1.0,,direct,0.0
Qwen/Qwen2.5-72B,doi,Dogri,Deva,abugida,0.7714,0.8171,,direct,0.045700000000000074
Qwen/Qwen2.5-72B,dsb,Lower Sorbian,Latn,alphabet,1.0,1.0,,direct,0.0
Qwen/Qwen2.5-72B,dua,Duala,Latn,alphabet,1.0,1.0,,direct,0.0
Qwen/Qwen2.5-72B,dv,Divehi,Thaa,abjad,0.1714,0.3371,,direct,0.16570000000000001
Qwen/Qwen2.5-72B,dyo,Jola-Fonyi,Latn,alphabet,1.0,1.0,,direct,0.0
Qwen/Qwen2.5-72B,dz,Dzongkha,Tibt,abugida,0.3966,0.5172,,direct,0.12059999999999998
Qwen/Qwen2.5-72B,ebu,Embu,Latn,alphabet,1.0,1.0,,direct,0.0
Qwen/Qwen2.5-72B,ee,Ewe,Latn,alphabet,0.9792,0.9833,,direct,0.0040999999999999925
Qwen/Qwen2.5-72B,el,Greek,Grek,alphabet,1.0,1.0,,direct,0.0
Qwen/Qwen2.5-72B,en,English,Latn,alphabet,1.0,1.0,,direct,0.0
Qwen/Qwen2.5-72B,eo,Esperanto,Latn,alphabet,1.0,1.0,,direct,0.0
Qwen/Qwen2.5-72B,es,Spanish,Latn,alphabet,1.0,1.0,,direct,0.0
Qwen/Qwen2.5-72B,et,Estonian,Latn,alphabet,1.0,1.0,,direct,0.0
Qwen/Qwen2.5-72B,eu,Basque,Latn,alphabet,1.0,1.0,,direct,0.0
Qwen/Qwen2.5-72B,ewo,Ewondo,Latn,alphabet,0.9615,0.9692,,direct,0.007699999999999929
Qwen/Qwen2.5-72B,fa,Persian,Arab,abjad,0.9302,0.9442,,direct,0.014000000000000012
Qwen/Qwen2.5-72B,ff,Fula,Latn,alphabet,0.963,0.9704,,direct,0.007400000000000073
Qwen/Qwen2.5-72B,fi,Finnish,Latn,alphabet,1.0,1.0,,direct,0.0
Qwen/Qwen2.5-72B,fil,Filipino,Latn,alphabet,1.0,1.0,,direct,0.0
Qwen/Qwen2.5-72B,fo,Faroese,Latn,alphabet,1.0,1.0,,direct,0.0
Qwen/Qwen2.5-72B,fr,French,Latn,alphabet,1.0,1.0,,direct,0.0
Qwen/Qwen2.5-72B,frr,Northern Frisian,Latn,alphabet,1.0,1.0,,direct,0.0
Qwen/Qwen2.5-72B,fur,Friulian,Latn,alphabet,1.0,1.0,,direct,0.0
Qwen/Qwen2.5-72B,fy,Western Frisian,Latn,alphabet,1.0,1.0,,direct,0.0
Qwen/Qwen2.5-72B,ga,Irish,Latn,alphabet,1.0,1.0,,direct,0.0
Qwen/Qwen2.5-72B,gaa,Ga,Latn,alphabet,1.0,1.0,,direct,0.0
Qwen/Qwen2.5-72B,gd,Scottish Gaelic,Latn,alphabet,1.0,1.0,,direct,0.0
Qwen/Qwen2.5-72B,gez,Geez,Ethi,syllabary,0.4742,0.5793,,within_script_only,0.10510000000000003
Qwen/Qwen2.5-72B,gl,Galician,Latn,alphabet,1.0,1.0,,direct,0.0
Qwen/Qwen2.5-72B,gn,Guarani,Latn,alphabet,0.9667,0.9733,,direct,0.00660000000000005
Qwen/Qwen2.5-72B,gsw,Swiss German,Latn,alphabet,1.0,1.0,,direct,0.0
Qwen/Qwen2.5-72B,gu,Gujarati,Gujr,abugida,0.2353,0.3882,,direct,0.15289999999999998
Qwen/Qwen2.5-72B,guz,Gusii,Latn,alphabet,1.0,1.0,,direct,0.0
Qwen/Qwen2.5-72B,gv,Manx,Latn,alphabet,1.0,1.0,,direct,0.0
Qwen/Qwen2.5-72B,ha,Hausa,Latn,alphabet,0.963,0.9704,,direct,0.007400000000000073
Qwen/Qwen2.5-72B,haw,Hawaiian,Latn,alphabet,1.0,1.0,,direct,0.0
Qwen/Qwen2.5-72B,he,Hebrew,Hebr,abjad,1.0,1.0,,direct,0.0
Qwen/Qwen2.5-72B,hi,Hindi,Deva,abugida,0.806,0.8448,,direct,0.038799999999999946
Qwen/Qwen2.5-72B,hnj,Hmong Njua,Hmnp,alphabet,0.0,0.2,,direct,0.2
Qwen/Qwen2.5-72B,hr,Croatian,Latn,alphabet,1.0,1.0,,direct,0.0
Qwen/Qwen2.5-72B,hsb,Upper Sorbian,Latn,alphabet,1.0,1.0,,direct,0.0
Qwen/Qwen2.5-72B,ht,Haitian Creole,Latn,alphabet,1.0,1.0,,direct,0.0
Qwen/Qwen2.5-72B,hu,Hungarian,Latn,alphabet,1.0,1.0,,direct,0.0
Qwen/Qwen2.5-72B,hy,Armenian,Armn,alphabet,1.0,1.0,,direct,0.0
Qwen/Qwen2.5-72B,ia,Interlingua,Latn,alphabet,1.0,1.0,,direct,0.0
Qwen/Qwen2.5-72B,id,Indonesian,Latn,alphabet,1.0,1.0,,direct,0.0
Qwen/Qwen2.5-72B,ie,Interlingue,Latn,alphabet,1.0,1.0,,direct,0.0
Qwen/Qwen2.5-72B,ig,Igbo,Latn,alphabet,1.0,1.0,,direct,0.0
Qwen/Qwen2.5-72B,ii,Sichuan Yi,Yiii,syllabary,0.0086,0.2069,,within_script_only,0.1983
Qwen/Qwen2.5-72B,io,Ido,Latn,alphabet,1.0,1.0,,direct,0.0
Qwen/Qwen2.5-72B,is,Icelandic,Latn,alphabet,1.0,1.0,,direct,0.0
Qwen/Qwen2.5-72B,it,Italian,Latn,alphabet,1.0,1.0,,direct,0.0
Qwen/Qwen2.5-72B,iu,Inuktitut,Cans,syllabary,0.2477,0.3982,,within_script_only,0.1505
Qwen/Qwen2.5-72B,ja,Japanese,Jpan,mixed_logographic,0.8412,0.8727,,within_script_only,0.031500000000000083
Qwen/Qwen2.5-72B,jbo,Lojban,Latn,alphabet,1.0,1.0,,direct,0.0
Qwen/Qwen2.5-72B,jgo,Ngomba,Latn,alphabet,0.8889,0.9111,,direct,0.022199999999999998
Qwen/Qwen2.5-72B,jmc,Machame,Latn,alphabet,1.0,1.0,,direct,0.0
Qwen/Qwen2.5-72B,jv,Javanese,Latn,alphabet,1.0,1.0,,direct,0.0
Qwen/Qwen2.5-72B,ka,Georgian,Geor,alphabet,0.9394,0.9515,,direct,0.0121
Qwen/Qwen2.5-72B,kaa,Kara-Kalpak,Cyrl,alphabet,1.0,1.0,,direct,0.0
Qwen/Qwen2.5-72B,kab,Kabyle,Latn,alphabet,1.0,1.0,,direct,0.0
Qwen/Qwen2.5-72B,kaj,Jju,Latn,alphabet,1.0,1.0,,direct,0.0
Qwen/Qwen2.5-72B,kam,Kamba,Latn,alphabet,1.0,1.0,,direct,0.0
Qwen/Qwen2.5-72B,kcg,Tyap,Latn,alphabet,0.96,0.968,,direct,0.008000000000000007
Qwen/Qwen2.5-72B,kde,Makonde,Latn,alphabet,1.0,1.0,,direct,0.0
Qwen/Qwen2.5-72B,kea,Kabuverdianu,Latn,alphabet,1.0,1.0,,direct,0.0
Qwen/Qwen2.5-72B,ken,Kenyang,Latn,alphabet,0.9756,0.9805,,direct,0.0049000000000000155
Qwen/Qwen2.5-72B,kgp,Kaingang,Latn,alphabet,1.0,1.0,,direct,0.0
Qwen/Qwen2.5-72B,khq,Koyra Chiini,Latn,alphabet,1.0,1.0,,direct,0.0
Qwen/Qwen2.5-72B,ki,Kikuyu,Latn,alphabet,1.0,1.0,,direct,0.0
Qwen/Qwen2.5-72B,kk,Kazakh,Cyrl,alphabet,1.0,1.0,,direct,0.0
Qwen/Qwen2.5-72B,kkj,Kako,Latn,alphabet,0.9574,0.966,,direct,0.008599999999999941
Qwen/Qwen2.5-72B,kl,Kalaallisut,Latn,alphabet,1.0,1.0,,direct,0.0
Qwen/Qwen2.5-72B,kln,Kalenjin,Latn,alphabet,1.0,1.0,,direct,0.0
Qwen/Qwen2.5-72B,km,Khmer,Khmr,abugida,0.4861,0.5889,,direct,0.1028
Qwen/Qwen2.5-72B,kn,Kannada,Knda,abugida,0.3521,0.4817,,direct,0.1296
Qwen/Qwen2.5-72B,ko,Korean,Kore,featural_syllabary,0.2248,0.3799,0.7134,within_script_only,0.15510000000000002
Qwen/Qwen2.5-72B,kok,Konkani,Deva,abugida,0.7013,0.761,,direct,0.059699999999999975
Qwen/Qwen2.5-72B,kpe,Kpelle,Latn,alphabet,1.0,1.0,,direct,0.0
Qwen/Qwen2.5-72B,ks,Kashmiri,Arab,abjad,0.9783,0.9826,,direct,0.0043000000000000815
Qwen/Qwen2.5-72B,ksb,Shambala,Latn,alphabet,1.0,1.0,,direct,0.0
Qwen/Qwen2.5-72B,ksf,Bafia,Latn,alphabet,1.0,1.0,,direct,0.0
Qwen/Qwen2.5-72B,ksh,Colognian,Latn,alphabet,1.0,1.0,,direct,0.0
Qwen/Qwen2.5-72B,ku,Kurdish,Latn,alphabet,1.0,1.0,,direct,0.0
Qwen/Qwen2.5-72B,kw,Cornish,Latn,alphabet,1.0,1.0,,direct,0.0
Qwen/Qwen2.5-72B,kxv,Kuvi,Latn,alphabet,1.0,1.0,,direct,0.0
Qwen/Qwen2.5-72B,ky,Kyrgyz,Cyrl,alphabet,1.0,1.0,,direct,0.0
Qwen/Qwen2.5-72B,la,Latin,Latn,alphabet,1.0,1.0,,direct,0.0
Qwen/Qwen2.5-72B,lag,Langi,Latn,alphabet,1.0,1.0,,direct,0.0
Qwen/Qwen2.5-72B,lb,Luxembourgish,Latn,alphabet,1.0,1.0,,direct,0.0
Qwen/Qwen2.5-72B,lg,Ganda,Latn,alphabet,1.0,1.0,,direct,0.0
Qwen/Qwen2.5-72B,lij,Ligurian,Latn,alphabet,1.0,1.0,,direct,0.0
Qwen/Qwen2.5-72B,lkt,Lakota,Latn,alphabet,1.0,1.0,,direct,0.0
Qwen/Qwen2.5-72B,lld,lld,Latn,alphabet,1.0,1.0,,direct,0.0
Qwen/Qwen2.5-72B,lmo,Lombard,Latn,alphabet,1.0,1.0,,direct,0.0
Qwen/Qwen2.5-72B,ln,Lingala,Latn,alphabet,0.9512,0.961,,direct,0.00979999999999992
Qwen/Qwen2.5-72B,lo,Lao,Laoo,abugida,0.6,0.68,,direct,0.08000000000000007
Qwen/Qwen2.5-72B,lrc,Northern Luri,Arab,abjad,0.9535,0.9628,,direct,0.009299999999999975
Qwen/Qwen2.5-72B,lt,Lithuanian,Latn,alphabet,1.0,1.0,,direct,0.0
Qwen/Qwen2.5-72B,ltg,Latgalian,Latn,alphabet,1.0,1.0,,direct,0.0
Qwen/Qwen2.5-72B,lu,Luba-Katanga,Latn,alphabet,1.0,1.0,,direct,0.0
Qwen/Qwen2.5-72B,luo,Luo,Latn,alphabet,1.0,1.0,,direct,0.0
Qwen/Qwen2.5-72B,luy,Luyia,Latn,alphabet,1.0,1.0,,direct,0.0
Qwen/Qwen2.5-72B,lv,Latvian,Latn,alphabet,1.0,1.0,,direct,0.0
Qwen/Qwen2.5-72B,mai,Maithili,Deva,abugida,0.8889,0.9111,,direct,0.022199999999999998
Qwen/Qwen2.5-72B,mas,Masai,Latn,alphabet,1.0,1.0,,direct,0.0
Qwen/Qwen2.5-72B,mdf,Moksha,Cyrl,alphabet,1.0,1.0,,direct,0.0
Qwen/Qwen2.5-72B,mer,Meru,Latn,alphabet,1.0,1.0,,direct,0.0
Qwen/Qwen2.5-72B,mfe,Morisyen,Latn,alphabet,1.0,1.0,,direct,0.0
Qwen/Qwen2.5-72B,mg,Malagasy,Latn,alphabet,1.0,1.0,,direct,0.0
Qwen/Qwen2.5-72B,mgh,Makhuwa-Meetto,Latn,alphabet,1.0,1.0,,direct,0.0
Qwen/Qwen2.5-72B,mgo,Metaʼ,Latn,alphabet,1.0,1.0,,direct,0.0
Qwen/Qwen2.5-72B,mhn,mhn,Latn,alphabet,1.0,1.0,,direct,0.0
Qwen/Qwen2.5-72B,mi,Māori,Latn,alphabet,1.0,1.0,,direct,0.0
Qwen/Qwen2.5-72B,mic,Mi'kmaw,Latn,alphabet,1.0,1.0,,direct,0.0
Qwen/Qwen2.5-72B,mk,Macedonian,Cyrl,alphabet,1.0,1.0,,direct,0.0
Qwen/Qwen2.5-72B,ml,Malayalam,Mlym,abugida,0.5098,0.6078,,direct,0.09799999999999998
Qwen/Qwen2.5-72B,mn,Mongolian,Cyrl,alphabet,1.0,1.0,,direct,0.0
Qwen/Qwen2.5-72B,mni,Manipuri,Beng,abugida,0.661,0.7288,,direct,0.06779999999999997
Qwen/Qwen2.5-72B,moh,Mohawk,Latn,alphabet,1.0,1.0,,direct,0.0
Qwen/Qwen2.5-72B,mr,Marathi,Deva,abugida,0.8438,0.875,,direct,0.031200000000000006
Qwen/Qwen2.5-72B,ms,Malay,Latn,alphabet,1.0,1.0,,direct,0.0
Qwen/Qwen2.5-72B,mt,Maltese,Latn,alphabet,1.0,1.0,,direct,0.0
Qwen/Qwen2.5-72B,mua,Mundang,Latn,alphabet,0.9697,0.9758,,direct,0.006099999999999994
Qwen/Qwen2.5-72B,mus,Muscogee,Latn,alphabet,1.0,1.0,,direct,0.0
Qwen/Qwen2.5-72B,my,Burmese,Mymr,abugida,0.55,0.64,,direct,0.08999999999999997
Qwen/Qwen2.5-72B,myv,Erzya,Cyrl,alphabet,1.0,1.0,,direct,0.0
Qwen/Qwen2.5-72B,mzn,Mazanderani,Arab,abjad,0.9302,0.9442,,direct,0.014000000000000012
Qwen/Qwen2.5-72B,naq,Nama,Latn,alphabet,1.0,1.0,,direct,0.0
Qwen/Qwen2.5-72B,nd,North Ndebele,Latn,alphabet,1.0,1.0,,direct,0.0
Qwen/Qwen2.5-72B,nds,Low German,Latn,alphabet,1.0,1.0,,direct,0.0
Qwen/Qwen2.5-72B,ne,Nepali,Deva,abugida,0.806,0.8448,,direct,0.038799999999999946
Qwen/Qwen2.5-72B,nl,Dutch,Latn,alphabet,1.0,1.0,,direct,0.0
Qwen/Qwen2.5-72B,nmg,Kwasio,Latn,alphabet,0.9474,0.9579,,direct,0.010499999999999954
Qwen/Qwen2.5-72B,nnh,Ngiemboon,Latn,alphabet,0.963,0.9704,,direct,0.007400000000000073
Qwen/Qwen2.5-72B,no,Norwegian,Latn,alphabet,1.0,1.0,,direct,0.0
Qwen/Qwen2.5-72B,nqo,N’Ko,Nkoo,alphabet,0.7073,0.7659,,direct,0.058599999999999985
Qwen/Qwen2.5-72B,nr,South Ndebele,Latn,alphabet,1.0,1.0,,direct,0.0
Qwen/Qwen2.5-72B,nso,Northern Sotho,Latn,alphabet,1.0,1.0,,direct,0.0
Qwen/Qwen2.5-72B,nus,Nuer,Latn,alphabet,0.9444,0.9556,,direct,0.011199999999999988
Qwen/Qwen2.5-72B,nv,Navajo,Latn,alphabet,1.0,1.0,,direct,0.0
Qwen/Qwen2.5-72B,ny,Nyanja,Latn,alphabet,1.0,1.0,,direct,0.0
Qwen/Qwen2.5-72B,nyn,Nyankole,Latn,alphabet,1.0,1.0,,direct,0.0
Qwen/Qwen2.5-72B,oc,Occitan,Latn,alphabet,1.0,1.0,,direct,0.0
Qwen/Qwen2.5-72B,om,Oromo,Latn,alphabet,1.0,1.0,,direct,0.0
Qwen/Qwen2.5-72B,or,Odia,Orya,abugida,0.0806,0.2645,,direct,0.1839
Qwen/Qwen2.5-72B,os,Ossetic,Cyrl,alphabet,1.0,1.0,,direct,0.0
Qwen/Qwen2.5-72B,osa,Osage,Osge,alphabet,0.025,0.22,,direct,0.195
Qwen/Qwen2.5-72B,pa,Punjabi,Guru,abugida,0.1471,0.3176,,direct,0.17049999999999998
Qwen/Qwen2.5-72B,pap,Papiamento,Latn,alphabet,1.0,1.0,,direct,0.0
Qwen/Qwen2.5-72B,pcm,Nigerian Pidgin,Latn,alphabet,1.0,1.0,,direct,0.0
Qwen/Qwen2.5-72B,pis,Pijin,Latn,alphabet,1.0,1.0,,direct,0.0
Qwen/Qwen2.5-72B,pl,Polish,Latn,alphabet,1.0,1.0,,direct,0.0
Qwen/Qwen2.5-72B,prg,Prussian,Latn,alphabet,1.0,1.0,,direct,0.0
Qwen/Qwen2.5-72B,ps,Pashto,Arab,abjad,0.9333,0.9467,,direct,0.013399999999999967
Qwen/Qwen2.5-72B,pt,Portuguese,Latn,alphabet,1.0,1.0,,direct,0.0
Qwen/Qwen2.5-72B,qu,Quechua,Latn,alphabet,1.0,1.0,,direct,0.0
Qwen/Qwen2.5-72B,quc,Kʼicheʼ,Latn,alphabet,1.0,1.0,,direct,0.0
Qwen/Qwen2.5-72B,raj,Rajasthani,Deva,abugida,0.8367,0.8694,,direct,0.03269999999999995
Qwen/Qwen2.5-72B,rhg,Rohingya,Rohg,abjad,0.0,0.2,,direct,0.2
Qwen/Qwen2.5-72B,rif,Riffian,Latn,alphabet,1.0,1.0,,direct,0.0
Qwen/Qwen2.5-72B,rm,Romansh,Latn,alphabet,1.0,1.0,,direct,0.0
Qwen/Qwen2.5-72B,rn,Rundi,Latn,alphabet,1.0,1.0,,direct,0.0
Qwen/Qwen2.5-72B,ro,Romanian,Latn,alphabet,1.0,1.0,,direct,0.0
Qwen/Qwen2.5-72B,rof,Rombo,Latn,alphabet,1.0,1.0,,direct,0.0
Qwen/Qwen2.5-72B,ru,Russian,Cyrl,alphabet,1.0,1.0,,direct,0.0
Qwen/Qwen2.5-72B,rw,Kinyarwanda,Latn,alphabet,1.0,1.0,,direct,0.0
Qwen/Qwen2.5-72B,rwk,Rwa,Latn,alphabet,1.0,1.0,,direct,0.0
Qwen/Qwen2.5-72B,sa,Sanskrit,Deva,abugida,0.7714,0.8171,,direct,0.045700000000000074
Qwen/Qwen2.5-72B,sah,Yakut,Cyrl,alphabet,1.0,1.0,,direct,0.0
Qwen/Qwen2.5-72B,saq,Samburu,Latn,alphabet,1.0,1.0,,direct,0.0
Qwen/Qwen2.5-72B,sat,Santali,Olck,alphabet,0.0278,0.2222,,direct,0.19440000000000002
Qwen/Qwen2.5-72B,sbp,Sangu,Latn,alphabet,1.0,1.0,,direct,0.0
Qwen/Qwen2.5-72B,sc,Sardinian,Latn,alphabet,1.0,1.0,,direct,0.0
Qwen/Qwen2.5-72B,scn,Sicilian,Latn,alphabet,1.0,1.0,,direct,0.0
Qwen/Qwen2.5-72B,sd,Sindhi,Arab,abjad,0.8846,0.9077,,direct,0.0230999999999999
Qwen/Qwen2.5-72B,sdh,Southern Kurdish,Arab,abjad,1.0,1.0,,direct,0.0
Qwen/Qwen2.5-72B,se,Northern Sami,Latn,alphabet,1.0,1.0,,direct,0.0
Qwen/Qwen2.5-72B,seh,Sena,Latn,alphabet,1.0,1.0,,direct,0.0
Qwen/Qwen2.5-72B,ses,Koyraboro Senni,Latn,alphabet,1.0,1.0,,direct,0.0
Qwen/Qwen2.5-72B,sg,Sango,Latn,alphabet,1.0,1.0,,direct,0.0
Qwen/Qwen2.5-72B,shi,Tachelhit,Tfng,alphabet,0.75,0.8,,direct,0.050000000000000044
Qwen/Qwen2.5-72B,shn,Shan,Mymr,abugida,0.3043,0.4435,,direct,0.1392
Qwen/Qwen2.5-72B,si,Sinhala,Sinh,abugida,0.3378,0.4703,,direct,0.1325
Qwen/Qwen2.5-72B,sid,Sidamo,Latn,alphabet,1.0,1.0,,direct,0.0
Qwen/Qwen2.5-72B,sk,Slovak,Latn,alphabet,1.0,1.0,,direct,0.0
Qwen/Qwen2.5-72B,skr,skr,Arab,abjad,0.9592,0.9673,,direct,0.008099999999999996
Qwen/Qwen2.5-72B,sl,Slovenian,Latn,alphabet,1.0,1.0,,direct,0.0
Qwen/Qwen2.5-72B,sma,Southern Sami,Latn,alphabet,1.0,1.0,,direct,0.0
Qwen/Qwen2.5-72B,smj,Lule Sami,Latn,alphabet,1.0,1.0,,direct,0.0
Qwen/Qwen2.5-72B,smn,Inari Sami,Latn,alphabet,1.0,1.0,,direct,0.0
Qwen/Qwen2.5-72B,sms,Skolt Sami,Latn,alphabet,0.9722,0.9778,,direct,0.005600000000000049
Qwen/Qwen2.5-72B,sn,Shona,Latn,alphabet,1.0,1.0,,direct,0.0
Qwen/Qwen2.5-72B,so,Somali,Latn,alphabet,1.0,1.0,,direct,0.0
Qwen/Qwen2.5-72B,sq,Albanian,Latn,alphabet,1.0,1.0,,direct,0.0
Qwen/Qwen2.5-72B,sr,Serbian,Cyrl,alphabet,1.0,1.0,,direct,0.0
Qwen/Qwen2.5-72B,ss,Swati,Latn,alphabet,1.0,1.0,,direct,0.0
Qwen/Qwen2.5-72B,ssy,Saho,Latn,alphabet,1.0,1.0,,direct,0.0
Qwen/Qwen2.5-72B,st,Southern Sotho,Latn,alphabet,1.0,1.0,,direct,0.0
Qwen/Qwen2.5-72B,su,Sundanese,Latn,alphabet,1.0,1.0,,direct,0.0
Qwen/Qwen2.5-72B,sv,Swedish,Latn,alphabet,1.0,1.0,,direct,0.0
Qwen/Qwen2.5-72B,sw,Swahili,Latn,alphabet,1.0,1.0,,direct,0.0
Qwen/Qwen2.5-72B,syr,Syriac,Syrc,abjad,0.4143,0.5314,,direct,0.11709999999999998
Qwen/Qwen2.5-72B,szl,Silesian,Latn,alphabet,1.0,1.0,,direct,0.0
Qwen/Qwen2.5-72B,ta,Tamil,Taml,abugida,0.5957,0.6766,,direct,0.08089999999999997
Qwen/Qwen2.5-72B,te,Telugu,Telu,abugida,0.2,0.36,,direct,0.15999999999999998
Qwen/Qwen2.5-72B,teo,Teso,Latn,alphabet,1.0,1.0,,direct,0.0
Qwen/Qwen2.5-72B,tg,Tajik,Cyrl,alphabet,1.0,1.0,,direct,0.0
Qwen/Qwen2.5-72B,th,Thai,Thai,abugida,0.9548,0.963,,direct,0.008199999999999985
Qwen/Qwen2.5-72B,ti,Tigrinya,Ethi,syllabary,0.3721,0.4977,,within_script_only,0.1256
Qwen/Qwen2.5-72B,tig,Tigre,Ethi,syllabary,0.2611,0.4088,,within_script_only,0.1477
Qwen/Qwen2.5-72B,tk,Turkmen,Latn,alphabet,1.0,1.0,,direct,0.0
Qwen/Qwen2.5-72B,tn,Tswana,Latn,alphabet,1.0,1.0,,direct,0.0
Qwen/Qwen2.5-72B,to,Tongan,Latn,alphabet,1.0,1.0,,direct,0.0
Qwen/Qwen2.5-72B,tok,Toki Pona,Latn,alphabet,1.0,1.0,,direct,0.0
Qwen/Qwen2.5-72B,tpi,Tok Pisin,Latn,alphabet,1.0,1.0,,direct,0.0
Qwen/Qwen2.5-72B,tr,Turkish,Latn,alphabet,1.0,1.0,,direct,0.0
Qwen/Qwen2.5-72B,trv,Taroko,Latn,alphabet,1.0,1.0,,direct,0.0
Qwen/Qwen2.5-72B,trw,Torwali,Arab,abjad,0.9167,0.9333,,direct,0.01660000000000006
Qwen/Qwen2.5-72B,ts,Tsonga,Latn,alphabet,1.0,1.0,,direct,0.0
Qwen/Qwen2.5-72B,tt,Tatar,Cyrl,alphabet,1.0,1.0,,direct,0.0
Qwen/Qwen2.5-72B,twq,Tasawaq,Latn,alphabet,1.0,1.0,,direct,0.0
Qwen/Qwen2.5-72B,tyv,Tuvinian,Cyrl,alphabet,1.0,1.0,,direct,0.0
Qwen/Qwen2.5-72B,tzm,Central Atlas Tamazight,Latn,alphabet,1.0,1.0,,direct,0.0
Qwen/Qwen2.5-72B,ug,Uyghur,Arab,abjad,1.0,1.0,,direct,0.0
Qwen/Qwen2.5-72B,uk,Ukrainian,Cyrl,alphabet,1.0,1.0,,direct,0.0
Qwen/Qwen2.5-72B,ur,Urdu,Arab,abjad,1.0,1.0,,direct,0.0
Qwen/Qwen2.5-72B,uz,Uzbek,Latn,alphabet,1.0,1.0,,direct,0.0
Qwen/Qwen2.5-72B,vai,Vai,Vaii,syllabary,0.0036,0.2029,,within_script_only,0.1993
Qwen/Qwen2.5-72B,ve,Venda,Latn,alphabet,0.8929,0.9143,,direct,0.021399999999999975
Qwen/Qwen2.5-72B,vec,Venetian,Latn,alphabet,1.0,1.0,,direct,0.0
Qwen/Qwen2.5-72B,vi,Vietnamese,Latn,alphabet,1.0,1.0,,direct,0.0
Qwen/Qwen2.5-72B,vmw,Makhuwa,Latn,alphabet,1.0,1.0,,direct,0.0
Qwen/Qwen2.5-72B,vo,Volapük,Latn,alphabet,1.0,1.0,,direct,0.0
Qwen/Qwen2.5-72B,vun,Vunjo,Latn,alphabet,1.0,1.0,,direct,0.0
Qwen/Qwen2.5-72B,wa,Walloon,Latn,alphabet,1.0,1.0,,direct,0.0
Qwen/Qwen2.5-72B,wae,Walser,Latn,alphabet,1.0,1.0,,direct,0.0
Qwen/Qwen2.5-72B,wal,Wolaytta,Ethi,syllabary,0.2639,0.4111,,within_script_only,0.1472
Qwen/Qwen2.5-72B,wbp,Warlpiri,Latn,alphabet,1.0,1.0,,direct,0.0
Qwen/Qwen2.5-72B,wo,Wolof,Latn,alphabet,1.0,1.0,,direct,0.0
Qwen/Qwen2.5-72B,xh,Xhosa,Latn,alphabet,1.0,1.0,,direct,0.0
Qwen/Qwen2.5-72B,xnr,Kangri,Deva,abugida,0.7879,0.8303,,direct,0.04239999999999999
Qwen/Qwen2.5-72B,xog,Soga,Latn,alphabet,1.0,1.0,,direct,0.0
Qwen/Qwen2.5-72B,yav,Yangben,Latn,alphabet,1.0,1.0,,direct,0.0
Qwen/Qwen2.5-72B,yi,Yiddish,Hebr,abjad,0.8441,0.8735,,direct,0.029400000000000093
Qwen/Qwen2.5-72B,yo,Yoruba,Latn,alphabet,0.975,0.98,,direct,0.0050000000000000044
Qwen/Qwen2.5-72B,yrl,Nheengatu,Latn,alphabet,1.0,1.0,,direct,0.0
Qwen/Qwen2.5-72B,yue,Cantonese,Hant,logographic,0.8811,0.9047,,within_script_only,0.023599999999999954
Qwen/Qwen2.5-72B,za,Zhuang,Latn,alphabet,1.0,1.0,,direct,0.0
Qwen/Qwen2.5-72B,zgh,Standard Moroccan Tamazight,Tfng,alphabet,0.75,0.8,,direct,0.050000000000000044
Qwen/Qwen2.5-72B,zh,Chinese,Hans,logographic,0.9995,0.9996,,within_script_only,9.999999999998899e-05
Qwen/Qwen2.5-72B,zu,Zulu,Latn,alphabet,1.0,1.0,,direct,0.0
Qwen/Qwen2.5-7B,aa,Afar,Latn,alphabet,1.0,1.0,,direct,0.0
Qwen/Qwen2.5-7B,ab,Abkhazian,Cyrl,alphabet,0.875,0.9,,direct,0.025000000000000022
Qwen/Qwen2.5-7B,af,Afrikaans,Latn,alphabet,1.0,1.0,,direct,0.0
Qwen/Qwen2.5-7B,agq,Aghem,Latn,alphabet,0.9423,0.9538,,direct,0.011499999999999955
Qwen/Qwen2.5-7B,ak,Akan,Latn,alphabet,1.0,1.0,,direct,0.0
Qwen/Qwen2.5-7B,am,Amharic,Ethi,syllabary,0.3936,0.5149,,within_script_only,0.12130000000000002
Qwen/Qwen2.5-7B,an,Aragonese,Latn,alphabet,1.0,1.0,,direct,0.0
Qwen/Qwen2.5-7B,ann,Obolo,Latn,alphabet,0.9744,0.9795,,direct,0.005099999999999993
Qwen/Qwen2.5-7B,apc,apc,Arab,abjad,0.9333,0.9467,,direct,0.013399999999999967
Qwen/Qwen2.5-7B,ar,Arabic,Arab,abjad,0.9333,0.9467,,direct,0.013399999999999967
Qwen/Qwen2.5-7B,arn,Mapuche,Latn,alphabet,0.96,0.968,,direct,0.008000000000000007
Qwen/Qwen2.5-7B,as,Assamese,Beng,abugida,0.6441,0.7153,,direct,0.07120000000000004
Qwen/Qwen2.5-7B,asa,Asu,Latn,alphabet,1.0,1.0,,direct,0.0
Qwen/Qwen2.5-7B,ast,Asturian,Latn,alphabet,1.0,1.0,,direct,0.0
Qwen/Qwen2.5-7B,az,Azerbaijani,Latn,alphabet,1.0,1.0,,direct,0.0
Qwen/Qwen2.5-7B,ba,Bashkir,Cyrl,alphabet,1.0,1.0,,direct,0.0
Qwen/Qwen2.5-7B,bal,Baluchi,Arab,abjad,1.0,1.0,,direct,0.0
Qwen/Qwen2.5-7B,bas,Basaa,Latn,alphabet,0.9194,0.9355,,direct,0.016100000000000003
Qwen/Qwen2.5-7B,be,Belarusian,Cyrl,alphabet,1.0,1.0,,direct,0.0
Qwen/Qwen2.5-7B,bem,Bemba,Latn,alphabet,1.0,1.0,,direct,0.0
Qwen/Qwen2.5-7B,bew,Betawi,Latn,alphabet,1.0,1.0,,direct,0.0
Qwen/Qwen2.5-7B,bez,Bena,Latn,alphabet,1.0,1.0,,direct,0.0
Qwen/Qwen2.5-7B,bg,Bulgarian,Cyrl,alphabet,1.0,1.0,,direct,0.0
Qwen/Qwen2.5-7B,bgc,Haryanvi,Deva,abugida,0.8621,0.8897,,direct,0.02760000000000007
Qwen/Qwen2.5-7B,bgn,Western Balochi,Arab,abjad,1.0,1.0,,direct,0.0
Qwen/Qwen2.5-7B,bho,Bhojpuri,Deva,abugida,0.8333,0.8667,,direct,0.033399999999999985
Qwen/Qwen2.5-7B,blo,Anii,Latn,alphabet,0.9796,0.9837,,direct,0.0040999999999999925
Qwen/Qwen2.5-7B,blt,Tai Dam,Tavt,abugida,0.2031,0.3625,,direct,0.1594
Qwen/Qwen2.5-7B,bm,Bambara,Latn,alphabet,1.0,1.0,,direct,0.0
Qwen/Qwen2.5-7B,bn,Bangla,Beng,abugida,0.6324,0.7059,,direct,0.07350000000000001
Qwen/Qwen2.5-7B,bo,Tibetan,Tibt,abugida,0.2644,0.4115,,direct,0.14709999999999995
Qwen/Qwen2.5-7B,br,Breton,Latn,alphabet,1.0,1.0,,direct,0.0
Qwen/Qwen2.5-7B,brx,Bodo,Deva,abugida,0.8361,0.8689,,direct,0.03280000000000005
Qwen/Qwen2.5-7B,bs,Bosnian,Latn,alphabet,1.0,1.0,,direct,0.0
Qwen/Qwen2.5-7B,bss,Akoose,Latn,alphabet,0.9423,0.9538,,direct,0.011499999999999955
Qwen/Qwen2.5-7B,byn,Blin,Ethi,syllabary,0.3806,0.5045,,within_script_only,0.12389999999999995
Qwen/Qwen2.5-7B,ca,Catalan,Latn,alphabet,1.0,1.0,,direct,0.0
Qwen/Qwen2.5-7B,cad,Caddo,Latn,alphabet,0.9667,0.9733,,direct,0.00660000000000005
Qwen/Qwen2.5-7B,cch,Atsam,Latn,alphabet,0.9286,0.9429,,direct,0.01429999999999998
Qwen/Qwen2.5-7B,ccp,Chakma,Cakm,abugida,0.0,0.2,,direct,0.2
Qwen/Qwen2.5-7B,ce,Chechen,Cyrl,alphabet,1.0,1.0,,direct,0.0
Qwen/Qwen2.5-7B,ceb,Cebuano,Latn,alphabet,1.0,1.0,,direct,0.0
Qwen/Qwen2.5-7B,cgg,Chiga,Latn,alphabet,1.0,1.0,,direct,0.0
Qwen/Qwen2.5-7B,cho,Choctaw,Latn,alphabet,0.9524,0.9619,,direct,0.009499999999999953
Qwen/Qwen2.5-7B,chr,Cherokee,Cher,syllabary,0.0,0.2,,within_script_only,0.2
Qwen/Qwen2.5-7B,cic,Chickasaw,Latn,alphabet,0.9474,0.9579,,direct,0.010499999999999954
Qwen/Qwen2.5-7B,ckb,Central Kurdish,Arab,abjad,1.0,1.0,,direct,0.0
Qwen/Qwen2.5-7B,co,Corsican,Latn,alphabet,1.0,1.0,,direct,0.0
Qwen/Qwen2.5-7B,cop,Coptic,Copt,alphabet,0.125,0.3,,direct,0.175
Qwen/Qwen2.5-7B,cs,Czech,Latn,alphabet,1.0,1.0,,direct,0.0
Qwen/Qwen2.5-7B,csw,Swampy Cree,Cans,syllabary,0.268,0.4144,,within_script_only,0.14639999999999997
Qwen/Qwen2.5-7B,cu,Church Slavic,Cyrl,alphabet,0.6389,0.7111,,direct,0.07219999999999993
Qwen/Qwen2.5-7B,cv,Chuvash,Cyrl,alphabet,1.0,1.0,,direct,0.0
Qwen/Qwen2.5-7B,cy,Welsh,Latn,alphabet,0.9592,0.9673,,direct,0.008099999999999996
Qwen/Qwen2.5-7B,da,Danish,Latn,alphabet,1.0,1.0,,direct,0.0
Qwen/Qwen2.5-7B,dav,Taita,Latn,alphabet,1.0,1.0,,direct,0.0
Qwen/Qwen2.5-7B,de,German,Latn,alphabet,1.0,1.0,,direct,0.0
Qwen/Qwen2.5-7B,dje,Zarma,Latn,alphabet,1.0,1.0,,direct,0.0
Qwen/Qwen2.5-7B,doi,Dogri,Deva,abugida,0.7714,0.8171,,direct,0.045700000000000074
Qwen/Qwen2.5-7B,dsb,Lower Sorbian,Latn,alphabet,1.0,1.0,,direct,0.0
Qwen/Qwen2.5-7B,dua,Duala,Latn,alphabet,1.0,1.0,,direct,0.0
Qwen/Qwen2.5-7B,dv,Divehi,Thaa,abjad,0.1714,0.3371,,direct,0.16570000000000001
Qwen/Qwen2.5-7B,dyo,Jola-Fonyi,Latn,alphabet,1.0,1.0,,direct,0.0
Qwen/Qwen2.5-7B,dz,Dzongkha,Tibt,abugida,0.3966,0.5172,,direct,0.12059999999999998
Qwen/Qwen2.5-7B,ebu,Embu,Latn,alphabet,1.0,1.0,,direct,0.0
Qwen/Qwen2.5-7B,ee,Ewe,Latn,alphabet,0.9792,0.9833,,direct,0.0040999999999999925
Qwen/Qwen2.5-7B,el,Greek,Grek,alphabet,1.0,1.0,,direct,0.0
Qwen/Qwen2.5-7B,en,English,Latn,alphabet,1.0,1.0,,direct,0.0
Qwen/Qwen2.5-7B,eo,Esperanto,Latn,alphabet,1.0,1.0,,direct,0.0
Qwen/Qwen2.5-7B,es,Spanish,Latn,alphabet,1.0,1.0,,direct,0.0
Qwen/Qwen2.5-7B,et,Estonian,Latn,alphabet,1.0,1.0,,direct,0.0
Qwen/Qwen2.5-7B,eu,Basque,Latn,alphabet,1.0,1.0,,direct,0.0
Qwen/Qwen2.5-7B,ewo,Ewondo,Latn,alphabet,0.9615,0.9692,,direct,0.007699999999999929
Qwen/Qwen2.5-7B,fa,Persian,Arab,abjad,0.9302,0.9442,,direct,0.014000000000000012
Qwen/Qwen2.5-7B,ff,Fula,Latn,alphabet,0.963,0.9704,,direct,0.007400000000000073
Qwen/Qwen2.5-7B,fi,Finnish,Latn,alphabet,1.0,1.0,,direct,0.0
Qwen/Qwen2.5-7B,fil,Filipino,Latn,alphabet,1.0,1.0,,direct,0.0
Qwen/Qwen2.5-7B,fo,Faroese,Latn,alphabet,1.0,1.0,,direct,0.0
Qwen/Qwen2.5-7B,fr,French,Latn,alphabet,1.0,1.0,,direct,0.0
Qwen/Qwen2.5-7B,frr,Northern Frisian,Latn,alphabet,1.0,1.0,,direct,0.0
Qwen/Qwen2.5-7B,fur,Friulian,Latn,alphabet,1.0,1.0,,direct,0.0
Qwen/Qwen2.5-7B,fy,Western Frisian,Latn,alphabet,1.0,1.0,,direct,0.0
Qwen/Qwen2.5-7B,ga,Irish,Latn,alphabet,1.0,1.0,,direct,0.0
Qwen/Qwen2.5-7B,gaa,Ga,Latn,alphabet,1.0,1.0,,direct,0.0
Qwen/Qwen2.5-7B,gd,Scottish Gaelic,Latn,alphabet,1.0,1.0,,direct,0.0
Qwen/Qwen2.5-7B,gez,Geez,Ethi,syllabary,0.4742,0.5793,,within_script_only,0.10510000000000003
Qwen/Qwen2.5-7B,gl,Galician,Latn,alphabet,1.0,1.0,,direct,0.0
Qwen/Qwen2.5-7B,gn,Guarani,Latn,alphabet,0.9667,0.9733,,direct,0.00660000000000005
Qwen/Qwen2.5-7B,gsw,Swiss German,Latn,alphabet,1.0,1.0,,direct,0.0
Qwen/Qwen2.5-7B,gu,Gujarati,Gujr,abugida,0.2353,0.3882,,direct,0.15289999999999998
Qwen/Qwen2.5-7B,guz,Gusii,Latn,alphabet,1.0,1.0,,direct,0.0
Qwen/Qwen2.5-7B,gv,Manx,Latn,alphabet,1.0,1.0,,direct,0.0
Qwen/Qwen2.5-7B,ha,Hausa,Latn,alphabet,0.963,0.9704,,direct,0.007400000000000073
Qwen/Qwen2.5-7B,haw,Hawaiian,Latn,alphabet,1.0,1.0,,direct,0.0
Qwen/Qwen2.5-7B,he,Hebrew,Hebr,abjad,1.0,1.0,,direct,0.0
Qwen/Qwen2.5-7B,hi,Hindi,Deva,abugida,0.806,0.8448,,direct,0.038799999999999946
Qwen/Qwen2.5-7B,hnj,Hmong Njua,Hmnp,alphabet,0.0,0.2,,direct,0.2
Qwen/Qwen2.5-7B,hr,Croatian,Latn,alphabet,1.0,1.0,,direct,0.0
Qwen/Qwen2.5-7B,hsb,Upper Sorbian,Latn,alphabet,1.0,1.0,,direct,0.0
Qwen/Qwen2.5-7B,ht,Haitian Creole,Latn,alphabet,1.0,1.0,,direct,0.0
Qwen/Qwen2.5-7B,hu,Hungarian,Latn,alphabet,1.0,1.0,,direct,0.0
Qwen/Qwen2.5-7B,hy,Armenian,Armn,alphabet,1.0,1.0,,direct,0.0
Qwen/Qwen2.5-7B,ia,Interlingua,Latn,alphabet,1.0,1.0,,direct,0.0
Qwen/Qwen2.5-7B,id,Indonesian,Latn,alphabet,1.0,1.0,,direct,0.0
Qwen/Qwen2.5-7B,ie,Interlingue,Latn,alphabet,1.0,1.0,,direct,0.0
Qwen/Qwen2.5-7B,ig,Igbo,Latn,alphabet,1.0,1.0,,direct,0.0
Qwen/Qwen2.5-7B,ii,Sichuan Yi,Yiii,syllabary,0.0086,0.2069,,within_script_only,0.1983
Qwen/Qwen2.5-7B,io,Ido,Latn,alphabet,1.0,1.0,,direct,0.0
Qwen/Qwen2.5-7B,is,Icelandic,Latn,alphabet,1.0,1.0,,direct,0.0
Qwen/Qwen2.5-7B,it,Italian,Latn,alphabet,1.0,1.0,,direct,0.0
Qwen/Qwen2.5-7B,iu,Inuktitut,Cans,syllabary,0.2477,0.3982,,within_script_only,0.1505
Qwen/Qwen2.5-7B,ja,Japanese,Jpan,mixed_logographic,0.8412,0.8727,,within_script_only,0.031500000000000083
Qwen/Qwen2.5-7B,jbo,Lojban,Latn,alphabet,1.0,1.0,,direct,0.0
Qwen/Qwen2.5-7B,jgo,Ngomba,Latn,alphabet,0.8889,0.9111,,direct,0.022199999999999998
Qwen/Qwen2.5-7B,jmc,Machame,Latn,alphabet,1.0,1.0,,direct,0.0
Qwen/Qwen2.5-7B,jv,Javanese,Latn,alphabet,1.0,1.0,,direct,0.0
Qwen/Qwen2.5-7B,ka,Georgian,Geor,alphabet,0.9394,0.9515,,direct,0.0121
Qwen/Qwen2.5-7B,kaa,Kara-Kalpak,Cyrl,alphabet,1.0,1.0,,direct,0.0
Qwen/Qwen2.5-7B,kab,Kabyle,Latn,alphabet,1.0,1.0,,direct,0.0
Qwen/Qwen2.5-7B,kaj,Jju,Latn,alphabet,1.0,1.0,,direct,0.0
Qwen/Qwen2.5-7B,kam,Kamba,Latn,alphabet,1.0,1.0,,direct,0.0
Qwen/Qwen2.5-7B,kcg,Tyap,Latn,alphabet,0.96,0.968,,direct,0.008000000000000007
Qwen/Qwen2.5-7B,kde,Makonde,Latn,alphabet,1.0,1.0,,direct,0.0
Qwen/Qwen2.5-7B,kea,Kabuverdianu,Latn,alphabet,1.0,1.0,,direct,0.0
Qwen/Qwen2.5-7B,ken,Kenyang,Latn,alphabet,0.9756,0.9805,,direct,0.0049000000000000155
Qwen/Qwen2.5-7B,kgp,Kaingang,Latn,alphabet,1.0,1.0,,direct,0.0
Qwen/Qwen2.5-7B,khq,Koyra Chiini,Latn,alphabet,1.0,1.0,,direct,0.0
Qwen/Qwen2.5-7B,ki,Kikuyu,Latn,alphabet,1.0,1.0,,direct,0.0
Qwen/Qwen2.5-7B,kk,Kazakh,Cyrl,alphabet,1.0,1.0,,direct,0.0
Qwen/Qwen2.5-7B,kkj,Kako,Latn,alphabet,0.9574,0.966,,direct,0.008599999999999941
Qwen/Qwen2.5-7B,kl,Kalaallisut,Latn,alphabet,1.0,1.0,,direct,0.0
Qwen/Qwen2.5-7B,kln,Kalenjin,Latn,alphabet,1.0,1.0,,direct,0.0
Qwen/Qwen2.5-7B,km,Khmer,Khmr,abugida,0.4861,0.5889,,direct,0.1028
Qwen/Qwen2.5-7B,kn,Kannada,Knda,abugida,0.3521,0.4817,,direct,0.1296
Qwen/Qwen2.5-7B,ko,Korean,Kore,featural_syllabary,0.2248,0.3799,0.7134,within_script_only,0.15510000000000002
Qwen/Qwen2.5-7B,kok,Konkani,Deva,abugida,0.7013,0.761,,direct,0.059699999999999975
Qwen/Qwen2.5-7B,kpe,Kpelle,Latn,alphabet,1.0,1.0,,direct,0.0
Qwen/Qwen2.5-7B,ks,Kashmiri,Arab,abjad,0.9783,0.9826,,direct,0.0043000000000000815
Qwen/Qwen2.5-7B,ksb,Shambala,Latn,alphabet,1.0,1.0,,direct,0.0
Qwen/Qwen2.5-7B,ksf,Bafia,Latn,alphabet,1.0,1.0,,direct,0.0
Qwen/Qwen2.5-7B,ksh,Colognian,Latn,alphabet,1.0,1.0,,direct,0.0
Qwen/Qwen2.5-7B,ku,Kurdish,Latn,alphabet,1.0,1.0,,direct,0.0
Qwen/Qwen2.5-7B,kw,Cornish,Latn,alphabet,1.0,1.0,,direct,0.0
Qwen/Qwen2.5-7B,kxv,Kuvi,Latn,alphabet,1.0,1.0,,direct,0.0
Qwen/Qwen2.5-7B,ky,Kyrgyz,Cyrl,alphabet,1.0,1.0,,direct,0.0
Qwen/Qwen2.5-7B,la,Latin,Latn,alphabet,1.0,1.0,,direct,0.0
Qwen/Qwen2.5-7B,lag,Langi,Latn,alphabet,1.0,1.0,,direct,0.0
Qwen/Qwen2.5-7B,lb,Luxembourgish,Latn,alphabet,1.0,1.0,,direct,0.0
Qwen/Qwen2.5-7B,lg,Ganda,Latn,alphabet,1.0,1.0,,direct,0.0
Qwen/Qwen2.5-7B,lij,Ligurian,Latn,alphabet,1.0,1.0,,direct,0.0
Qwen/Qwen2.5-7B,lkt,Lakota,Latn,alphabet,1.0,1.0,,direct,0.0
Qwen/Qwen2.5-7B,lld,lld,Latn,alphabet,1.0,1.0,,direct,0.0
Qwen/Qwen2.5-7B,lmo,Lombard,Latn,alphabet,1.0,1.0,,direct,0.0
Qwen/Qwen2.5-7B,ln,Lingala,Latn,alphabet,0.9512,0.961,,direct,0.00979999999999992
Qwen/Qwen2.5-7B,lo,Lao,Laoo,abugida,0.6,0.68,,direct,0.08000000000000007
Qwen/Qwen2.5-7B,lrc,Northern Luri,Arab,abjad,0.9535,0.9628,,direct,0.009299999999999975
Qwen/Qwen2.5-7B,lt,Lithuanian,Latn,alphabet,1.0,1.0,,direct,0.0
Qwen/Qwen2.5-7B,ltg,Latgalian,Latn,alphabet,1.0,1.0,,direct,0.0
Qwen/Qwen2.5-7B,lu,Luba-Katanga,Latn,alphabet,1.0,1.0,,direct,0.0
Qwen/Qwen2.5-7B,luo,Luo,Latn,alphabet,1.0,1.0,,direct,0.0
Qwen/Qwen2.5-7B,luy,Luyia,Latn,alphabet,1.0,1.0,,direct,0.0
Qwen/Qwen2.5-7B,lv,Latvian,Latn,alphabet,1.0,1.0,,direct,0.0
Qwen/Qwen2.5-7B,mai,Maithili,Deva,abugida,0.8889,0.9111,,direct,0.022199999999999998
Qwen/Qwen2.5-7B,mas,Masai,Latn,alphabet,1.0,1.0,,direct,0.0
Qwen/Qwen2.5-7B,mdf,Moksha,Cyrl,alphabet,1.0,1.0,,direct,0.0
Qwen/Qwen2.5-7B,mer,Meru,Latn,alphabet,1.0,1.0,,direct,0.0
Qwen/Qwen2.5-7B,mfe,Morisyen,Latn,alphabet,1.0,1.0,,direct,0.0
Qwen/Qwen2.5-7B,mg,Malagasy,Latn,alphabet,1.0,1.0,,direct,0.0
Qwen/Qwen2.5-7B,mgh,Makhuwa-Meetto,Latn,alphabet,1.0,1.0,,direct,0.0
Qwen/Qwen2.5-7B,mgo,Metaʼ,Latn,alphabet,1.0,1.0,,direct,0.0
Qwen/Qwen2.5-7B,mhn,mhn,Latn,alphabet,1.0,1.0,,direct,0.0
Qwen/Qwen2.5-7B,mi,Māori,Latn,alphabet,1.0,1.0,,direct,0.0
Qwen/Qwen2.5-7B,mic,Mi'kmaw,Latn,alphabet,1.0,1.0,,direct,0.0
Qwen/Qwen2.5-7B,mk,Macedonian,Cyrl,alphabet,1.0,1.0,,direct,0.0
Qwen/Qwen2.5-7B,ml,Malayalam,Mlym,abugida,0.5098,0.6078,,direct,0.09799999999999998
Qwen/Qwen2.5-7B,mn,Mongolian,Cyrl,alphabet,1.0,1.0,,direct,0.0
Qwen/Qwen2.5-7B,mni,Manipuri,Beng,abugida,0.661,0.7288,,direct,0.06779999999999997
Qwen/Qwen2.5-7B,moh,Mohawk,Latn,alphabet,1.0,1.0,,direct,0.0
Qwen/Qwen2.5-7B,mr,Marathi,Deva,abugida,0.8438,0.875,,direct,0.031200000000000006
Qwen/Qwen2.5-7B,ms,Malay,Latn,alphabet,1.0,1.0,,direct,0.0
Qwen/Qwen2.5-7B,mt,Maltese,Latn,alphabet,1.0,1.0,,direct,0.0
Qwen/Qwen2.5-7B,mua,Mundang,Latn,alphabet,0.9697,0.9758,,direct,0.006099999999999994
Qwen/Qwen2.5-7B,mus,Muscogee,Latn,alphabet,1.0,1.0,,direct,0.0
Qwen/Qwen2.5-7B,my,Burmese,Mymr,abugida,0.55,0.64,,direct,0.08999999999999997
Qwen/Qwen2.5-7B,myv,Erzya,Cyrl,alphabet,1.0,1.0,,direct,0.0
Qwen/Qwen2.5-7B,mzn,Mazanderani,Arab,abjad,0.9302,0.9442,,direct,0.014000000000000012
Qwen/Qwen2.5-7B,naq,Nama,Latn,alphabet,1.0,1.0,,direct,0.0
Qwen/Qwen2.5-7B,nd,North Ndebele,Latn,alphabet,1.0,1.0,,direct,0.0
Qwen/Qwen2.5-7B,nds,Low German,Latn,alphabet,1.0,1.0,,direct,0.0
Qwen/Qwen2.5-7B,ne,Nepali,Deva,abugida,0.806,0.8448,,direct,0.038799999999999946
Qwen/Qwen2.5-7B,nl,Dutch,Latn,alphabet,1.0,1.0,,direct,0.0
Qwen/Qwen2.5-7B,nmg,Kwasio,Latn,alphabet,0.9474,0.9579,,direct,0.010499999999999954
Qwen/Qwen2.5-7B,nnh,Ngiemboon,Latn,alphabet,0.963,0.9704,,direct,0.007400000000000073
Qwen/Qwen2.5-7B,no,Norwegian,Latn,alphabet,1.0,1.0,,direct,0.0
Qwen/Qwen2.5-7B,nqo,N’Ko,Nkoo,alphabet,0.7073,0.7659,,direct,0.058599999999999985
Qwen/Qwen2.5-7B,nr,South Ndebele,Latn,alphabet,1.0,1.0,,direct,0.0
Qwen/Qwen2.5-7B,nso,Northern Sotho,Latn,alphabet,1.0,1.0,,direct,0.0
Qwen/Qwen2.5-7B,nus,Nuer,Latn,alphabet,0.9444,0.9556,,direct,0.011199999999999988
Qwen/Qwen2.5-7B,nv,Navajo,Latn,alphabet,1.0,1.0,,direct,0.0
Qwen/Qwen2.5-7B,ny,Nyanja,Latn,alphabet,1.0,1.0,,direct,0.0
Qwen/Qwen2.5-7B,nyn,Nyankole,Latn,alphabet,1.0,1.0,,direct,0.0
Qwen/Qwen2.5-7B,oc,Occitan,Latn,alphabet,1.0,1.0,,direct,0.0
Qwen/Qwen2.5-7B,om,Oromo,Latn,alphabet,1.0,1.0,,direct,0.0
Qwen/Qwen2.5-7B,or,Odia,Orya,abugida,0.0806,0.2645,,direct,0.1839
Qwen/Qwen2.5-7B,os,Ossetic,Cyrl,alphabet,1.0,1.0,,direct,0.0
Qwen/Qwen2.5-7B,osa,Osage,Osge,alphabet,0.025,0.22,,direct,0.195
Qwen/Qwen2.5-7B,pa,Punjabi,Guru,abugida,0.1471,0.3176,,direct,0.17049999999999998
Qwen/Qwen2.5-7B,pap,Papiamento,Latn,alphabet,1.0,1.0,,direct,0.0
Qwen/Qwen2.5-7B,pcm,Nigerian Pidgin,Latn,alphabet,1.0,1.0,,direct,0.0
Qwen/Qwen2.5-7B,pis,Pijin,Latn,alphabet,1.0,1.0,,direct,0.0
Qwen/Qwen2.5-7B,pl,Polish,Latn,alphabet,1.0,1.0,,direct,0.0
Qwen/Qwen2.5-7B,prg,Prussian,Latn,alphabet,1.0,1.0,,direct,0.0
Qwen/Qwen2.5-7B,ps,Pashto,Arab,abjad,0.9333,0.9467,,direct,0.013399999999999967
Qwen/Qwen2.5-7B,pt,Portuguese,Latn,alphabet,1.0,1.0,,direct,0.0
Qwen/Qwen2.5-7B,qu,Quechua,Latn,alphabet,1.0,1.0,,direct,0.0
Qwen/Qwen2.5-7B,quc,Kʼicheʼ,Latn,alphabet,1.0,1.0,,direct,0.0
Qwen/Qwen2.5-7B,raj,Rajasthani,Deva,abugida,0.8367,0.8694,,direct,0.03269999999999995
Qwen/Qwen2.5-7B,rhg,Rohingya,Rohg,abjad,0.0,0.2,,direct,0.2
Qwen/Qwen2.5-7B,rif,Riffian,Latn,alphabet,1.0,1.0,,direct,0.0
Qwen/Qwen2.5-7B,rm,Romansh,Latn,alphabet,1.0,1.0,,direct,0.0
Qwen/Qwen2.5-7B,rn,Rundi,Latn,alphabet,1.0,1.0,,direct,0.0
Qwen/Qwen2.5-7B,ro,Romanian,Latn,alphabet,1.0,1.0,,direct,0.0
Qwen/Qwen2.5-7B,rof,Rombo,Latn,alphabet,1.0,1.0,,direct,0.0
Qwen/Qwen2.5-7B,ru,Russian,Cyrl,alphabet,1.0,1.0,,direct,0.0
Qwen/Qwen2.5-7B,rw,Kinyarwanda,Latn,alphabet,1.0,1.0,,direct,0.0
Qwen/Qwen2.5-7B,rwk,Rwa,Latn,alphabet,1.0,1.0,,direct,0.0
Qwen/Qwen2.5-7B,sa,Sanskrit,Deva,abugida,0.7714,0.8171,,direct,0.045700000000000074
Qwen/Qwen2.5-7B,sah,Yakut,Cyrl,alphabet,1.0,1.0,,direct,0.0
Qwen/Qwen2.5-7B,saq,Samburu,Latn,alphabet,1.0,1.0,,direct,0.0
Qwen/Qwen2.5-7B,sat,Santali,Olck,alphabet,0.0278,0.2222,,direct,0.19440000000000002
Qwen/Qwen2.5-7B,sbp,Sangu,Latn,alphabet,1.0,1.0,,direct,0.0
Qwen/Qwen2.5-7B,sc,Sardinian,Latn,alphabet,1.0,1.0,,direct,0.0
Qwen/Qwen2.5-7B,scn,Sicilian,Latn,alphabet,1.0,1.0,,direct,0.0
Qwen/Qwen2.5-7B,sd,Sindhi,Arab,abjad,0.8846,0.9077,,direct,0.0230999999999999
Qwen/Qwen2.5-7B,sdh,Southern Kurdish,Arab,abjad,1.0,1.0,,direct,0.0
Qwen/Qwen2.5-7B,se,Northern Sami,Latn,alphabet,1.0,1.0,,direct,0.0
Qwen/Qwen2.5-7B,seh,Sena,Latn,alphabet,1.0,1.0,,direct,0.0
Qwen/Qwen2.5-7B,ses,Koyraboro Senni,Latn,alphabet,1.0,1.0,,direct,0.0
Qwen/Qwen2.5-7B,sg,Sango,Latn,alphabet,1.0,1.0,,direct,0.0
Qwen/Qwen2.5-7B,shi,Tachelhit,Tfng,alphabet,0.75,0.8,,direct,0.050000000000000044
Qwen/Qwen2.5-7B,shn,Shan,Mymr,abugida,0.3043,0.4435,,direct,0.1392
Qwen/Qwen2.5-7B,si,Sinhala,Sinh,abugida,0.3378,0.4703,,direct,0.1325
Qwen/Qwen2.5-7B,sid,Sidamo,Latn,alphabet,1.0,1.0,,direct,0.0
Qwen/Qwen2.5-7B,sk,Slovak,Latn,alphabet,1.0,1.0,,direct,0.0
Qwen/Qwen2.5-7B,skr,skr,Arab,abjad,0.9592,0.9673,,direct,0.008099999999999996
Qwen/Qwen2.5-7B,sl,Slovenian,Latn,alphabet,1.0,1.0,,direct,0.0
Qwen/Qwen2.5-7B,sma,Southern Sami,Latn,alphabet,1.0,1.0,,direct,0.0
Qwen/Qwen2.5-7B,smj,Lule Sami,Latn,alphabet,1.0,1.0,,direct,0.0
Qwen/Qwen2.5-7B,smn,Inari Sami,Latn,alphabet,1.0,1.0,,direct,0.0
Qwen/Qwen2.5-7B,sms,Skolt Sami,Latn,alphabet,0.9722,0.9778,,direct,0.005600000000000049
Qwen/Qwen2.5-7B,sn,Shona,Latn,alphabet,1.0,1.0,,direct,0.0
Qwen/Qwen2.5-7B,so,Somali,Latn,alphabet,1.0,1.0,,direct,0.0
Qwen/Qwen2.5-7B,sq,Albanian,Latn,alphabet,1.0,1.0,,direct,0.0
Qwen/Qwen2.5-7B,sr,Serbian,Cyrl,alphabet,1.0,1.0,,direct,0.0
Qwen/Qwen2.5-7B,ss,Swati,Latn,alphabet,1.0,1.0,,direct,0.0
Qwen/Qwen2.5-7B,ssy,Saho,Latn,alphabet,1.0,1.0,,direct,0.0
Qwen/Qwen2.5-7B,st,Southern Sotho,Latn,alphabet,1.0,1.0,,direct,0.0
Qwen/Qwen2.5-7B,su,Sundanese,Latn,alphabet,1.0,1.0,,direct,0.0
Qwen/Qwen2.5-7B,sv,Swedish,Latn,alphabet,1.0,1.0,,direct,0.0
Qwen/Qwen2.5-7B,sw,Swahili,Latn,alphabet,1.0,1.0,,direct,0.0
Qwen/Qwen2.5-7B,syr,Syriac,Syrc,abjad,0.4143,0.5314,,direct,0.11709999999999998
Qwen/Qwen2.5-7B,szl,Silesian,Latn,alphabet,1.0,1.0,,direct,0.0
Qwen/Qwen2.5-7B,ta,Tamil,Taml,abugida,0.5957,0.6766,,direct,0.08089999999999997
Qwen/Qwen2.5-7B,te,Telugu,Telu,abugida,0.2,0.36,,direct,0.15999999999999998
Qwen/Qwen2.5-7B,teo,Teso,Latn,alphabet,1.0,1.0,,direct,0.0
Qwen/Qwen2.5-7B,tg,Tajik,Cyrl,alphabet,1.0,1.0,,direct,0.0
Qwen/Qwen2.5-7B,th,Thai,Thai,abugida,0.9548,0.963,,direct,0.008199999999999985
Qwen/Qwen2.5-7B,ti,Tigrinya,Ethi,syllabary,0.3721,0.4977,,within_script_only,0.1256
Qwen/Qwen2.5-7B,tig,Tigre,Ethi,syllabary,0.2611,0.4088,,within_script_only,0.1477
Qwen/Qwen2.5-7B,tk,Turkmen,Latn,alphabet,1.0,1.0,,direct,0.0
Qwen/Qwen2.5-7B,tn,Tswana,Latn,alphabet,1.0,1.0,,direct,0.0
Qwen/Qwen2.5-7B,to,Tongan,Latn,alphabet,1.0,1.0,,direct,0.0
Qwen/Qwen2.5-7B,tok,Toki Pona,Latn,alphabet,1.0,1.0,,direct,0.0
Qwen/Qwen2.5-7B,tpi,Tok Pisin,Latn,alphabet,1.0,1.0,,direct,0.0
Qwen/Qwen2.5-7B,tr,Turkish,Latn,alphabet,1.0,1.0,,direct,0.0
Qwen/Qwen2.5-7B,trv,Taroko,Latn,alphabet,1.0,1.0,,direct,0.0
Qwen/Qwen2.5-7B,trw,Torwali,Arab,abjad,0.9167,0.9333,,direct,0.01660000000000006
Qwen/Qwen2.5-7B,ts,Tsonga,Latn,alphabet,1.0,1.0,,direct,0.0
Qwen/Qwen2.5-7B,tt,Tatar,Cyrl,alphabet,1.0,1.0,,direct,0.0
Qwen/Qwen2.5-7B,twq,Tasawaq,Latn,alphabet,1.0,1.0,,direct,0.0
Qwen/Qwen2.5-7B,tyv,Tuvinian,Cyrl,alphabet,1.0,1.0,,direct,0.0
Qwen/Qwen2.5-7B,tzm,Central Atlas Tamazight,Latn,alphabet,1.0,1.0,,direct,0.0
Qwen/Qwen2.5-7B,ug,Uyghur,Arab,abjad,1.0,1.0,,direct,0.0
Qwen/Qwen2.5-7B,uk,Ukrainian,Cyrl,alphabet,1.0,1.0,,direct,0.0
Qwen/Qwen2.5-7B,ur,Urdu,Arab,abjad,1.0,1.0,,direct,0.0
Qwen/Qwen2.5-7B,uz,Uzbek,Latn,alphabet,1.0,1.0,,direct,0.0
Qwen/Qwen2.5-7B,vai,Vai,Vaii,syllabary,0.0036,0.2029,,within_script_only,0.1993
Qwen/Qwen2.5-7B,ve,Venda,Latn,alphabet,0.8929,0.9143,,direct,0.021399999999999975
Qwen/Qwen2.5-7B,vec,Venetian,Latn,alphabet,1.0,1.0,,direct,0.0
Qwen/Qwen2.5-7B,vi,Vietnamese,Latn,alphabet,1.0,1.0,,direct,0.0
Qwen/Qwen2.5-7B,vmw,Makhuwa,Latn,alphabet,1.0,1.0,,direct,0.0
Qwen/Qwen2.5-7B,vo,Volapük,Latn,alphabet,1.0,1.0,,direct,0.0
Qwen/Qwen2.5-7B,vun,Vunjo,Latn,alphabet,1.0,1.0,,direct,0.0
Qwen/Qwen2.5-7B,wa,Walloon,Latn,alphabet,1.0,1.0,,direct,0.0
Qwen/Qwen2.5-7B,wae,Walser,Latn,alphabet,1.0,1.0,,direct,0.0
Qwen/Qwen2.5-7B,wal,Wolaytta,Ethi,syllabary,0.2639,0.4111,,within_script_only,0.1472
Qwen/Qwen2.5-7B,wbp,Warlpiri,Latn,alphabet,1.0,1.0,,direct,0.0
Qwen/Qwen2.5-7B,wo,Wolof,Latn,alphabet,1.0,1.0,,direct,0.0
Qwen/Qwen2.5-7B,xh,Xhosa,Latn,alphabet,1.0,1.0,,direct,0.0
Qwen/Qwen2.5-7B,xnr,Kangri,Deva,abugida,0.7879,0.8303,,direct,0.04239999999999999
Qwen/Qwen2.5-7B,xog,Soga,Latn,alphabet,1.0,1.0,,direct,0.0
Qwen/Qwen2.5-7B,yav,Yangben,Latn,alphabet,1.0,1.0,,direct,0.0
Qwen/Qwen2.5-7B,yi,Yiddish,Hebr,abjad,0.8441,0.8735,,direct,0.029400000000000093
Qwen/Qwen2.5-7B,yo,Yoruba,Latn,alphabet,0.975,0.98,,direct,0.0050000000000000044
Qwen/Qwen2.5-7B,yrl,Nheengatu,Latn,alphabet,1.0,1.0,,direct,0.0
Qwen/Qwen2.5-7B,yue,Cantonese,Hant,logographic,0.8811,0.9047,,within_script_only,0.023599999999999954
Qwen/Qwen2.5-7B,za,Zhuang,Latn,alphabet,1.0,1.0,,direct,0.0
Qwen/Qwen2.5-7B,zgh,Standard Moroccan Tamazight,Tfng,alphabet,0.75,0.8,,direct,0.050000000000000044
Qwen/Qwen2.5-7B,zh,Chinese,Hans,logographic,0.9995,0.9996,,within_script_only,9.999999999998899e-05
Qwen/Qwen2.5-7B,zu,Zulu,Latn,alphabet,1.0,1.0,,direct,0.0
Qwen/Qwen2.5-Coder-7B,aa,Afar,Latn,alphabet,1.0,1.0,,direct,0.0
Qwen/Qwen2.5-Coder-7B,ab,Abkhazian,Cyrl,alphabet,0.875,0.9,,direct,0.025000000000000022
Qwen/Qwen2.5-Coder-7B,af,Afrikaans,Latn,alphabet,1.0,1.0,,direct,0.0
Qwen/Qwen2.5-Coder-7B,agq,Aghem,Latn,alphabet,0.9423,0.9538,,direct,0.011499999999999955
Qwen/Qwen2.5-Coder-7B,ak,Akan,Latn,alphabet,1.0,1.0,,direct,0.0
Qwen/Qwen2.5-Coder-7B,am,Amharic,Ethi,syllabary,0.3936,0.5149,,within_script_only,0.12130000000000002
Qwen/Qwen2.5-Coder-7B,an,Aragonese,Latn,alphabet,1.0,1.0,,direct,0.0
Qwen/Qwen2.5-Coder-7B,ann,Obolo,Latn,alphabet,0.9744,0.9795,,direct,0.005099999999999993
Qwen/Qwen2.5-Coder-7B,apc,apc,Arab,abjad,0.9333,0.9467,,direct,0.013399999999999967
Qwen/Qwen2.5-Coder-7B,ar,Arabic,Arab,abjad,0.9333,0.9467,,direct,0.013399999999999967
Qwen/Qwen2.5-Coder-7B,arn,Mapuche,Latn,alphabet,0.96,0.968,,direct,0.008000000000000007
Qwen/Qwen2.5-Coder-7B,as,Assamese,Beng,abugida,0.6441,0.7153,,direct,0.07120000000000004
Qwen/Qwen2.5-Coder-7B,asa,Asu,Latn,alphabet,1.0,1.0,,direct,0.0
Qwen/Qwen2.5-Coder-7B,ast,Asturian,Latn,alphabet,1.0,1.0,,direct,0.0
Qwen/Qwen2.5-Coder-7B,az,Azerbaijani,Latn,alphabet,1.0,1.0,,direct,0.0
Qwen/Qwen2.5-Coder-7B,ba,Bashkir,Cyrl,alphabet,1.0,1.0,,direct,0.0
Qwen/Qwen2.5-Coder-7B,bal,Baluchi,Arab,abjad,1.0,1.0,,direct,0.0
Qwen/Qwen2.5-Coder-7B,bas,Basaa,Latn,alphabet,0.9194,0.9355,,direct,0.016100000000000003
Qwen/Qwen2.5-Coder-7B,be,Belarusian,Cyrl,alphabet,1.0,1.0,,direct,0.0
Qwen/Qwen2.5-Coder-7B,bem,Bemba,Latn,alphabet,1.0,1.0,,direct,0.0
Qwen/Qwen2.5-Coder-7B,bew,Betawi,Latn,alphabet,1.0,1.0,,direct,0.0
Qwen/Qwen2.5-Coder-7B,bez,Bena,Latn,alphabet,1.0,1.0,,direct,0.0
Qwen/Qwen2.5-Coder-7B,bg,Bulgarian,Cyrl,alphabet,1.0,1.0,,direct,0.0
Qwen/Qwen2.5-Coder-7B,bgc,Haryanvi,Deva,abugida,0.8621,0.8897,,direct,0.02760000000000007
Qwen/Qwen2.5-Coder-7B,bgn,Western Balochi,Arab,abjad,1.0,1.0,,direct,0.0
Qwen/Qwen2.5-Coder-7B,bho,Bhojpuri,Deva,abugida,0.8333,0.8667,,direct,0.033399999999999985
Qwen/Qwen2.5-Coder-7B,blo,Anii,Latn,alphabet,0.9796,0.9837,,direct,0.0040999999999999925
Qwen/Qwen2.5-Coder-7B,blt,Tai Dam,Tavt,abugida,0.2031,0.3625,,direct,0.1594
Qwen/Qwen2.5-Coder-7B,bm,Bambara,Latn,alphabet,1.0,1.0,,direct,0.0
Qwen/Qwen2.5-Coder-7B,bn,Bangla,Beng,abugida,0.6324,0.7059,,direct,0.07350000000000001
Qwen/Qwen2.5-Coder-7B,bo,Tibetan,Tibt,abugida,0.2644,0.4115,,direct,0.14709999999999995
Qwen/Qwen2.5-Coder-7B,br,Breton,Latn,alphabet,1.0,1.0,,direct,0.0
Qwen/Qwen2.5-Coder-7B,brx,Bodo,Deva,abugida,0.8361,0.8689,,direct,0.03280000000000005
Qwen/Qwen2.5-Coder-7B,bs,Bosnian,Latn,alphabet,1.0,1.0,,direct,0.0
Qwen/Qwen2.5-Coder-7B,bss,Akoose,Latn,alphabet,0.9423,0.9538,,direct,0.011499999999999955
Qwen/Qwen2.5-Coder-7B,byn,Blin,Ethi,syllabary,0.3806,0.5045,,within_script_only,0.12389999999999995
Qwen/Qwen2.5-Coder-7B,ca,Catalan,Latn,alphabet,1.0,1.0,,direct,0.0
Qwen/Qwen2.5-Coder-7B,cad,Caddo,Latn,alphabet,0.9667,0.9733,,direct,0.00660000000000005
Qwen/Qwen2.5-Coder-7B,cch,Atsam,Latn,alphabet,0.9286,0.9429,,direct,0.01429999999999998
Qwen/Qwen2.5-Coder-7B,ccp,Chakma,Cakm,abugida,0.0,0.2,,direct,0.2
Qwen/Qwen2.5-Coder-7B,ce,Chechen,Cyrl,alphabet,1.0,1.0,,direct,0.0
Qwen/Qwen2.5-Coder-7B,ceb,Cebuano,Latn,alphabet,1.0,1.0,,direct,0.0
Qwen/Qwen2.5-Coder-7B,cgg,Chiga,Latn,alphabet,1.0,1.0,,direct,0.0
Qwen/Qwen2.5-Coder-7B,cho,Choctaw,Latn,alphabet,0.9524,0.9619,,direct,0.009499999999999953
Qwen/Qwen2.5-Coder-7B,chr,Cherokee,Cher,syllabary,0.0,0.2,,within_script_only,0.2
Qwen/Qwen2.5-Coder-7B,cic,Chickasaw,Latn,alphabet,0.9474,0.9579,,direct,0.010499999999999954
Qwen/Qwen2.5-Coder-7B,ckb,Central Kurdish,Arab,abjad,1.0,1.0,,direct,0.0
Qwen/Qwen2.5-Coder-7B,co,Corsican,Latn,alphabet,1.0,1.0,,direct,0.0
Qwen/Qwen2.5-Coder-7B,cop,Coptic,Copt,alphabet,0.125,0.3,,direct,0.175
Qwen/Qwen2.5-Coder-7B,cs,Czech,Latn,alphabet,1.0,1.0,,direct,0.0
Qwen/Qwen2.5-Coder-7B,csw,Swampy Cree,Cans,syllabary,0.268,0.4144,,within_script_only,0.14639999999999997
Qwen/Qwen2.5-Coder-7B,cu,Church Slavic,Cyrl,alphabet,0.6389,0.7111,,direct,0.07219999999999993
Qwen/Qwen2.5-Coder-7B,cv,Chuvash,Cyrl,alphabet,1.0,1.0,,direct,0.0
Qwen/Qwen2.5-Coder-7B,cy,Welsh,Latn,alphabet,0.9592,0.9673,,direct,0.008099999999999996
Qwen/Qwen2.5-Coder-7B,da,Danish,Latn,alphabet,1.0,1.0,,direct,0.0
Qwen/Qwen2.5-Coder-7B,dav,Taita,Latn,alphabet,1.0,1.0,,direct,0.0
Qwen/Qwen2.5-Coder-7B,de,German,Latn,alphabet,1.0,1.0,,direct,0.0
Qwen/Qwen2.5-Coder-7B,dje,Zarma,Latn,alphabet,1.0,1.0,,direct,0.0
Qwen/Qwen2.5-Coder-7B,doi,Dogri,Deva,abugida,0.7714,0.8171,,direct,0.045700000000000074
Qwen/Qwen2.5-Coder-7B,dsb,Lower Sorbian,Latn,alphabet,1.0,1.0,,direct,0.0
Qwen/Qwen2.5-Coder-7B,dua,Duala,Latn,alphabet,1.0,1.0,,direct,0.0
Qwen/Qwen2.5-Coder-7B,dv,Divehi,Thaa,abjad,0.1714,0.3371,,direct,0.16570000000000001
Qwen/Qwen2.5-Coder-7B,dyo,Jola-Fonyi,Latn,alphabet,1.0,1.0,,direct,0.0
Qwen/Qwen2.5-Coder-7B,dz,Dzongkha,Tibt,abugida,0.3966,0.5172,,direct,0.12059999999999998
Qwen/Qwen2.5-Coder-7B,ebu,Embu,Latn,alphabet,1.0,1.0,,direct,0.0
Qwen/Qwen2.5-Coder-7B,ee,Ewe,Latn,alphabet,0.9792,0.9833,,direct,0.0040999999999999925
Qwen/Qwen2.5-Coder-7B,el,Greek,Grek,alphabet,1.0,1.0,,direct,0.0
Qwen/Qwen2.5-Coder-7B,en,English,Latn,alphabet,1.0,1.0,,direct,0.0
Qwen/Qwen2.5-Coder-7B,eo,Esperanto,Latn,alphabet,1.0,1.0,,direct,0.0
Qwen/Qwen2.5-Coder-7B,es,Spanish,Latn,alphabet,1.0,1.0,,direct,0.0
Qwen/Qwen2.5-Coder-7B,et,Estonian,Latn,alphabet,1.0,1.0,,direct,0.0
Qwen/Qwen2.5-Coder-7B,eu,Basque,Latn,alphabet,1.0,1.0,,direct,0.0
Qwen/Qwen2.5-Coder-7B,ewo,Ewondo,Latn,alphabet,0.9615,0.9692,,direct,0.007699999999999929
Qwen/Qwen2.5-Coder-7B,fa,Persian,Arab,abjad,0.9302,0.9442,,direct,0.014000000000000012
Qwen/Qwen2.5-Coder-7B,ff,Fula,Latn,alphabet,0.963,0.9704,,direct,0.007400000000000073
Qwen/Qwen2.5-Coder-7B,fi,Finnish,Latn,alphabet,1.0,1.0,,direct,0.0
Qwen/Qwen2.5-Coder-7B,fil,Filipino,Latn,alphabet,1.0,1.0,,direct,0.0
Qwen/Qwen2.5-Coder-7B,fo,Faroese,Latn,alphabet,1.0,1.0,,direct,0.0
Qwen/Qwen2.5-Coder-7B,fr,French,Latn,alphabet,1.0,1.0,,direct,0.0
Qwen/Qwen2.5-Coder-7B,frr,Northern Frisian,Latn,alphabet,1.0,1.0,,direct,0.0
Qwen/Qwen2.5-Coder-7B,fur,Friulian,Latn,alphabet,1.0,1.0,,direct,0.0
Qwen/Qwen2.5-Coder-7B,fy,Western Frisian,Latn,alphabet,1.0,1.0,,direct,0.0
Qwen/Qwen2.5-Coder-7B,ga,Irish,Latn,alphabet,1.0,1.0,,direct,0.0
Qwen/Qwen2.5-Coder-7B,gaa,Ga,Latn,alphabet,1.0,1.0,,direct,0.0
Qwen/Qwen2.5-Coder-7B,gd,Scottish Gaelic,Latn,alphabet,1.0,1.0,,direct,0.0
Qwen/Qwen2.5-Coder-7B,gez,Geez,Ethi,syllabary,0.4742,0.5793,,within_script_only,0.10510000000000003
Qwen/Qwen2.5-Coder-7B,gl,Galician,Latn,alphabet,1.0,1.0,,direct,0.0
Qwen/Qwen2.5-Coder-7B,gn,Guarani,Latn,alphabet,0.9667,0.9733,,direct,0.00660000000000005
Qwen/Qwen2.5-Coder-7B,gsw,Swiss German,Latn,alphabet,1.0,1.0,,direct,0.0
Qwen/Qwen2.5-Coder-7B,gu,Gujarati,Gujr,abugida,0.2353,0.3882,,direct,0.15289999999999998
Qwen/Qwen2.5-Coder-7B,guz,Gusii,Latn,alphabet,1.0,1.0,,direct,0.0
Qwen/Qwen2.5-Coder-7B,gv,Manx,Latn,alphabet,1.0,1.0,,direct,0.0
Qwen/Qwen2.5-Coder-7B,ha,Hausa,Latn,alphabet,0.963,0.9704,,direct,0.007400000000000073
Qwen/Qwen2.5-Coder-7B,haw,Hawaiian,Latn,alphabet,1.0,1.0,,direct,0.0
Qwen/Qwen2.5-Coder-7B,he,Hebrew,Hebr,abjad,1.0,1.0,,direct,0.0
Qwen/Qwen2.5-Coder-7B,hi,Hindi,Deva,abugida,0.806,0.8448,,direct,0.038799999999999946
Qwen/Qwen2.5-Coder-7B,hnj,Hmong Njua,Hmnp,alphabet,0.0,0.2,,direct,0.2
Qwen/Qwen2.5-Coder-7B,hr,Croatian,Latn,alphabet,1.0,1.0,,direct,0.0
Qwen/Qwen2.5-Coder-7B,hsb,Upper Sorbian,Latn,alphabet,1.0,1.0,,direct,0.0
Qwen/Qwen2.5-Coder-7B,ht,Haitian Creole,Latn,alphabet,1.0,1.0,,direct,0.0
Qwen/Qwen2.5-Coder-7B,hu,Hungarian,Latn,alphabet,1.0,1.0,,direct,0.0
Qwen/Qwen2.5-Coder-7B,hy,Armenian,Armn,alphabet,1.0,1.0,,direct,0.0
Qwen/Qwen2.5-Coder-7B,ia,Interlingua,Latn,alphabet,1.0,1.0,,direct,0.0
Qwen/Qwen2.5-Coder-7B,id,Indonesian,Latn,alphabet,1.0,1.0,,direct,0.0
Qwen/Qwen2.5-Coder-7B,ie,Interlingue,Latn,alphabet,1.0,1.0,,direct,0.0
Qwen/Qwen2.5-Coder-7B,ig,Igbo,Latn,alphabet,1.0,1.0,,direct,0.0
Qwen/Qwen2.5-Coder-7B,ii,Sichuan Yi,Yiii,syllabary,0.0086,0.2069,,within_script_only,0.1983
Qwen/Qwen2.5-Coder-7B,io,Ido,Latn,alphabet,1.0,1.0,,direct,0.0
Qwen/Qwen2.5-Coder-7B,is,Icelandic,Latn,alphabet,1.0,1.0,,direct,0.0
Qwen/Qwen2.5-Coder-7B,it,Italian,Latn,alphabet,1.0,1.0,,direct,0.0
Qwen/Qwen2.5-Coder-7B,iu,Inuktitut,Cans,syllabary,0.2477,0.3982,,within_script_only,0.1505
Qwen/Qwen2.5-Coder-7B,ja,Japanese,Jpan,mixed_logographic,0.8412,0.8727,,within_script_only,0.031500000000000083
Qwen/Qwen2.5-Coder-7B,jbo,Lojban,Latn,alphabet,1.0,1.0,,direct,0.0
Qwen/Qwen2.5-Coder-7B,jgo,Ngomba,Latn,alphabet,0.8889,0.9111,,direct,0.022199999999999998
Qwen/Qwen2.5-Coder-7B,jmc,Machame,Latn,alphabet,1.0,1.0,,direct,0.0
Qwen/Qwen2.5-Coder-7B,jv,Javanese,Latn,alphabet,1.0,1.0,,direct,0.0
Qwen/Qwen2.5-Coder-7B,ka,Georgian,Geor,alphabet,0.9394,0.9515,,direct,0.0121
Qwen/Qwen2.5-Coder-7B,kaa,Kara-Kalpak,Cyrl,alphabet,1.0,1.0,,direct,0.0
Qwen/Qwen2.5-Coder-7B,kab,Kabyle,Latn,alphabet,1.0,1.0,,direct,0.0
Qwen/Qwen2.5-Coder-7B,kaj,Jju,Latn,alphabet,1.0,1.0,,direct,0.0
Qwen/Qwen2.5-Coder-7B,kam,Kamba,Latn,alphabet,1.0,1.0,,direct,0.0
Qwen/Qwen2.5-Coder-7B,kcg,Tyap,Latn,alphabet,0.96,0.968,,direct,0.008000000000000007
Qwen/Qwen2.5-Coder-7B,kde,Makonde,Latn,alphabet,1.0,1.0,,direct,0.0
Qwen/Qwen2.5-Coder-7B,kea,Kabuverdianu,Latn,alphabet,1.0,1.0,,direct,0.0
Qwen/Qwen2.5-Coder-7B,ken,Kenyang,Latn,alphabet,0.9756,0.9805,,direct,0.0049000000000000155
Qwen/Qwen2.5-Coder-7B,kgp,Kaingang,Latn,alphabet,1.0,1.0,,direct,0.0
Qwen/Qwen2.5-Coder-7B,khq,Koyra Chiini,Latn,alphabet,1.0,1.0,,direct,0.0
Qwen/Qwen2.5-Coder-7B,ki,Kikuyu,Latn,alphabet,1.0,1.0,,direct,0.0
Qwen/Qwen2.5-Coder-7B,kk,Kazakh,Cyrl,alphabet,1.0,1.0,,direct,0.0
Qwen/Qwen2.5-Coder-7B,kkj,Kako,Latn,alphabet,0.9574,0.966,,direct,0.008599999999999941
Qwen/Qwen2.5-Coder-7B,kl,Kalaallisut,Latn,alphabet,1.0,1.0,,direct,0.0
Qwen/Qwen2.5-Coder-7B,kln,Kalenjin,Latn,alphabet,1.0,1.0,,direct,0.0
Qwen/Qwen2.5-Coder-7B,km,Khmer,Khmr,abugida,0.4861,0.5889,,direct,0.1028
Qwen/Qwen2.5-Coder-7B,kn,Kannada,Knda,abugida,0.3521,0.4817,,direct,0.1296
Qwen/Qwen2.5-Coder-7B,ko,Korean,Kore,featural_syllabary,0.2248,0.3799,0.7134,within_script_only,0.15510000000000002
Qwen/Qwen2.5-Coder-7B,kok,Konkani,Deva,abugida,0.7013,0.761,,direct,0.059699999999999975
Qwen/Qwen2.5-Coder-7B,kpe,Kpelle,Latn,alphabet,1.0,1.0,,direct,0.0
Qwen/Qwen2.5-Coder-7B,ks,Kashmiri,Arab,abjad,0.9783,0.9826,,direct,0.0043000000000000815
Qwen/Qwen2.5-Coder-7B,ksb,Shambala,Latn,alphabet,1.0,1.0,,direct,0.0
Qwen/Qwen2.5-Coder-7B,ksf,Bafia,Latn,alphabet,1.0,1.0,,direct,0.0
Qwen/Qwen2.5-Coder-7B,ksh,Colognian,Latn,alphabet,1.0,1.0,,direct,0.0
Qwen/Qwen2.5-Coder-7B,ku,Kurdish,Latn,alphabet,1.0,1.0,,direct,0.0
Qwen/Qwen2.5-Coder-7B,kw,Cornish,Latn,alphabet,1.0,1.0,,direct,0.0
Qwen/Qwen2.5-Coder-7B,kxv,Kuvi,Latn,alphabet,1.0,1.0,,direct,0.0
Qwen/Qwen2.5-Coder-7B,ky,Kyrgyz,Cyrl,alphabet,1.0,1.0,,direct,0.0
Qwen/Qwen2.5-Coder-7B,la,Latin,Latn,alphabet,1.0,1.0,,direct,0.0
Qwen/Qwen2.5-Coder-7B,lag,Langi,Latn,alphabet,1.0,1.0,,direct,0.0
Qwen/Qwen2.5-Coder-7B,lb,Luxembourgish,Latn,alphabet,1.0,1.0,,direct,0.0
Qwen/Qwen2.5-Coder-7B,lg,Ganda,Latn,alphabet,1.0,1.0,,direct,0.0
Qwen/Qwen2.5-Coder-7B,lij,Ligurian,Latn,alphabet,1.0,1.0,,direct,0.0
Qwen/Qwen2.5-Coder-7B,lkt,Lakota,Latn,alphabet,1.0,1.0,,direct,0.0
Qwen/Qwen2.5-Coder-7B,lld,lld,Latn,alphabet,1.0,1.0,,direct,0.0
Qwen/Qwen2.5-Coder-7B,lmo,Lombard,Latn,alphabet,1.0,1.0,,direct,0.0
Qwen/Qwen2.5-Coder-7B,ln,Lingala,Latn,alphabet,0.9512,0.961,,direct,0.00979999999999992
Qwen/Qwen2.5-Coder-7B,lo,Lao,Laoo,abugida,0.6,0.68,,direct,0.08000000000000007
Qwen/Qwen2.5-Coder-7B,lrc,Northern Luri,Arab,abjad,0.9535,0.9628,,direct,0.009299999999999975
Qwen/Qwen2.5-Coder-7B,lt,Lithuanian,Latn,alphabet,1.0,1.0,,direct,0.0
Qwen/Qwen2.5-Coder-7B,ltg,Latgalian,Latn,alphabet,1.0,1.0,,direct,0.0
Qwen/Qwen2.5-Coder-7B,lu,Luba-Katanga,Latn,alphabet,1.0,1.0,,direct,0.0
Qwen/Qwen2.5-Coder-7B,luo,Luo,Latn,alphabet,1.0,1.0,,direct,0.0
Qwen/Qwen2.5-Coder-7B,luy,Luyia,Latn,alphabet,1.0,1.0,,direct,0.0
Qwen/Qwen2.5-Coder-7B,lv,Latvian,Latn,alphabet,1.0,1.0,,direct,0.0
Qwen/Qwen2.5-Coder-7B,mai,Maithili,Deva,abugida,0.8889,0.9111,,direct,0.022199999999999998
Qwen/Qwen2.5-Coder-7B,mas,Masai,Latn,alphabet,1.0,1.0,,direct,0.0
Qwen/Qwen2.5-Coder-7B,mdf,Moksha,Cyrl,alphabet,1.0,1.0,,direct,0.0
Qwen/Qwen2.5-Coder-7B,mer,Meru,Latn,alphabet,1.0,1.0,,direct,0.0
Qwen/Qwen2.5-Coder-7B,mfe,Morisyen,Latn,alphabet,1.0,1.0,,direct,0.0
Qwen/Qwen2.5-Coder-7B,mg,Malagasy,Latn,alphabet,1.0,1.0,,direct,0.0
Qwen/Qwen2.5-Coder-7B,mgh,Makhuwa-Meetto,Latn,alphabet,1.0,1.0,,direct,0.0
Qwen/Qwen2.5-Coder-7B,mgo,Metaʼ,Latn,alphabet,1.0,1.0,,direct,0.0
Qwen/Qwen2.5-Coder-7B,mhn,mhn,Latn,alphabet,1.0,1.0,,direct,0.0
Qwen/Qwen2.5-Coder-7B,mi,Māori,Latn,alphabet,1.0,1.0,,direct,0.0
Qwen/Qwen2.5-Coder-7B,mic,Mi'kmaw,Latn,alphabet,1.0,1.0,,direct,0.0
Qwen/Qwen2.5-Coder-7B,mk,Macedonian,Cyrl,alphabet,1.0,1.0,,direct,0.0
Qwen/Qwen2.5-Coder-7B,ml,Malayalam,Mlym,abugida,0.5098,0.6078,,direct,0.09799999999999998
Qwen/Qwen2.5-Coder-7B,mn,Mongolian,Cyrl,alphabet,1.0,1.0,,direct,0.0
Qwen/Qwen2.5-Coder-7B,mni,Manipuri,Beng,abugida,0.661,0.7288,,direct,0.06779999999999997
Qwen/Qwen2.5-Coder-7B,moh,Mohawk,Latn,alphabet,1.0,1.0,,direct,0.0
Qwen/Qwen2.5-Coder-7B,mr,Marathi,Deva,abugida,0.8438,0.875,,direct,0.031200000000000006
Qwen/Qwen2.5-Coder-7B,ms,Malay,Latn,alphabet,1.0,1.0,,direct,0.0
Qwen/Qwen2.5-Coder-7B,mt,Maltese,Latn,alphabet,1.0,1.0,,direct,0.0
Qwen/Qwen2.5-Coder-7B,mua,Mundang,Latn,alphabet,0.9697,0.9758,,direct,0.006099999999999994
Qwen/Qwen2.5-Coder-7B,mus,Muscogee,Latn,alphabet,1.0,1.0,,direct,0.0
Qwen/Qwen2.5-Coder-7B,my,Burmese,Mymr,abugida,0.55,0.64,,direct,0.08999999999999997
Qwen/Qwen2.5-Coder-7B,myv,Erzya,Cyrl,alphabet,1.0,1.0,,direct,0.0
Qwen/Qwen2.5-Coder-7B,mzn,Mazanderani,Arab,abjad,0.9302,0.9442,,direct,0.014000000000000012
Qwen/Qwen2.5-Coder-7B,naq,Nama,Latn,alphabet,1.0,1.0,,direct,0.0
Qwen/Qwen2.5-Coder-7B,nd,North Ndebele,Latn,alphabet,1.0,1.0,,direct,0.0
Qwen/Qwen2.5-Coder-7B,nds,Low German,Latn,alphabet,1.0,1.0,,direct,0.0
Qwen/Qwen2.5-Coder-7B,ne,Nepali,Deva,abugida,0.806,0.8448,,direct,0.038799999999999946
Qwen/Qwen2.5-Coder-7B,nl,Dutch,Latn,alphabet,1.0,1.0,,direct,0.0
Qwen/Qwen2.5-Coder-7B,nmg,Kwasio,Latn,alphabet,0.9474,0.9579,,direct,0.010499999999999954
Qwen/Qwen2.5-Coder-7B,nnh,Ngiemboon,Latn,alphabet,0.963,0.9704,,direct,0.007400000000000073
Qwen/Qwen2.5-Coder-7B,no,Norwegian,Latn,alphabet,1.0,1.0,,direct,0.0
Qwen/Qwen2.5-Coder-7B,nqo,N’Ko,Nkoo,alphabet,0.7073,0.7659,,direct,0.058599999999999985
Qwen/Qwen2.5-Coder-7B,nr,South Ndebele,Latn,alphabet,1.0,1.0,,direct,0.0
Qwen/Qwen2.5-Coder-7B,nso,Northern Sotho,Latn,alphabet,1.0,1.0,,direct,0.0
Qwen/Qwen2.5-Coder-7B,nus,Nuer,Latn,alphabet,0.9444,0.9556,,direct,0.011199999999999988
Qwen/Qwen2.5-Coder-7B,nv,Navajo,Latn,alphabet,1.0,1.0,,direct,0.0
Qwen/Qwen2.5-Coder-7B,ny,Nyanja,Latn,alphabet,1.0,1.0,,direct,0.0
Qwen/Qwen2.5-Coder-7B,nyn,Nyankole,Latn,alphabet,1.0,1.0,,direct,0.0
Qwen/Qwen2.5-Coder-7B,oc,Occitan,Latn,alphabet,1.0,1.0,,direct,0.0
Qwen/Qwen2.5-Coder-7B,om,Oromo,Latn,alphabet,1.0,1.0,,direct,0.0
Qwen/Qwen2.5-Coder-7B,or,Odia,Orya,abugida,0.0806,0.2645,,direct,0.1839
Qwen/Qwen2.5-Coder-7B,os,Ossetic,Cyrl,alphabet,1.0,1.0,,direct,0.0
Qwen/Qwen2.5-Coder-7B,osa,Osage,Osge,alphabet,0.025,0.22,,direct,0.195
Qwen/Qwen2.5-Coder-7B,pa,Punjabi,Guru,abugida,0.1471,0.3176,,direct,0.17049999999999998
Qwen/Qwen2.5-Coder-7B,pap,Papiamento,Latn,alphabet,1.0,1.0,,direct,0.0
Qwen/Qwen2.5-Coder-7B,pcm,Nigerian Pidgin,Latn,alphabet,1.0,1.0,,direct,0.0
Qwen/Qwen2.5-Coder-7B,pis,Pijin,Latn,alphabet,1.0,1.0,,direct,0.0
Qwen/Qwen2.5-Coder-7B,pl,Polish,Latn,alphabet,1.0,1.0,,direct,0.0
Qwen/Qwen2.5-Coder-7B,prg,Prussian,Latn,alphabet,1.0,1.0,,direct,0.0
Qwen/Qwen2.5-Coder-7B,ps,Pashto,Arab,abjad,0.9333,0.9467,,direct,0.013399999999999967
Qwen/Qwen2.5-Coder-7B,pt,Portuguese,Latn,alphabet,1.0,1.0,,direct,0.0
Qwen/Qwen2.5-Coder-7B,qu,Quechua,Latn,alphabet,1.0,1.0,,direct,0.0
Qwen/Qwen2.5-Coder-7B,quc,Kʼicheʼ,Latn,alphabet,1.0,1.0,,direct,0.0
Qwen/Qwen2.5-Coder-7B,raj,Rajasthani,Deva,abugida,0.8367,0.8694,,direct,0.03269999999999995
Qwen/Qwen2.5-Coder-7B,rhg,Rohingya,Rohg,abjad,0.0,0.2,,direct,0.2
Qwen/Qwen2.5-Coder-7B,rif,Riffian,Latn,alphabet,1.0,1.0,,direct,0.0
Qwen/Qwen2.5-Coder-7B,rm,Romansh,Latn,alphabet,1.0,1.0,,direct,0.0
Qwen/Qwen2.5-Coder-7B,rn,Rundi,Latn,alphabet,1.0,1.0,,direct,0.0
Qwen/Qwen2.5-Coder-7B,ro,Romanian,Latn,alphabet,1.0,1.0,,direct,0.0
Qwen/Qwen2.5-Coder-7B,rof,Rombo,Latn,alphabet,1.0,1.0,,direct,0.0
Qwen/Qwen2.5-Coder-7B,ru,Russian,Cyrl,alphabet,1.0,1.0,,direct,0.0
Qwen/Qwen2.5-Coder-7B,rw,Kinyarwanda,Latn,alphabet,1.0,1.0,,direct,0.0
Qwen/Qwen2.5-Coder-7B,rwk,Rwa,Latn,alphabet,1.0,1.0,,direct,0.0
Qwen/Qwen2.5-Coder-7B,sa,Sanskrit,Deva,abugida,0.7714,0.8171,,direct,0.045700000000000074
Qwen/Qwen2.5-Coder-7B,sah,Yakut,Cyrl,alphabet,1.0,1.0,,direct,0.0
Qwen/Qwen2.5-Coder-7B,saq,Samburu,Latn,alphabet,1.0,1.0,,direct,0.0
Qwen/Qwen2.5-Coder-7B,sat,Santali,Olck,alphabet,0.0278,0.2222,,direct,0.19440000000000002
Qwen/Qwen2.5-Coder-7B,sbp,Sangu,Latn,alphabet,1.0,1.0,,direct,0.0
Qwen/Qwen2.5-Coder-7B,sc,Sardinian,Latn,alphabet,1.0,1.0,,direct,0.0
Qwen/Qwen2.5-Coder-7B,scn,Sicilian,Latn,alphabet,1.0,1.0,,direct,0.0
Qwen/Qwen2.5-Coder-7B,sd,Sindhi,Arab,abjad,0.8846,0.9077,,direct,0.0230999999999999
Qwen/Qwen2.5-Coder-7B,sdh,Southern Kurdish,Arab,abjad,1.0,1.0,,direct,0.0
Qwen/Qwen2.5-Coder-7B,se,Northern Sami,Latn,alphabet,1.0,1.0,,direct,0.0
Qwen/Qwen2.5-Coder-7B,seh,Sena,Latn,alphabet,1.0,1.0,,direct,0.0
Qwen/Qwen2.5-Coder-7B,ses,Koyraboro Senni,Latn,alphabet,1.0,1.0,,direct,0.0
Qwen/Qwen2.5-Coder-7B,sg,Sango,Latn,alphabet,1.0,1.0,,direct,0.0
Qwen/Qwen2.5-Coder-7B,shi,Tachelhit,Tfng,alphabet,0.75,0.8,,direct,0.050000000000000044
Qwen/Qwen2.5-Coder-7B,shn,Shan,Mymr,abugida,0.3043,0.4435,,direct,0.1392
Qwen/Qwen2.5-Coder-7B,si,Sinhala,Sinh,abugida,0.3378,0.4703,,direct,0.1325
Qwen/Qwen2.5-Coder-7B,sid,Sidamo,Latn,alphabet,1.0,1.0,,direct,0.0
Qwen/Qwen2.5-Coder-7B,sk,Slovak,Latn,alphabet,1.0,1.0,,direct,0.0
Qwen/Qwen2.5-Coder-7B,skr,skr,Arab,abjad,0.9592,0.9673,,direct,0.008099999999999996
Qwen/Qwen2.5-Coder-7B,sl,Slovenian,Latn,alphabet,1.0,1.0,,direct,0.0
Qwen/Qwen2.5-Coder-7B,sma,Southern Sami,Latn,alphabet,1.0,1.0,,direct,0.0
Qwen/Qwen2.5-Coder-7B,smj,Lule Sami,Latn,alphabet,1.0,1.0,,direct,0.0
Qwen/Qwen2.5-Coder-7B,smn,Inari Sami,Latn,alphabet,1.0,1.0,,direct,0.0
Qwen/Qwen2.5-Coder-7B,sms,Skolt Sami,Latn,alphabet,0.9722,0.9778,,direct,0.005600000000000049
Qwen/Qwen2.5-Coder-7B,sn,Shona,Latn,alphabet,1.0,1.0,,direct,0.0
Qwen/Qwen2.5-Coder-7B,so,Somali,Latn,alphabet,1.0,1.0,,direct,0.0
Qwen/Qwen2.5-Coder-7B,sq,Albanian,Latn,alphabet,1.0,1.0,,direct,0.0
Qwen/Qwen2.5-Coder-7B,sr,Serbian,Cyrl,alphabet,1.0,1.0,,direct,0.0
Qwen/Qwen2.5-Coder-7B,ss,Swati,Latn,alphabet,1.0,1.0,,direct,0.0
Qwen/Qwen2.5-Coder-7B,ssy,Saho,Latn,alphabet,1.0,1.0,,direct,0.0
Qwen/Qwen2.5-Coder-7B,st,Southern Sotho,Latn,alphabet,1.0,1.0,,direct,0.0
Qwen/Qwen2.5-Coder-7B,su,Sundanese,Latn,alphabet,1.0,1.0,,direct,0.0
Qwen/Qwen2.5-Coder-7B,sv,Swedish,Latn,alphabet,1.0,1.0,,direct,0.0
Qwen/Qwen2.5-Coder-7B,sw,Swahili,Latn,alphabet,1.0,1.0,,direct,0.0
Qwen/Qwen2.5-Coder-7B,syr,Syriac,Syrc,abjad,0.4143,0.5314,,direct,0.11709999999999998
Qwen/Qwen2.5-Coder-7B,szl,Silesian,Latn,alphabet,1.0,1.0,,direct,0.0
Qwen/Qwen2.5-Coder-7B,ta,Tamil,Taml,abugida,0.5957,0.6766,,direct,0.08089999999999997
Qwen/Qwen2.5-Coder-7B,te,Telugu,Telu,abugida,0.2,0.36,,direct,0.15999999999999998
Qwen/Qwen2.5-Coder-7B,teo,Teso,Latn,alphabet,1.0,1.0,,direct,0.0
Qwen/Qwen2.5-Coder-7B,tg,Tajik,Cyrl,alphabet,1.0,1.0,,direct,0.0
Qwen/Qwen2.5-Coder-7B,th,Thai,Thai,abugida,0.9548,0.963,,direct,0.008199999999999985
Qwen/Qwen2.5-Coder-7B,ti,Tigrinya,Ethi,syllabary,0.3721,0.4977,,within_script_only,0.1256
Qwen/Qwen2.5-Coder-7B,tig,Tigre,Ethi,syllabary,0.2611,0.4088,,within_script_only,0.1477
Qwen/Qwen2.5-Coder-7B,tk,Turkmen,Latn,alphabet,1.0,1.0,,direct,0.0
Qwen/Qwen2.5-Coder-7B,tn,Tswana,Latn,alphabet,1.0,1.0,,direct,0.0
Qwen/Qwen2.5-Coder-7B,to,Tongan,Latn,alphabet,1.0,1.0,,direct,0.0
Qwen/Qwen2.5-Coder-7B,tok,Toki Pona,Latn,alphabet,1.0,1.0,,direct,0.0
Qwen/Qwen2.5-Coder-7B,tpi,Tok Pisin,Latn,alphabet,1.0,1.0,,direct,0.0
Qwen/Qwen2.5-Coder-7B,tr,Turkish,Latn,alphabet,1.0,1.0,,direct,0.0
Qwen/Qwen2.5-Coder-7B,trv,Taroko,Latn,alphabet,1.0,1.0,,direct,0.0
Qwen/Qwen2.5-Coder-7B,trw,Torwali,Arab,abjad,0.9167,0.9333,,direct,0.01660000000000006
Qwen/Qwen2.5-Coder-7B,ts,Tsonga,Latn,alphabet,1.0,1.0,,direct,0.0
Qwen/Qwen2.5-Coder-7B,tt,Tatar,Cyrl,alphabet,1.0,1.0,,direct,0.0
Qwen/Qwen2.5-Coder-7B,twq,Tasawaq,Latn,alphabet,1.0,1.0,,direct,0.0
Qwen/Qwen2.5-Coder-7B,tyv,Tuvinian,Cyrl,alphabet,1.0,1.0,,direct,0.0
Qwen/Qwen2.5-Coder-7B,tzm,Central Atlas Tamazight,Latn,alphabet,1.0,1.0,,direct,0.0
Qwen/Qwen2.5-Coder-7B,ug,Uyghur,Arab,abjad,1.0,1.0,,direct,0.0
Qwen/Qwen2.5-Coder-7B,uk,Ukrainian,Cyrl,alphabet,1.0,1.0,,direct,0.0
Qwen/Qwen2.5-Coder-7B,ur,Urdu,Arab,abjad,1.0,1.0,,direct,0.0
Qwen/Qwen2.5-Coder-7B,uz,Uzbek,Latn,alphabet,1.0,1.0,,direct,0.0
Qwen/Qwen2.5-Coder-7B,vai,Vai,Vaii,syllabary,0.0036,0.2029,,within_script_only,0.1993
Qwen/Qwen2.5-Coder-7B,ve,Venda,Latn,alphabet,0.8929,0.9143,,direct,0.021399999999999975
Qwen/Qwen2.5-Coder-7B,vec,Venetian,Latn,alphabet,1.0,1.0,,direct,0.0
Qwen/Qwen2.5-Coder-7B,vi,Vietnamese,Latn,alphabet,1.0,1.0,,direct,0.0
Qwen/Qwen2.5-Coder-7B,vmw,Makhuwa,Latn,alphabet,1.0,1.0,,direct,0.0
Qwen/Qwen2.5-Coder-7B,vo,Volapük,Latn,alphabet,1.0,1.0,,direct,0.0
Qwen/Qwen2.5-Coder-7B,vun,Vunjo,Latn,alphabet,1.0,1.0,,direct,0.0
Qwen/Qwen2.5-Coder-7B,wa,Walloon,Latn,alphabet,1.0,1.0,,direct,0.0
Qwen/Qwen2.5-Coder-7B,wae,Walser,Latn,alphabet,1.0,1.0,,direct,0.0
Qwen/Qwen2.5-Coder-7B,wal,Wolaytta,Ethi,syllabary,0.2639,0.4111,,within_script_only,0.1472
Qwen/Qwen2.5-Coder-7B,wbp,Warlpiri,Latn,alphabet,1.0,1.0,,direct,0.0
Qwen/Qwen2.5-Coder-7B,wo,Wolof,Latn,alphabet,1.0,1.0,,direct,0.0
Qwen/Qwen2.5-Coder-7B,xh,Xhosa,Latn,alphabet,1.0,1.0,,direct,0.0
Qwen/Qwen2.5-Coder-7B,xnr,Kangri,Deva,abugida,0.7879,0.8303,,direct,0.04239999999999999
Qwen/Qwen2.5-Coder-7B,xog,Soga,Latn,alphabet,1.0,1.0,,direct,0.0
Qwen/Qwen2.5-Coder-7B,yav,Yangben,Latn,alphabet,1.0,1.0,,direct,0.0
Qwen/Qwen2.5-Coder-7B,yi,Yiddish,Hebr,abjad,0.8441,0.8735,,direct,0.029400000000000093
Qwen/Qwen2.5-Coder-7B,yo,Yoruba,Latn,alphabet,0.975,0.98,,direct,0.0050000000000000044
Qwen/Qwen2.5-Coder-7B,yrl,Nheengatu,Latn,alphabet,1.0,1.0,,direct,0.0
Qwen/Qwen2.5-Coder-7B,yue,Cantonese,Hant,logographic,0.8811,0.9047,,within_script_only,0.023599999999999954
Qwen/Qwen2.5-Coder-7B,za,Zhuang,Latn,alphabet,1.0,1.0,,direct,0.0
Qwen/Qwen2.5-Coder-7B,zgh,Standard Moroccan Tamazight,Tfng,alphabet,0.75,0.8,,direct,0.050000000000000044
Qwen/Qwen2.5-Coder-7B,zh,Chinese,Hans,logographic,0.9995,0.9996,,within_script_only,9.999999999998899e-05
Qwen/Qwen2.5-Coder-7B,zu,Zulu,Latn,alphabet,1.0,1.0,,direct,0.0
allenai/OLMo-2-1124-7B,aa,Afar,Latn,alphabet,1.0,1.0,,direct,0.0
allenai/OLMo-2-1124-7B,ab,Abkhazian,Cyrl,alphabet,0.65,0.72,,direct,0.06999999999999995
allenai/OLMo-2-1124-7B,af,Afrikaans,Latn,alphabet,1.0,1.0,,direct,0.0
allenai/OLMo-2-1124-7B,agq,Aghem,Latn,alphabet,0.75,0.8,,direct,0.050000000000000044
allenai/OLMo-2-1124-7B,ak,Akan,Latn,alphabet,0.9091,0.9273,,direct,0.018199999999999994
allenai/OLMo-2-1124-7B,am,Amharic,Ethi,syllabary,0.0,0.2,,within_script_only,0.2
allenai/OLMo-2-1124-7B,an,Aragonese,Latn,alphabet,1.0,1.0,,direct,0.0
allenai/OLMo-2-1124-7B,ann,Obolo,Latn,alphabet,0.9487,0.959,,direct,0.010299999999999976
allenai/OLMo-2-1124-7B,apc,apc,Arab,abjad,0.8378,0.8689,,direct,0.031100000000000017
allenai/OLMo-2-1124-7B,ar,Arabic,Arab,abjad,0.8378,0.8689,,direct,0.031100000000000017
allenai/OLMo-2-1124-7B,arn,Mapuche,Latn,alphabet,0.88,0.904,,direct,0.02400000000000002
allenai/OLMo-2-1124-7B,as,Assamese,Beng,abugida,0.0847,0.2678,,direct,0.18309999999999998
allenai/OLMo-2-1124-7B,asa,Asu,Latn,alphabet,1.0,1.0,,direct,0.0
allenai/OLMo-2-1124-7B,ast,Asturian,Latn,alphabet,0.9375,0.95,,direct,0.012499999999999956
allenai/OLMo-2-1124-7B,az,Azerbaijani,Latn,alphabet,1.0,1.0,,direct,0.0
allenai/OLMo-2-1124-7B,ba,Bashkir,Cyrl,alphabet,0.7857,0.8286,,direct,0.04290000000000005
allenai/OLMo-2-1124-7B,bal,Baluchi,Arab,abjad,0.697,0.7576,,direct,0.0606000000000001
allenai/OLMo-2-1124-7B,bas,Basaa,Latn,alphabet,0.7742,0.8194,,direct,0.04520000000000002
allenai/OLMo-2-1124-7B,be,Belarusian,Cyrl,alphabet,0.9688,0.975,,direct,0.006199999999999983
allenai/OLMo-2-1124-7B,bem,Bemba,Latn,alphabet,1.0,1.0,,direct,0.0
allenai/OLMo-2-1124-7B,bew,Betawi,Latn,alphabet,0.9655,0.9724,,direct,0.006900000000000017
allenai/OLMo-2-1124-7B,bez,Bena,Latn,alphabet,1.0,1.0,,direct,0.0
allenai/OLMo-2-1124-7B,bg,Bulgarian,Cyrl,alphabet,1.0,1.0,,direct,0.0
allenai/OLMo-2-1124-7B,bgc,Haryanvi,Deva,abugida,0.2759,0.4207,,direct,0.14480000000000004
allenai/OLMo-2-1124-7B,bgn,Western Balochi,Arab,abjad,0.7297,0.7838,,direct,0.05410000000000004
allenai/OLMo-2-1124-7B,bho,Bhojpuri,Deva,abugida,0.3542,0.4833,,direct,0.1291
allenai/OLMo-2-1124-7B,blo,Anii,Latn,alphabet,0.7959,0.8367,,direct,0.04079999999999995
allenai/OLMo-2-1124-7B,blt,Tai Dam,Tavt,abugida,0.0,0.2,,direct,0.2
allenai/OLMo-2-1124-7B,bm,Bambara,Latn,alphabet,0.8519,0.8815,,direct,0.02959999999999996
allenai/OLMo-2-1124-7B,bn,Bangla,Beng,abugida,0.0882,0.2706,,direct,0.1824
allenai/OLMo-2-1124-7B,bo,Tibetan,Tibt,abugida,0.0,0.2,,direct,0.2
allenai/OLMo-2-1124-7B,br,Breton,Latn,alphabet,0.9655,0.9724,,direct,0.006900000000000017
allenai/OLMo-2-1124-7B,brx,Bodo,Deva,abugida,0.2787,0.423,,direct,0.14429999999999998
allenai/OLMo-2-1124-7B,bs,Bosnian,Latn,alphabet,1.0,1.0,,direct,0.0
allenai/OLMo-2-1124-7B,bss,Akoose,Latn,alphabet,0.7692,0.8154,,direct,0.04620000000000002
allenai/OLMo-2-1124-7B,byn,Blin,Ethi,syllabary,0.0,0.2,,within_script_only,0.2
allenai/OLMo-2-1124-7B,ca,Catalan,Latn,alphabet,1.0,1.0,,direct,0.0
allenai/OLMo-2-1124-7B,cad,Caddo,Latn,alphabet,0.9,0.92,,direct,0.020000000000000018
allenai/OLMo-2-1124-7B,cch,Atsam,Latn,alphabet,0.8571,0.8857,,direct,0.02860000000000007
allenai/OLMo-2-1124-7B,ccp,Chakma,Cakm,abugida,0.0,0.2,,direct,0.2
allenai/OLMo-2-1124-7B,ce,Chechen,Cyrl,alphabet,0.9706,0.9765,,direct,0.005900000000000016
allenai/OLMo-2-1124-7B,ceb,Cebuano,Latn,alphabet,1.0,1.0,,direct,0.0
allenai/OLMo-2-1124-7B,cgg,Chiga,Latn,alphabet,1.0,1.0,,direct,0.0
allenai/OLMo-2-1124-7B,cho,Choctaw,Latn,alphabet,0.9048,0.9238,,direct,0.018999999999999906
allenai/OLMo-2-1124-7B,chr,Cherokee,Cher,syllabary,0.0,0.2,,within_script_only,0.2
allenai/OLMo-2-1124-7B,cic,Chickasaw,Latn,alphabet,0.8947,0.9158,,direct,0.021099999999999897
allenai/OLMo-2-1124-7B,ckb,Central Kurdish,Arab,abjad,0.7273,0.7818,,direct,0.054500000000000104
allenai/OLMo-2-1124-7B,co,Corsican,Latn,alphabet,1.0,1.0,,direct,0.0
allenai/OLMo-2-1124-7B,cop,Coptic,Copt,alphabet,0.0,0.2,,direct,0.2
allenai/OLMo-2-1124-7B,cs,Czech,Latn,alphabet,0.9512,0.961,,direct,0.00979999999999992
allenai/OLMo-2-1124-7B,csw,Swampy Cree,Cans,syllabary,0.0,0.2,,within_script_only,0.2
allenai/OLMo-2-1124-7B,cu,Church Slavic,Cyrl,alphabet,0.4306,0.5444,,direct,0.11380000000000001
allenai/OLMo-2-1124-7B,cv,Chuvash,Cyrl,alphabet,0.8919,0.9135,,direct,0.021599999999999953
allenai/OLMo-2-1124-7B,cy,Welsh,Latn,alphabet,0.8571,0.8857,,direct,0.02860000000000007
allenai/OLMo-2-1124-7B,da,Danish,Latn,alphabet,1.0,1.0,,direct,0.0
allenai/OLMo-2-1124-7B,dav,Taita,Latn,alphabet,1.0,1.0,,direct,0.0
allenai/OLMo-2-1124-7B,de,German,Latn,alphabet,1.0,1.0,,direct,0.0
allenai/OLMo-2-1124-7B,dje,Zarma,Latn,alphabet,0.9062,0.925,,direct,0.01880000000000004
allenai/OLMo-2-1124-7B,doi,Dogri,Deva,abugida,0.2429,0.3943,,direct,0.15139999999999998
allenai/OLMo-2-1124-7B,dsb,Lower Sorbian,Latn,alphabet,0.973,0.9784,,direct,0.005400000000000071
allenai/OLMo-2-1124-7B,dua,Duala,Latn,alphabet,0.8485,0.8788,,direct,0.030299999999999994
allenai/OLMo-2-1124-7B,dv,Divehi,Thaa,abjad,0.0,0.2,,direct,0.2
allenai/OLMo-2-1124-7B,dyo,Jola-Fonyi,Latn,alphabet,0.9688,0.975,,direct,0.006199999999999983
allenai/OLMo-2-1124-7B,dz,Dzongkha,Tibt,abugida,0.0,0.2,,direct,0.2
allenai/OLMo-2-1124-7B,ebu,Embu,Latn,alphabet,0.9286,0.9429,,direct,0.01429999999999998
allenai/OLMo-2-1124-7B,ee,Ewe,Latn,alphabet,0.7708,0.8167,,direct,0.04589999999999994
allenai/OLMo-2-1124-7B,el,Greek,Grek,alphabet,0.75,0.8,,direct,0.050000000000000044
allenai/OLMo-2-1124-7B,en,English,Latn,alphabet,1.0,1.0,,direct,0.0
allenai/OLMo-2-1124-7B,eo,Esperanto,Latn,alphabet,0.7857,0.8286,,direct,0.04290000000000005
allenai/OLMo-2-1124-7B,es,Spanish,Latn,alphabet,1.0,1.0,,direct,0.0
allenai/OLMo-2-1124-7B,et,Estonian,Latn,alphabet,1.0,1.0,,direct,0.0
allenai/OLMo-2-1124-7B,eu,Basque,Latn,alphabet,1.0,1.0,,direct,0.0
allenai/OLMo-2-1124-7B,ewo,Ewondo,Latn,alphabet,0.8077,0.8462,,direct,0.03849999999999998
allenai/OLMo-2-1124-7B,fa,Persian,Arab,abjad,0.7837,0.8256,,direct,0.04190000000000005
allenai/OLMo-2-1124-7B,ff,Fula,Latn,alphabet,0.8519,0.8815,,direct,0.02959999999999996
allenai/OLMo-2-1124-7B,fi,Finnish,Latn,alphabet,1.0,1.0,,direct,0.0
allenai/OLMo-2-1124-7B,fil,Filipino,Latn,alphabet,1.0,1.0,,direct,0.0
allenai/OLMo-2-1124-7B,fo,Faroese,Latn,alphabet,1.0,1.0,,direct,0.0
allenai/OLMo-2-1124-7B,fr,French,Latn,alphabet,0.9762,0.981,,direct,0.0048000000000000265
allenai/OLMo-2-1124-7B,frr,Northern Frisian,Latn,alphabet,1.0,1.0,,direct,0.0
allenai/OLMo-2-1124-7B,fur,Friulian,Latn,alphabet,1.0,1.0,,direct,0.0
allenai/OLMo-2-1124-7B,fy,Western Frisian,Latn,alphabet,1.0,1.0,,direct,0.0
allenai/OLMo-2-1124-7B,ga,Irish,Latn,alphabet,1.0,1.0,,direct,0.0
allenai/OLMo-2-1124-7B,gaa,Ga,Latn,alphabet,0.8846,0.9077,,direct,0.0230999999999999
allenai/OLMo-2-1124-7B,gd,Scottish Gaelic,Latn,alphabet,1.0,1.0,,direct,0.0
allenai/OLMo-2-1124-7B,gez,Geez,Ethi,syllabary,0.0,0.2,,within_script_only,0.2
allenai/OLMo-2-1124-7B,gl,Galician,Latn,alphabet,1.0,1.0,,direct,0.0
allenai/OLMo-2-1124-7B,gn,Guarani,Latn,alphabet,0.8,0.84,,direct,0.039999999999999925
allenai/OLMo-2-1124-7B,gsw,Swiss German,Latn,alphabet,1.0,1.0,,direct,0.0
allenai/OLMo-2-1124-7B,gu,Gujarati,Gujr,abugida,0.0,0.2,,direct,0.2
allenai/OLMo-2-1124-7B,guz,Gusii,Latn,alphabet,1.0,1.0,,direct,0.0
allenai/OLMo-2-1124-7B,gv,Manx,Latn,alphabet,1.0,1.0,,direct,0.0
allenai/OLMo-2-1124-7B,ha,Hausa,Latn,alphabet,0.8148,0.8519,,direct,0.03710000000000002
allenai/OLMo-2-1124-7B,haw,Hawaiian,Latn,alphabet,0.9444,0.9556,,direct,0.011199999999999988
allenai/OLMo-2-1124-7B,he,Hebrew,Hebr,abjad,0.5185,0.6148,,direct,0.09630000000000005
allenai/OLMo-2-1124-7B,hi,Hindi,Deva,abugida,0.2537,0.403,,direct,0.14930000000000004
allenai/OLMo-2-1124-7B,hnj,Hmong Njua,Hmnp,alphabet,0.0,0.2,,direct,0.2
allenai/OLMo-2-1124-7B,hr,Croatian,Latn,alphabet,1.0,1.0,,direct,0.0
allenai/OLMo-2-1124-7B,hsb,Upper Sorbian,Latn,alphabet,1.0,1.0,,direct,0.0
allenai/OLMo-2-1124-7B,ht,Haitian Creole,Latn,alphabet,1.0,1.0,,direct,0.0
allenai/OLMo-2-1124-7B,hu,Hungarian,Latn,alphabet,1.0,1.0,,direct,0.0
allenai/OLMo-2-1124-7B,hy,Armenian,Armn,alphabet,0.0,0.2,,direct,0.2
allenai/OLMo-2-1124-7B,ia,Interlingua,Latn,alphabet,1.0,1.0,,direct,0.0
allenai/OLMo-2-1124-7B,id,Indonesian,Latn,alphabet,1.0,1.0,,direct,0.0
allenai/OLMo-2-1124-7B,ie,Interlingue,Latn,alphabet,1.0,1.0,,direct,0.0
allenai/OLMo-2-1124-7B,ig,Igbo,Latn,alphabet,0.9643,0.9714,,direct,0.007099999999999995
allenai/OLMo-2-1124-7B,ii,Sichuan Yi,Yiii,syllabary,0.0,0.2,,within_script_only,0.2
allenai/OLMo-2-1124-7B,io,Ido,Latn,alphabet,1.0,1.0,,direct,0.0
allenai/OLMo-2-1124-7B,is,Icelandic,Latn,alphabet,0.9906,0.9906,,direct,0.0
allenai/OLMo-2-1124-7B,it,Italian,Latn,alphabet,1.0,1.0,,direct,0.0
allenai/OLMo-2-1124-7B,iu,Inuktitut,Cans,syllabary,0.0,0.2,,within_script_only,0.2
allenai/OLMo-2-1124-7B,ja,Japanese,Jpan,mixed_logographic,0.2026,0.3619,,within_script_only,0.1593
allenai/OLMo-2-1124-7B,jbo,Lojban,Latn,alphabet,1.0,1.0,,direct,0.0
allenai/OLMo-2-1124-7B,jgo,Ngomba,Latn,alphabet,0.6667,0.7333,,direct,0.06659999999999999
allenai/OLMo-2-1124-7B,jmc,Machame,Latn,alphabet,1.0,1.0,,direct,0.0
allenai/OLMo-2-1124-7B,jv,Javanese,Latn,alphabet,1.0,1.0,,direct,0.0
allenai/OLMo-2-1124-7B,ka,Georgian,Geor,alphabet,0.0,0.2,,direct,0.2
allenai/OLMo-2-1124-7B,kaa,Kara-Kalpak,Cyrl,alphabet,0.8049,0.8439,,direct,0.039000000000000035
allenai/OLMo-2-1124-7B,kab,Kabyle,Latn,alphabet,0.7353,0.7882,,direct,0.05290000000000006
allenai/OLMo-2-1124-7B,kaj,Jju,Latn,alphabet,1.0,1.0,,direct,0.0
allenai/OLMo-2-1124-7B,kam,Kamba,Latn,alphabet,0.9259,0.9407,,direct,0.014800000000000035
allenai/OLMo-2-1124-7B,kcg,Tyap,Latn,alphabet,0.96,0.968,,direct,0.008000000000000007
allenai/OLMo-2-1124-7B,kde,Makonde,Latn,alphabet,1.0,1.0,,direct,0.0
allenai/OLMo-2-1124-7B,kea,Kabuverdianu,Latn,alphabet,1.0,1.0,,direct,0.0
allenai/OLMo-2-1124-7B,ken,Kenyang,Latn,alphabet,0.7805,0.8244,,direct,0.04390000000000005
allenai/OLMo-2-1124-7B,kgp,Kaingang,Latn,alphabet,0.8462,0.8769,,direct,0.03070000000000006
allenai/OLMo-2-1124-7B,khq,Koyra Chiini,Latn,alphabet,0.9062,0.925,,direct,0.01880000000000004
allenai/OLMo-2-1124-7B,ki,Kikuyu,Latn,alphabet,0.9,0.92,,direct,0.020000000000000018
allenai/OLMo-2-1124-7B,kk,Kazakh,Cyrl,alphabet,0.8095,0.8476,,direct,0.03810000000000002
allenai/OLMo-2-1124-7B,kkj,Kako,Latn,alphabet,0.8511,0.8809,,direct,0.02980000000000005
allenai/OLMo-2-1124-7B,kl,Kalaallisut,Latn,alphabet,1.0,1.0,,direct,0.0
allenai/OLMo-2-1124-7B,kln,Kalenjin,Latn,alphabet,1.0,1.0,,direct,0.0
allenai/OLMo-2-1124-7B,km,Khmer,Khmr,abugida,0.0278,0.2222,,direct,0.19440000000000002
allenai/OLMo-2-1124-7B,kn,Kannada,Knda,abugida,0.0,0.2,,direct,0.2
allenai/OLMo-2-1124-7B,ko,Korean,Kore,featural_syllabary,0.0145,0.2114,0.2,within_script_only,0.1969
allenai/OLMo-2-1124-7B,kok,Konkani,Deva,abugida,0.2208,0.3766,,direct,0.1558
allenai/OLMo-2-1124-7B,kpe,Kpelle,Latn,alphabet,0.7586,0.8069,,direct,0.0482999999999999
allenai/OLMo-2-1124-7B,ks,Kashmiri,Arab,abjad,0.6674,0.7326,,direct,0.06520000000000004
allenai/OLMo-2-1124-7B,ksb,Shambala,Latn,alphabet,1.0,1.0,,direct,0.0
allenai/OLMo-2-1124-7B,ksf,Bafia,Latn,alphabet,0.8824,0.9059,,direct,0.023500000000000076
allenai/OLMo-2-1124-7B,ksh,Colognian,Latn,alphabet,0.9722,0.9778,,direct,0.005600000000000049
allenai/OLMo-2-1124-7B,ku,Kurdish,Latn,alphabet,1.0,1.0,,direct,0.0
allenai/OLMo-2-1124-7B,kw,Cornish,Latn,alphabet,1.0,1.0,,direct,0.0
allenai/OLMo-2-1124-7B,kxv,Kuvi,Latn,alphabet,0.8182,0.8545,,direct,0.0363
allenai/OLMo-2-1124-7B,ky,Kyrgyz,Cyrl,alphabet,0.9032,0.9226,,direct,0.019399999999999973
allenai/OLMo-2-1124-7B,la,Latin,Latn,alphabet,1.0,1.0,,direct,0.0
allenai/OLMo-2-1124-7B,lag,Langi,Latn,alphabet,0.9394,0.9515,,direct,0.0121
allenai/OLMo-2-1124-7B,lb,Luxembourgish,Latn,alphabet,1.0,1.0,,direct,0.0
allenai/OLMo-2-1124-7B,lg,Ganda,Latn,alphabet,0.9583,0.9667,,direct,0.008399999999999963
allenai/OLMo-2-1124-7B,lij,Ligurian,Latn,alphabet,1.0,1.0,,direct,0.0
allenai/OLMo-2-1124-7B,lkt,Lakota,Latn,alphabet,0.8667,0.8933,,direct,0.026599999999999957
allenai/OLMo-2-1124-7B,lld,lld,Latn,alphabet,1.0,1.0,,direct,0.0
allenai/OLMo-2-1124-7B,lmo,Lombard,Latn,alphabet,1.0,1.0,,direct,0.0
allenai/OLMo-2-1124-7B,ln,Lingala,Latn,alphabet,0.8293,0.8634,,direct,0.03409999999999991
allenai/OLMo-2-1124-7B,lo,Lao,Laoo,abugida,0.0,0.2,,direct,0.2
allenai/OLMo-2-1124-7B,lrc,Northern Luri,Arab,abjad,0.6977,0.7581,,direct,0.06040000000000001
allenai/OLMo-2-1124-7B,lt,Lithuanian,Latn,alphabet,0.9062,0.925,,direct,0.01880000000000004
allenai/OLMo-2-1124-7B,ltg,Latgalian,Latn,alphabet,0.8857,0.9086,,direct,0.02289999999999992
allenai/OLMo-2-1124-7B,lu,Luba-Katanga,Latn,alphabet,0.9474,0.9579,,direct,0.010499999999999954
allenai/OLMo-2-1124-7B,luo,Luo,Latn,alphabet,1.0,1.0,,direct,0.0
allenai/OLMo-2-1124-7B,luy,Luyia,Latn,alphabet,1.0,1.0,,direct,0.0
allenai/OLMo-2-1124-7B,lv,Latvian,Latn,alphabet,0.8788,0.903,,direct,0.0242
allenai/OLMo-2-1124-7B,mai,Maithili,Deva,abugida,0.3778,0.5022,,direct,0.12439999999999996
allenai/OLMo-2-1124-7B,mas,Masai,Latn,alphabet,0.8936,0.9149,,direct,0.021300000000000097
allenai/OLMo-2-1124-7B,mdf,Moksha,Cyrl,alphabet,1.0,1.0,,direct,0.0
allenai/OLMo-2-1124-7B,mer,Meru,Latn,alphabet,0.9286,0.9429,,direct,0.01429999999999998
allenai/OLMo-2-1124-7B,mfe,Morisyen,Latn,alphabet,1.0,1.0,,direct,0.0
allenai/OLMo-2-1124-7B,mg,Malagasy,Latn,alphabet,1.0,1.0,,direct,0.0
allenai/OLMo-2-1124-7B,mgh,Makhuwa-Meetto,Latn,alphabet,1.0,1.0,,direct,0.0
allenai/OLMo-2-1124-7B,mgo,Metaʼ,Latn,alphabet,0.9062,0.925,,direct,0.01880000000000004
allenai/OLMo-2-1124-7B,mhn,mhn,Latn,alphabet,1.0,1.0,,direct,0.0
allenai/OLMo-2-1124-7B,mi,Māori,Latn,alphabet,1.0,1.0,,direct,0.0
allenai/OLMo-2-1124-7B,mic,Mi'kmaw,Latn,alphabet,0.9091,0.9273,,direct,0.018199999999999994
allenai/OLMo-2-1124-7B,mk,Macedonian,Cyrl,alphabet,0.7742,0.8194,,direct,0.04520000000000002
allenai/OLMo-2-1124-7B,ml,Malayalam,Mlym,abugida,0.0,0.2,,direct,0.2
allenai/OLMo-2-1124-7B,mn,Mongolian,Cyrl,alphabet,0.9429,0.9543,,direct,0.011400000000000077
allenai/OLMo-2-1124-7B,mni,Manipuri,Beng,abugida,0.1017,0.2814,,direct,0.17969999999999997
allenai/OLMo-2-1124-7B,moh,Mohawk,Latn,alphabet,0.9565,0.9652,,direct,0.00869999999999993
allenai/OLMo-2-1124-7B,mr,Marathi,Deva,abugida,0.2656,0.4125,,direct,0.14689999999999998
allenai/OLMo-2-1124-7B,ms,Malay,Latn,alphabet,1.0,1.0,,direct,0.0
allenai/OLMo-2-1124-7B,mt,Maltese,Latn,alphabet,0.9091,0.9273,,direct,0.018199999999999994
allenai/OLMo-2-1124-7B,mua,Mundang,Latn,alphabet,0.8182,0.8545,,direct,0.0363
allenai/OLMo-2-1124-7B,mus,Muscogee,Latn,alphabet,0.9524,0.9619,,direct,0.009499999999999953
allenai/OLMo-2-1124-7B,my,Burmese,Mymr,abugida,0.0,0.2,,direct,0.2
allenai/OLMo-2-1124-7B,myv,Erzya,Cyrl,alphabet,1.0,1.0,,direct,0.0
allenai/OLMo-2-1124-7B,mzn,Mazanderani,Arab,abjad,0.7837,0.8256,,direct,0.04190000000000005
allenai/OLMo-2-1124-7B,naq,Nama,Latn,alphabet,0.871,0.8968,,direct,0.025800000000000045
allenai/OLMo-2-1124-7B,nd,North Ndebele,Latn,alphabet,1.0,1.0,,direct,0.0
allenai/OLMo-2-1124-7B,nds,Low German,Latn,alphabet,1.0,1.0,,direct,0.0
allenai/OLMo-2-1124-7B,ne,Nepali,Deva,abugida,0.2537,0.403,,direct,0.14930000000000004
allenai/OLMo-2-1124-7B,nl,Dutch,Latn,alphabet,1.0,1.0,,direct,0.0
allenai/OLMo-2-1124-7B,nmg,Kwasio,Latn,alphabet,0.7719,0.8175,,direct,0.045599999999999974
allenai/OLMo-2-1124-7B,nnh,Ngiemboon,Latn,alphabet,0.7593,0.8074,,direct,0.04810000000000003
allenai/OLMo-2-1124-7B,no,Norwegian,Latn,alphabet,1.0,1.0,,direct,0.0
allenai/OLMo-2-1124-7B,nqo,N’Ko,Nkoo,alphabet,0.0,0.2,,direct,0.2
allenai/OLMo-2-1124-7B,nr,South Ndebele,Latn,alphabet,1.0,1.0,,direct,0.0
allenai/OLMo-2-1124-7B,nso,Northern Sotho,Latn,alphabet,1.0,1.0,,direct,0.0
allenai/OLMo-2-1124-7B,nus,Nuer,Latn,alphabet,0.8333,0.8667,,direct,0.033399999999999985
allenai/OLMo-2-1124-7B,nv,Navajo,Latn,alphabet,0.9355,0.9484,,direct,0.012900000000000023
allenai/OLMo-2-1124-7B,ny,Nyanja,Latn,alphabet,0.9583,0.9667,,direct,0.008399999999999963
allenai/OLMo-2-1124-7B,nyn,Nyankole,Latn,alphabet,1.0,1.0,,direct,0.0
allenai/OLMo-2-1124-7B,oc,Occitan,Latn,alphabet,1.0,1.0,,direct,0.0
allenai/OLMo-2-1124-7B,om,Oromo,Latn,alphabet,1.0,1.0,,direct,0.0
allenai/OLMo-2-1124-7B,or,Odia,Orya,abugida,0.0,0.2,,direct,0.2
allenai/OLMo-2-1124-7B,os,Ossetic,Cyrl,alphabet,0.9706,0.9765,,direct,0.005900000000000016
allenai/OLMo-2-1124-7B,osa,Osage,Osge,alphabet,0.025,0.22,,direct,0.195
allenai/OLMo-2-1124-7B,pa,Punjabi,Guru,abugida,0.0,0.2,,direct,0.2
allenai/OLMo-2-1124-7B,pap,Papiamento,Latn,alphabet,1.0,1.0,,direct,0.0
allenai/OLMo-2-1124-7B,pcm,Nigerian Pidgin,Latn,alphabet,0.9688,0.975,,direct,0.006199999999999983
allenai/OLMo-2-1124-7B,pis,Pijin,Latn,alphabet,1.0,1.0,,direct,0.0
allenai/OLMo-2-1124-7B,pl,Polish,Latn,alphabet,1.0,1.0,,direct,0.0
allenai/OLMo-2-1124-7B,prg,Prussian,Latn,alphabet,0.8718,0.8974,,direct,0.025599999999999956
allenai/OLMo-2-1124-7B,ps,Pashto,Arab,abjad,0.645,0.715,,direct,0.06999999999999995
allenai/OLMo-2-1124-7B,pt,Portuguese,Latn,alphabet,1.0,1.0,,direct,0.0
allenai/OLMo-2-1124-7B,qu,Quechua,Latn,alphabet,0.9412,0.9529,,direct,0.011699999999999933
allenai/OLMo-2-1124-7B,quc,Kʼicheʼ,Latn,alphabet,0.96,0.968,,direct,0.008000000000000007
allenai/OLMo-2-1124-7B,raj,Rajasthani,Deva,abugida,0.3469,0.4776,,direct,0.13070000000000004
allenai/OLMo-2-1124-7B,rhg,Rohingya,Rohg,abjad,0.0,0.2,,direct,0.2
allenai/OLMo-2-1124-7B,rif,Riffian,Latn,alphabet,0.7742,0.8194,,direct,0.04520000000000002
allenai/OLMo-2-1124-7B,rm,Romansh,Latn,alphabet,1.0,1.0,,direct,0.0
allenai/OLMo-2-1124-7B,rn,Rundi,Latn,alphabet,1.0,1.0,,direct,0.0
allenai/OLMo-2-1124-7B,ro,Romanian,Latn,alphabet,1.0,1.0,,direct,0.0
allenai/OLMo-2-1124-7B,rof,Rombo,Latn,alphabet,1.0,1.0,,direct,0.0
allenai/OLMo-2-1124-7B,ru,Russian,Cyrl,alphabet,1.0,1.0,,direct,0.0
allenai/OLMo-2-1124-7B,rw,Kinyarwanda,Latn,alphabet,1.0,1.0,,direct,0.0
allenai/OLMo-2-1124-7B,rwk,Rwa,Latn,alphabet,1.0,1.0,,direct,0.0
allenai/OLMo-2-1124-7B,sa,Sanskrit,Deva,abugida,0.2429,0.3943,,direct,0.15139999999999998
allenai/OLMo-2-1124-7B,sah,Yakut,Cyrl,alphabet,0.8077,0.8462,,direct,0.03849999999999998
allenai/OLMo-2-1124-7B,saq,Samburu,Latn,alphabet,1.0,1.0,,direct,0.0
allenai/OLMo-2-1124-7B,sat,Santali,Olck,alphabet,0.0,0.2,,direct,0.2
allenai/OLMo-2-1124-7B,sbp,Sangu,Latn,alphabet,1.0,1.0,,direct,0.0
allenai/OLMo-2-1124-7B,sc,Sardinian,Latn,alphabet,1.0,1.0,,direct,0.0
allenai/OLMo-2-1124-7B,scn,Sicilian,Latn,alphabet,0.9697,0.9758,,direct,0.006099999999999994
allenai/OLMo-2-1124-7B,sd,Sindhi,Arab,abjad,0.5904,0.6712,,direct,0.08079999999999998
allenai/OLMo-2-1124-7B,sdh,Southern Kurdish,Arab,abjad,0.6765,0.7412,,direct,0.06469999999999998
allenai/OLMo-2-1124-7B,se,Northern Sami,Latn,alphabet,0.931,0.9448,,direct,0.013799999999999923
allenai/OLMo-2-1124-7B,seh,Sena,Latn,alphabet,1.0,1.0,,direct,0.0
allenai/OLMo-2-1124-7B,ses,Koyraboro Senni,Latn,alphabet,0.9062,0.925,,direct,0.01880000000000004
allenai/OLMo-2-1124-7B,sg,Sango,Latn,alphabet,1.0,1.0,,direct,0.0
allenai/OLMo-2-1124-7B,shi,Tachelhit,Tfng,alphabet,0.0,0.2,,direct,0.2
allenai/OLMo-2-1124-7B,shn,Shan,Mymr,abugida,0.0217,0.2174,,direct,0.1957
allenai/OLMo-2-1124-7B,si,Sinhala,Sinh,abugida,0.0,0.2,,direct,0.2
allenai/OLMo-2-1124-7B,sid,Sidamo,Latn,alphabet,1.0,1.0,,direct,0.0
allenai/OLMo-2-1124-7B,sk,Slovak,Latn,alphabet,0.8837,0.907,,direct,0.023299999999999987
allenai/OLMo-2-1124-7B,skr,skr,Arab,abjad,0.6061,0.6837,,direct,0.0776
allenai/OLMo-2-1124-7B,sl,Slovenian,Latn,alphabet,1.0,1.0,,direct,0.0
allenai/OLMo-2-1124-7B,sma,Southern Sami,Latn,alphabet,1.0,1.0,,direct,0.0
allenai/OLMo-2-1124-7B,smj,Lule Sami,Latn,alphabet,1.0,1.0,,direct,0.0
allenai/OLMo-2-1124-7B,smn,Inari Sami,Latn,alphabet,0.9677,0.9742,,direct,0.00649999999999995
allenai/OLMo-2-1124-7B,sms,Skolt Sami,Latn,alphabet,0.8333,0.8667,,direct,0.033399999999999985
allenai/OLMo-2-1124-7B,sn,Shona,Latn,alphabet,1.0,1.0,,direct,0.0
allenai/OLMo-2-1124-7B,so,Somali,Latn,alphabet,1.0,1.0,,direct,0.0
allenai/OLMo-2-1124-7B,sq,Albanian,Latn,alphabet,1.0,1.0,,direct,0.0
allenai/OLMo-2-1124-7B,sr,Serbian,Cyrl,alphabet,0.8,0.84,,direct,0.039999999999999925
allenai/OLMo-2-1124-7B,ss,Swati,Latn,alphabet,1.0,1.0,,direct,0.0
allenai/OLMo-2-1124-7B,ssy,Saho,Latn,alphabet,1.0,1.0,,direct,0.0
allenai/OLMo-2-1124-7B,st,Southern Sotho,Latn,alphabet,1.0,1.0,,direct,0.0
allenai/OLMo-2-1124-7B,su,Sundanese,Latn,alphabet,1.0,1.0,,direct,0.0
allenai/OLMo-2-1124-7B,sv,Swedish,Latn,alphabet,1.0,1.0,,direct,0.0
allenai/OLMo-2-1124-7B,sw,Swahili,Latn,alphabet,1.0,1.0,,direct,0.0
allenai/OLMo-2-1124-7B,syr,Syriac,Syrc,abjad,0.0,0.2,,direct,0.2
allenai/OLMo-2-1124-7B,szl,Silesian,Latn,alphabet,0.9706,0.9765,,direct,0.005900000000000016
allenai/OLMo-2-1124-7B,ta,Tamil,Taml,abugida,0.0638,0.2511,,direct,0.1873
allenai/OLMo-2-1124-7B,te,Telugu,Telu,abugida,0.0,0.2,,direct,0.2
allenai/OLMo-2-1124-7B,teo,Teso,Latn,alphabet,1.0,1.0,,direct,0.0
allenai/OLMo-2-1124-7B,tg,Tajik,Cyrl,alphabet,0.8286,0.8629,,direct,0.0343
allenai/OLMo-2-1124-7B,th,Thai,Thai,abugida,0.5616,0.6493,,direct,0.0877
allenai/OLMo-2-1124-7B,ti,Tigrinya,Ethi,syllabary,0.0,0.2,,within_script_only,0.2
allenai/OLMo-2-1124-7B,tig,Tigre,Ethi,syllabary,0.0,0.2,,within_script_only,0.2
allenai/OLMo-2-1124-7B,tk,Turkmen,Latn,alphabet,0.9667,0.9733,,direct,0.00660000000000005
allenai/OLMo-2-1124-7B,tn,Tswana,Latn,alphabet,1.0,1.0,,direct,0.0
allenai/OLMo-2-1124-7B,to,Tongan,Latn,alphabet,0.963,0.9704,,direct,0.007400000000000073
allenai/OLMo-2-1124-7B,tok,Toki Pona,Latn,alphabet,1.0,1.0,,direct,0.0
allenai/OLMo-2-1124-7B,tpi,Tok Pisin,Latn,alphabet,1.0,1.0,,direct,0.0
allenai/OLMo-2-1124-7B,tr,Turkish,Latn,alphabet,1.0,1.0,,direct,0.0
allenai/OLMo-2-1124-7B,trv,Taroko,Latn,alphabet,1.0,1.0,,direct,0.0
allenai/OLMo-2-1124-7B,trw,Torwali,Arab,abjad,0.6396,0.7104,,direct,0.07080000000000009
allenai/OLMo-2-1124-7B,ts,Tsonga,Latn,alphabet,1.0,1.0,,direct,0.0
allenai/OLMo-2-1124-7B,tt,Tatar,Cyrl,alphabet,0.8462,0.8769,,direct,0.03070000000000006
allenai/OLMo-2-1124-7B,twq,Tasawaq,Latn,alphabet,0.9062,0.925,,direct,0.01880000000000004
allenai/OLMo-2-1124-7B,tyv,Tuvinian,Cyrl,alphabet,0.9167,0.9333,,direct,0.01660000000000006
allenai/OLMo-2-1124-7B,tzm,Central Atlas Tamazight,Latn,alphabet,0.7419,0.7935,,direct,0.05159999999999998
allenai/OLMo-2-1124-7B,ug,Uyghur,Arab,abjad,0.6765,0.7412,,direct,0.06469999999999998
allenai/OLMo-2-1124-7B,uk,Ukrainian,Cyrl,alphabet,0.8824,0.9059,,direct,0.023500000000000076
allenai/OLMo-2-1124-7B,ur,Urdu,Arab,abjad,0.7816,0.8237,,direct,0.042100000000000026
allenai/OLMo-2-1124-7B,uz,Uzbek,Latn,alphabet,0.9259,0.9407,,direct,0.014800000000000035
allenai/OLMo-2-1124-7B,vai,Vai,Vaii,syllabary,0.0,0.2,,within_script_only,0.2
allenai/OLMo-2-1124-7B,ve,Venda,Latn,alphabet,0.8214,0.8571,,direct,0.035699999999999954
allenai/OLMo-2-1124-7B,vec,Venetian,Latn,alphabet,1.0,1.0,,direct,0.0
allenai/OLMo-2-1124-7B,vi,Vietnamese,Latn,alphabet,0.8281,0.8618,,direct,0.03370000000000006
allenai/OLMo-2-1124-7B,vmw,Makhuwa,Latn,alphabet,1.0,1.0,,direct,0.0
allenai/OLMo-2-1124-7B,vo,Volapük,Latn,alphabet,1.0,1.0,,direct,0.0
allenai/OLMo-2-1124-7B,vun,Vunjo,Latn,alphabet,1.0,1.0,,direct,0.0
allenai/OLMo-2-1124-7B,wa,Walloon,Latn,alphabet,0.9767,0.9814,,direct,0.0047000000000000375
allenai/OLMo-2-1124-7B,wae,Walser,Latn,alphabet,0.9744,0.9795,,direct,0.005099999999999993
allenai/OLMo-2-1124-7B,wal,Wolaytta,Ethi,syllabary,0.0,0.2,,within_script_only,0.2
allenai/OLMo-2-1124-7B,wbp,Warlpiri,Latn,alphabet,1.0,1.0,,direct,0.0
allenai/OLMo-2-1124-7B,wo,Wolof,Latn,alphabet,0.9655,0.9724,,direct,0.006900000000000017
allenai/OLMo-2-1124-7B,xh,Xhosa,Latn,alphabet,1.0,1.0,,direct,0.0
allenai/OLMo-2-1124-7B,xnr,Kangri,Deva,abugida,0.2727,0.4182,,direct,0.14550000000000002
allenai/OLMo-2-1124-7B,xog,Soga,Latn,alphabet,1.0,1.0,,direct,0.0
allenai/OLMo-2-1124-7B,yav,Yangben,Latn,alphabet,0.8723,0.8979,,direct,0.025600000000000067
allenai/OLMo-2-1124-7B,yi,Yiddish,Hebr,abjad,0.4118,0.5294,,direct,0.11759999999999998
allenai/OLMo-2-1124-7B,yo,Yoruba,Latn,alphabet,0.875,0.9,,direct,0.025000000000000022
allenai/OLMo-2-1124-7B,yrl,Nheengatu,Latn,alphabet,0.8571,0.8857,,direct,0.02860000000000007
allenai/OLMo-2-1124-7B,yue,Cantonese,Hant,logographic,0.1495,0.3194,,within_script_only,0.16990000000000002
allenai/OLMo-2-1124-7B,za,Zhuang,Latn,alphabet,1.0,1.0,,direct,0.0
allenai/OLMo-2-1124-7B,zgh,Standard Moroccan Tamazight,Tfng,alphabet,0.0,0.2,,direct,0.2
allenai/OLMo-2-1124-7B,zh,Chinese,Hans,logographic,0.2448,0.3953,,within_script_only,0.1505
allenai/OLMo-2-1124-7B,zu,Zulu,Latn,alphabet,1.0,1.0,,direct,0.0
bigscience/bloom,aa,Afar,Latn,alphabet,1.0,1.0,,direct,0.0
bigscience/bloom,ab,Abkhazian,Cyrl,alphabet,0.7,0.76,,direct,0.06000000000000005
bigscience/bloom,af,Afrikaans,Latn,alphabet,1.0,1.0,,direct,0.0
bigscience/bloom,agq,Aghem,Latn,alphabet,0.9808,0.9846,,direct,0.0038000000000000256
bigscience/bloom,ak,Akan,Latn,alphabet,1.0,1.0,,direct,0.0
bigscience/bloom,am,Amharic,Ethi,syllabary,0.0035,0.2028,,within_script_only,0.1993
bigscience/bloom,an,Aragonese,Latn,alphabet,1.0,1.0,,direct,0.0
bigscience/bloom,ann,Obolo,Latn,alphabet,1.0,1.0,,direct,0.0
bigscience/bloom,apc,apc,Arab,abjad,1.0,1.0,,direct,0.0
bigscience/bloom,ar,Arabic,Arab,abjad,1.0,1.0,,direct,0.0
bigscience/bloom,arn,Mapuche,Latn,alphabet,0.96,0.968,,direct,0.008000000000000007
bigscience/bloom,as,Assamese,Beng,abugida,0.9898,0.9898,,direct,0.0
bigscience/bloom,asa,Asu,Latn,alphabet,1.0,1.0,,direct,0.0
bigscience/bloom,ast,Asturian,Latn,alphabet,1.0,1.0,,direct,0.0
bigscience/bloom,az,Azerbaijani,Latn,alphabet,0.9909,0.9909,,direct,0.0
bigscience/bloom,ba,Bashkir,Cyrl,alphabet,0.881,0.9048,,direct,0.023800000000000043
bigscience/bloom,bal,Baluchi,Arab,abjad,0.9394,0.9515,,direct,0.0121
bigscience/bloom,bas,Basaa,Latn,alphabet,0.9629,0.9694,,direct,0.006500000000000061
bigscience/bloom,be,Belarusian,Cyrl,alphabet,0.9688,0.975,,direct,0.006199999999999983
bigscience/bloom,bem,Bemba,Latn,alphabet,1.0,1.0,,direct,0.0
bigscience/bloom,bew,Betawi,Latn,alphabet,1.0,1.0,,direct,0.0
bigscience/bloom,bez,Bena,Latn,alphabet,1.0,1.0,,direct,0.0
bigscience/bloom,bg,Bulgarian,Cyrl,alphabet,1.0,1.0,,direct,0.0
bigscience/bloom,bgc,Haryanvi,Deva,abugida,1.0,1.0,,direct,0.0
bigscience/bloom,bgn,Western Balochi,Arab,abjad,0.9459,0.9568,,direct,0.01090000000000002
bigscience/bloom,bho,Bhojpuri,Deva,abugida,1.0,1.0,,direct,0.0
bigscience/bloom,blo,Anii,Latn,alphabet,0.9592,0.9673,,direct,0.008099999999999996
bigscience/bloom,blt,Tai Dam,Tavt,abugida,0.0,0.2,,direct,0.2
bigscience/bloom,bm,Bambara,Latn,alphabet,1.0,1.0,,direct,0.0
bigscience/bloom,bn,Bangla,Beng,abugida,0.8735,0.8971,,direct,0.023599999999999954
bigscience/bloom,bo,Tibetan,Tibt,abugida,0.0805,0.2644,,direct,0.1839
bigscience/bloom,br,Breton,Latn,alphabet,1.0,1.0,,direct,0.0
bigscience/bloom,brx,Bodo,Deva,abugida,1.0,1.0,,direct,0.0
bigscience/bloom,bs,Bosnian,Latn,alphabet,1.0,1.0,,direct,0.0
bigscience/bloom,bss,Akoose,Latn,alphabet,0.9808,0.9846,,direct,0.0038000000000000256
bigscience/bloom,byn,Blin,Ethi,syllabary,0.0035,0.2028,,within_script_only,0.1993
bigscience/bloom,ca,Catalan,Latn,alphabet,1.0,1.0,,direct,0.0
bigscience/bloom,cad,Caddo,Latn,alphabet,1.0,1.0,,direct,0.0
bigscience/bloom,cch,Atsam,Latn,alphabet,1.0,1.0,,direct,0.0
bigscience/bloom,ccp,Chakma,Cakm,abugida,0.0,0.2,,direct,0.2
bigscience/bloom,ce,Chechen,Cyrl,alphabet,0.9706,0.9765,,direct,0.005900000000000016
bigscience/bloom,ceb,Cebuano,Latn,alphabet,1.0,1.0,,direct,0.0
bigscience/bloom,cgg,Chiga,Latn,alphabet,1.0,1.0,,direct,0.0
bigscience/bloom,cho,Choctaw,Latn,alphabet,1.0,1.0,,direct,0.0
bigscience/bloom,chr,Cherokee,Cher,syllabary,0.0,0.2,,within_script_only,0.2
bigscience/bloom,cic,Chickasaw,Latn,alphabet,1.0,1.0,,direct,0.0
bigscience/bloom,ckb,Central Kurdish,Arab,abjad,0.8485,0.8788,,direct,0.030299999999999994
bigscience/bloom,co,Corsican,Latn,alphabet,1.0,1.0,,direct,0.0
bigscience/bloom,cop,Coptic,Copt,alphabet,0.25,0.4,,direct,0.15000000000000002
bigscience/bloom,cs,Czech,Latn,alphabet,0.9756,0.9805,,direct,0.0049000000000000155
bigscience/bloom,csw,Swampy Cree,Cans,syllabary,0.0,0.2,,within_script_only,0.2
bigscience/bloom,cu,Church Slavic,Cyrl,alphabet,0.4444,0.5556,,direct,0.11119999999999997
bigscience/bloom,cv,Chuvash,Cyrl,alphabet,0.8919,0.9135,,direct,0.021599999999999953
bigscience/bloom,cy,Welsh,Latn,alphabet,0.898,0.9184,,direct,0.020399999999999974
bigscience/bloom,da,Danish,Latn,alphabet,1.0,1.0,,direct,0.0
bigscience/bloom,dav,Taita,Latn,alphabet,1.0,1.0,,direct,0.0
bigscience/bloom,de,German,Latn,alphabet,1.0,1.0,,direct,0.0
bigscience/bloom,dje,Zarma,Latn,alphabet,1.0,1.0,,direct,0.0
bigscience/bloom,doi,Dogri,Deva,abugida,0.9,0.92,,direct,0.020000000000000018
bigscience/bloom,dsb,Lower Sorbian,Latn,alphabet,0.973,0.9784,,direct,0.005400000000000071
bigscience/bloom,dua,Duala,Latn,alphabet,0.9818,0.9818,,direct,0.0
bigscience/bloom,dv,Divehi,Thaa,abjad,0.0,0.2,,direct,0.2
bigscience/bloom,dyo,Jola-Fonyi,Latn,alphabet,1.0,1.0,,direct,0.0
bigscience/bloom,dz,Dzongkha,Tibt,abugida,0.1207,0.2966,,direct,0.17589999999999997
bigscience/bloom,ebu,Embu,Latn,alphabet,1.0,1.0,,direct,0.0
bigscience/bloom,ee,Ewe,Latn,alphabet,1.0,1.0,,direct,0.0
bigscience/bloom,el,Greek,Grek,alphabet,0.8889,0.9111,,direct,0.022199999999999998
bigscience/bloom,en,English,Latn,alphabet,1.0,1.0,,direct,0.0
bigscience/bloom,eo,Esperanto,Latn,alphabet,0.9643,0.9714,,direct,0.007099999999999995
bigscience/bloom,es,Spanish,Latn,alphabet,1.0,1.0,,direct,0.0
bigscience/bloom,et,Estonian,Latn,alphabet,1.0,1.0,,direct,0.0
bigscience/bloom,eu,Basque,Latn,alphabet,1.0,1.0,,direct,0.0
bigscience/bloom,ewo,Ewondo,Latn,alphabet,1.0,1.0,,direct,0.0
bigscience/bloom,fa,Persian,Arab,abjad,1.0,1.0,,direct,0.0
bigscience/bloom,ff,Fula,Latn,alphabet,0.9407,0.9481,,direct,0.007400000000000073
bigscience/bloom,fi,Finnish,Latn,alphabet,1.0,1.0,,direct,0.0
bigscience/bloom,fil,Filipino,Latn,alphabet,1.0,1.0,,direct,0.0
bigscience/bloom,fo,Faroese,Latn,alphabet,1.0,1.0,,direct,0.0
bigscience/bloom,fr,French,Latn,alphabet,1.0,1.0,,direct,0.0
bigscience/bloom,frr,Northern Frisian,Latn,alphabet,1.0,1.0,,direct,0.0
bigscience/bloom,fur,Friulian,Latn,alphabet,1.0,1.0,,direct,0.0
bigscience/bloom,fy,Western Frisian,Latn,alphabet,1.0,1.0,,direct,0.0
bigscience/bloom,ga,Irish,Latn,alphabet,1.0,1.0,,direct,0.0
bigscience/bloom,gaa,Ga,Latn,alphabet,1.0,1.0,,direct,0.0
bigscience/bloom,gd,Scottish Gaelic,Latn,alphabet,1.0,1.0,,direct,0.0
bigscience/bloom,gez,Geez,Ethi,syllabary,0.0047,0.2038,,within_script_only,0.1991
bigscience/bloom,gl,Galician,Latn,alphabet,1.0,1.0,,direct,0.0
bigscience/bloom,gn,Guarani,Latn,alphabet,1.0,1.0,,direct,0.0
bigscience/bloom,gsw,Swiss German,Latn,alphabet,1.0,1.0,,direct,0.0
bigscience/bloom,gu,Gujarati,Gujr,abugida,0.9,0.9147,,direct,0.014699999999999935
bigscience/bloom,guz,Gusii,Latn,alphabet,1.0,1.0,,direct,0.0
bigscience/bloom,gv,Manx,Latn,alphabet,1.0,1.0,,direct,0.0
bigscience/bloom,ha,Hausa,Latn,alphabet,0.9037,0.9185,,direct,0.014800000000000035
bigscience/bloom,haw,Hawaiian,Latn,alphabet,1.0,1.0,,direct,0.0
bigscience/bloom,he,Hebrew,Hebr,abjad,0.8889,0.9111,,direct,0.022199999999999998
bigscience/bloom,hi,Hindi,Deva,abugida,0.9851,0.9881,,direct,0.0030000000000000027
bigscience/bloom,hnj,Hmong Njua,Hmnp,alphabet,0.0,0.2,,direct,0.2
bigscience/bloom,hr,Croatian,Latn,alphabet,1.0,1.0,,direct,0.0
bigscience/bloom,hsb,Upper Sorbian,Latn,alphabet,1.0,1.0,,direct,0.0
bigscience/bloom,ht,Haitian Creole,Latn,alphabet,1.0,1.0,,direct,0.0
bigscience/bloom,hu,Hungarian,Latn,alphabet,1.0,1.0,,direct,0.0
bigscience/bloom,hy,Armenian,Armn,alphabet,0.6105,0.6789,,direct,0.0683999999999999
bigscience/bloom,ia,Interlingua,Latn,alphabet,1.0,1.0,,direct,0.0
bigscience/bloom,id,Indonesian,Latn,alphabet,1.0,1.0,,direct,0.0
bigscience/bloom,ie,Interlingue,Latn,alphabet,1.0,1.0,,direct,0.0
bigscience/bloom,ig,Igbo,Latn,alphabet,1.0,1.0,,direct,0.0
bigscience/bloom,ii,Sichuan Yi,Yiii,syllabary,0.0052,0.2041,,within_script_only,0.1989
bigscience/bloom,io,Ido,Latn,alphabet,1.0,1.0,,direct,0.0
bigscience/bloom,is,Icelandic,Latn,alphabet,1.0,1.0,,direct,0.0
bigscience/bloom,it,Italian,Latn,alphabet,1.0,1.0,,direct,0.0
bigscience/bloom,iu,Inuktitut,Cans,syllabary,0.0,0.2,,within_script_only,0.2
bigscience/bloom,ja,Japanese,Jpan,mixed_logographic,0.8568,0.8854,,within_script_only,0.02859999999999996
bigscience/bloom,jbo,Lojban,Latn,alphabet,1.0,1.0,,direct,0.0
bigscience/bloom,jgo,Ngomba,Latn,alphabet,0.9111,0.9289,,direct,0.017799999999999927
bigscience/bloom,jmc,Machame,Latn,alphabet,1.0,1.0,,direct,0.0
bigscience/bloom,jv,Javanese,Latn,alphabet,1.0,1.0,,direct,0.0
bigscience/bloom,ka,Georgian,Geor,alphabet,0.4061,0.5212,,direct,0.11509999999999998
bigscience/bloom,kaa,Kara-Kalpak,Cyrl,alphabet,0.9268,0.9415,,direct,0.014700000000000046
bigscience/bloom,kab,Kabyle,Latn,alphabet,0.9412,0.9529,,direct,0.011699999999999933
bigscience/bloom,kaj,Jju,Latn,alphabet,1.0,1.0,,direct,0.0
bigscience/bloom,kam,Kamba,Latn,alphabet,1.0,1.0,,direct,0.0
bigscience/bloom,kcg,Tyap,Latn,alphabet,1.0,1.0,,direct,0.0
bigscience/bloom,kde,Makonde,Latn,alphabet,1.0,1.0,,direct,0.0
bigscience/bloom,kea,Kabuverdianu,Latn,alphabet,1.0,1.0,,direct,0.0
bigscience/bloom,ken,Kenyang,Latn,alphabet,0.9756,0.9805,,direct,0.0049000000000000155
bigscience/bloom,kgp,Kaingang,Latn,alphabet,1.0,1.0,,direct,0.0
bigscience/bloom,khq,Koyra Chiini,Latn,alphabet,1.0,1.0,,direct,0.0
bigscience/bloom,ki,Kikuyu,Latn,alphabet,1.0,1.0,,direct,0.0
bigscience/bloom,kk,Kazakh,Cyrl,alphabet,0.9286,0.9429,,direct,0.01429999999999998
bigscience/bloom,kkj,Kako,Latn,alphabet,0.9809,0.9809,,direct,0.0
bigscience/bloom,kl,Kalaallisut,Latn,alphabet,1.0,1.0,,direct,0.0
bigscience/bloom,kln,Kalenjin,Latn,alphabet,1.0,1.0,,direct,0.0
bigscience/bloom,km,Khmer,Khmr,abugida,0.2778,0.4222,,direct,0.14440000000000003
bigscience/bloom,kn,Kannada,Knda,abugida,0.9296,0.9437,,direct,0.014100000000000001
bigscience/bloom,ko,Korean,Kore,featural_syllabary,0.0265,0.2212,0.2,within_script_only,0.1947
bigscience/bloom,kok,Konkani,Deva,abugida,0.987,0.9896,,direct,0.0026000000000000467
bigscience/bloom,kpe,Kpelle,Latn,alphabet,0.9897,0.9897,,direct,0.0
bigscience/bloom,ks,Kashmiri,Arab,abjad,0.913,0.9304,,direct,0.01739999999999997
bigscience/bloom,ksb,Shambala,Latn,alphabet,1.0,1.0,,direct,0.0
bigscience/bloom,ksf,Bafia,Latn,alphabet,1.0,1.0,,direct,0.0
bigscience/bloom,ksh,Colognian,Latn,alphabet,1.0,1.0,,direct,0.0
bigscience/bloom,ku,Kurdish,Latn,alphabet,1.0,1.0,,direct,0.0
bigscience/bloom,kw,Cornish,Latn,alphabet,1.0,1.0,,direct,0.0
bigscience/bloom,kxv,Kuvi,Latn,alphabet,1.0,1.0,,direct,0.0
bigscience/bloom,ky,Kyrgyz,Cyrl,alphabet,0.9677,0.9742,,direct,0.00649999999999995
bigscience/bloom,la,Latin,Latn,alphabet,1.0,1.0,,direct,0.0
bigscience/bloom,lag,Langi,Latn,alphabet,0.9697,0.9758,,direct,0.006099999999999994
bigscience/bloom,lb,Luxembourgish,Latn,alphabet,1.0,1.0,,direct,0.0
bigscience/bloom,lg,Ganda,Latn,alphabet,1.0,1.0,,direct,0.0
bigscience/bloom,lij,Ligurian,Latn,alphabet,1.0,1.0,,direct,0.0
bigscience/bloom,lkt,Lakota,Latn,alphabet,0.9333,0.9467,,direct,0.013399999999999967
bigscience/bloom,lld,lld,Latn,alphabet,1.0,1.0,,direct,0.0
bigscience/bloom,lmo,Lombard,Latn,alphabet,1.0,1.0,,direct,0.0
bigscience/bloom,ln,Lingala,Latn,alphabet,1.0,1.0,,direct,0.0
bigscience/bloom,lo,Lao,Laoo,abugida,0.0,0.2,,direct,0.2
bigscience/bloom,lrc,Northern Luri,Arab,abjad,0.8605,0.8884,,direct,0.027899999999999925
bigscience/bloom,lt,Lithuanian,Latn,alphabet,0.9688,0.975,,direct,0.006199999999999983
bigscience/bloom,ltg,Latgalian,Latn,alphabet,0.9714,0.9771,,direct,0.005699999999999927
bigscience/bloom,lu,Luba-Katanga,Latn,alphabet,1.0,1.0,,direct,0.0
bigscience/bloom,luo,Luo,Latn,alphabet,1.0,1.0,,direct,0.0
bigscience/bloom,luy,Luyia,Latn,alphabet,1.0,1.0,,direct,0.0
bigscience/bloom,lv,Latvian,Latn,alphabet,0.9697,0.9758,,direct,0.006099999999999994
bigscience/bloom,mai,Maithili,Deva,abugida,1.0,1.0,,direct,0.0
bigscience/bloom,mas,Masai,Latn,alphabet,0.9787,0.983,,direct,0.0042999999999999705
bigscience/bloom,mdf,Moksha,Cyrl,alphabet,1.0,1.0,,direct,0.0
bigscience/bloom,mer,Meru,Latn,alphabet,1.0,1.0,,direct,0.0
bigscience/bloom,mfe,Morisyen,Latn,alphabet,1.0,1.0,,direct,0.0
bigscience/bloom,mg,Malagasy,Latn,alphabet,1.0,1.0,,direct,0.0
bigscience/bloom,mgh,Makhuwa-Meetto,Latn,alphabet,1.0,1.0,,direct,0.0
bigscience/bloom,mgo,Metaʼ,Latn,alphabet,1.0,1.0,,direct,0.0
bigscience/bloom,mhn,mhn,Latn,alphabet,1.0,1.0,,direct,0.0
bigscience/bloom,mi,Māori,Latn,alphabet,1.0,1.0,,direct,0.0
bigscience/bloom,mic,Mi'kmaw,Latn,alphabet,1.0,1.0,,direct,0.0
bigscience/bloom,mk,Macedonian,Cyrl,alphabet,0.8935,0.9129,,direct,0.019400000000000084
bigscience/bloom,ml,Malayalam,Mlym,abugida,0.9686,0.9725,,direct,0.0039000000000000146
bigscience/bloom,mn,Mongolian,Cyrl,alphabet,1.0,1.0,,direct,0.0
bigscience/bloom,mni,Manipuri,Beng,abugida,0.9898,0.9898,,direct,0.0
bigscience/bloom,moh,Mohawk,Latn,alphabet,1.0,1.0,,direct,0.0
bigscience/bloom,mr,Marathi,Deva,abugida,0.9844,0.9875,,direct,0.0030999999999999917
bigscience/bloom,ms,Malay,Latn,alphabet,1.0,1.0,,direct,0.0
bigscience/bloom,mt,Maltese,Latn,alphabet,0.9697,0.9758,,direct,0.006099999999999994
bigscience/bloom,mua,Mundang,Latn,alphabet,0.9515,0.9576,,direct,0.006099999999999994
bigscience/bloom,mus,Muscogee,Latn,alphabet,1.0,1.0,,direct,0.0
bigscience/bloom,my,Burmese,Mymr,abugida,0.0167,0.2133,,direct,0.1966
bigscience/bloom,myv,Erzya,Cyrl,alphabet,1.0,1.0,,direct,0.0
bigscience/bloom,mzn,Mazanderani,Arab,abjad,1.0,1.0,,direct,0.0
bigscience/bloom,naq,Nama,Latn,alphabet,0.871,0.8968,,direct,0.025800000000000045
bigscience/bloom,nd,North Ndebele,Latn,alphabet,1.0,1.0,,direct,0.0
bigscience/bloom,nds,Low German,Latn,alphabet,1.0,1.0,,direct,0.0
bigscience/bloom,ne,Nepali,Deva,abugida,0.9851,0.9881,,direct,0.0030000000000000027
bigscience/bloom,nl,Dutch,Latn,alphabet,1.0,1.0,,direct,0.0
bigscience/bloom,nmg,Kwasio,Latn,alphabet,0.9772,0.9807,,direct,0.0035000000000000586
bigscience/bloom,nnh,Ngiemboon,Latn,alphabet,0.9444,0.9556,,direct,0.011199999999999988
bigscience/bloom,no,Norwegian,Latn,alphabet,1.0,1.0,,direct,0.0
bigscience/bloom,nqo,N’Ko,Nkoo,alphabet,0.0,0.2,,direct,0.2
bigscience/bloom,nr,South Ndebele,Latn,alphabet,1.0,1.0,,direct,0.0
bigscience/bloom,nso,Northern Sotho,Latn,alphabet,1.0,1.0,,direct,0.0
bigscience/bloom,nus,Nuer,Latn,alphabet,1.0,1.0,,direct,0.0
bigscience/bloom,nv,Navajo,Latn,alphabet,0.9677,0.9742,,direct,0.00649999999999995
bigscience/bloom,ny,Nyanja,Latn,alphabet,0.9583,0.9667,,direct,0.008399999999999963
bigscience/bloom,nyn,Nyankole,Latn,alphabet,1.0,1.0,,direct,0.0
bigscience/bloom,oc,Occitan,Latn,alphabet,1.0,1.0,,direct,0.0
bigscience/bloom,om,Oromo,Latn,alphabet,1.0,1.0,,direct,0.0
bigscience/bloom,or,Odia,Orya,abugida,0.971,0.971,,direct,0.0
bigscience/bloom,os,Ossetic,Cyrl,alphabet,0.9706,0.9765,,direct,0.005900000000000016
bigscience/bloom,osa,Osage,Osge,alphabet,0.075,0.26,,direct,0.185
bigscience/bloom,pa,Punjabi,Guru,abugida,0.9559,0.9647,,direct,0.00880000000000003
bigscience/bloom,pap,Papiamento,Latn,alphabet,1.0,1.0,,direct,0.0
bigscience/bloom,pcm,Nigerian Pidgin,Latn,alphabet,1.0,1.0,,direct,0.0
bigscience/bloom,pis,Pijin,Latn,alphabet,1.0,1.0,,direct,0.0
bigscience/bloom,pl,Polish,Latn,alphabet,1.0,1.0,,direct,0.0
bigscience/bloom,prg,Prussian,Latn,alphabet,0.9231,0.9385,,direct,0.01539999999999997
bigscience/bloom,ps,Pashto,Arab,abjad,0.8167,0.8533,,direct,0.036599999999999966
bigscience/bloom,pt,Portuguese,Latn,alphabet,1.0,1.0,,direct,0.0
bigscience/bloom,qu,Quechua,Latn,alphabet,1.0,1.0,,direct,0.0
bigscience/bloom,quc,Kʼicheʼ,Latn,alphabet,1.0,1.0,,direct,0.0
bigscience/bloom,raj,Rajasthani,Deva,abugida,1.0,1.0,,direct,0.0
bigscience/bloom,rhg,Rohingya,Rohg,abjad,0.0,0.2,,direct,0.2
bigscience/bloom,rif,Riffian,Latn,alphabet,0.9677,0.9742,,direct,0.00649999999999995
bigscience/bloom,rm,Romansh,Latn,alphabet,1.0,1.0,,direct,0.0
bigscience/bloom,rn,Rundi,Latn,alphabet,1.0,1.0,,direct,0.0
bigscience/bloom,ro,Romanian,Latn,alphabet,1.0,1.0,,direct,0.0
bigscience/bloom,rof,Rombo,Latn,alphabet,1.0,1.0,,direct,0.0
bigscience/bloom,ru,Russian,Cyrl,alphabet,1.0,1.0,,direct,0.0
bigscience/bloom,rw,Kinyarwanda,Latn,alphabet,1.0,1.0,,direct,0.0
bigscience/bloom,rwk,Rwa,Latn,alphabet,1.0,1.0,,direct,0.0
bigscience/bloom,sa,Sanskrit,Deva,abugida,0.9,0.92,,direct,0.020000000000000018
bigscience/bloom,sah,Yakut,Cyrl,alphabet,0.8846,0.9077,,direct,0.0230999999999999
bigscience/bloom,saq,Samburu,Latn,alphabet,1.0,1.0,,direct,0.0
bigscience/bloom,sat,Santali,Olck,alphabet,0.0,0.2,,direct,0.2
bigscience/bloom,sbp,Sangu,Latn,alphabet,1.0,1.0,,direct,0.0
bigscience/bloom,sc,Sardinian,Latn,alphabet,1.0,1.0,,direct,0.0
bigscience/bloom,scn,Sicilian,Latn,alphabet,1.0,1.0,,direct,0.0
bigscience/bloom,sd,Sindhi,Arab,abjad,0.6538,0.7231,,direct,0.06929999999999992
bigscience/bloom,sdh,Southern Kurdish,Arab,abjad,0.8235,0.8588,,direct,0.0353
bigscience/bloom,se,Northern Sami,Latn,alphabet,0.9655,0.9724,,direct,0.006900000000000017
bigscience/bloom,seh,Sena,Latn,alphabet,1.0,1.0,,direct,0.0
bigscience/bloom,ses,Koyraboro Senni,Latn,alphabet,1.0,1.0,,direct,0.0
bigscience/bloom,sg,Sango,Latn,alphabet,1.0,1.0,,direct,0.0
bigscience/bloom,shi,Tachelhit,Tfng,alphabet,0.0,0.2,,direct,0.2
bigscience/bloom,shn,Shan,Mymr,abugida,0.0435,0.2348,,direct,0.19130000000000003
bigscience/bloom,si,Sinhala,Sinh,abugida,0.0,0.2,,direct,0.2
bigscience/bloom,sid,Sidamo,Latn,alphabet,1.0,1.0,,direct,0.0
bigscience/bloom,sk,Slovak,Latn,alphabet,0.9302,0.9442,,direct,0.014000000000000012
bigscience/bloom,skr,skr,Arab,abjad,0.8776,0.902,,direct,0.024399999999999977
bigscience/bloom,sl,Slovenian,Latn,alphabet,1.0,1.0,,direct,0.0
bigscience/bloom,sma,Southern Sami,Latn,alphabet,1.0,1.0,,direct,0.0
bigscience/bloom,smj,Lule Sami,Latn,alphabet,1.0,1.0,,direct,0.0
bigscience/bloom,smn,Inari Sami,Latn,alphabet,1.0,1.0,,direct,0.0
bigscience/bloom,sms,Skolt Sami,Latn,alphabet,0.8889,0.9111,,direct,0.022199999999999998
bigscience/bloom,sn,Shona,Latn,alphabet,1.0,1.0,,direct,0.0
bigscience/bloom,so,Somali,Latn,alphabet,1.0,1.0,,direct,0.0
bigscience/bloom,sq,Albanian,Latn,alphabet,1.0,1.0,,direct,0.0
bigscience/bloom,sr,Serbian,Cyrl,alphabet,0.9,0.92,,direct,0.020000000000000018
bigscience/bloom,ss,Swati,Latn,alphabet,1.0,1.0,,direct,0.0
bigscience/bloom,ssy,Saho,Latn,alphabet,1.0,1.0,,direct,0.0
bigscience/bloom,st,Southern Sotho,Latn,alphabet,1.0,1.0,,direct,0.0
bigscience/bloom,su,Sundanese,Latn,alphabet,1.0,1.0,,direct,0.0
bigscience/bloom,sv,Swedish,Latn,alphabet,1.0,1.0,,direct,0.0
bigscience/bloom,sw,Swahili,Latn,alphabet,1.0,1.0,,direct,0.0
bigscience/bloom,syr,Syriac,Syrc,abjad,0.0,0.2,,direct,0.2
bigscience/bloom,szl,Silesian,Latn,alphabet,1.0,1.0,,direct,0.0
bigscience/bloom,ta,Tamil,Taml,abugida,0.9787,0.983,,direct,0.0042999999999999705
bigscience/bloom,te,Telugu,Telu,abugida,0.9157,0.93,,direct,0.01430000000000009
bigscience/bloom,teo,Teso,Latn,alphabet,1.0,1.0,,direct,0.0
bigscience/bloom,tg,Tajik,Cyrl,alphabet,0.8857,0.9086,,direct,0.02289999999999992
bigscience/bloom,th,Thai,Thai,abugida,0.5068,0.6055,,direct,0.09870000000000001
bigscience/bloom,ti,Tigrinya,Ethi,syllabary,0.0033,0.2027,,within_script_only,0.1994
bigscience/bloom,tig,Tigre,Ethi,syllabary,0.0022,0.2018,,within_script_only,0.1996
bigscience/bloom,tk,Turkmen,Latn,alphabet,1.0,1.0,,direct,0.0
bigscience/bloom,tn,Tswana,Latn,alphabet,1.0,1.0,,direct,0.0
bigscience/bloom,to,Tongan,Latn,alphabet,1.0,1.0,,direct,0.0
bigscience/bloom,tok,Toki Pona,Latn,alphabet,1.0,1.0,,direct,0.0
bigscience/bloom,tpi,Tok Pisin,Latn,alphabet,1.0,1.0,,direct,0.0
bigscience/bloom,tr,Turkish,Latn,alphabet,0.99,0.99,,direct,0.0
bigscience/bloom,trv,Taroko,Latn,alphabet,1.0,1.0,,direct,0.0
bigscience/bloom,trw,Torwali,Arab,abjad,0.875,0.9,,direct,0.025000000000000022
bigscience/bloom,ts,Tsonga,Latn,alphabet,1.0,1.0,,direct,0.0
bigscience/bloom,tt,Tatar,Cyrl,alphabet,0.9231,0.9385,,direct,0.01539999999999997
bigscience/bloom,twq,Tasawaq,Latn,alphabet,1.0,1.0,,direct,0.0
bigscience/bloom,tyv,Tuvinian,Cyrl,alphabet,0.9722,0.9778,,direct,0.005600000000000049
bigscience/bloom,tzm,Central Atlas Tamazight,Latn,alphabet,0.9677,0.9742,,direct,0.00649999999999995
bigscience/bloom,ug,Uyghur,Arab,abjad,0.8235,0.8588,,direct,0.0353
bigscience/bloom,uk,Ukrainian,Cyrl,alphabet,0.9412,0.9529,,direct,0.011699999999999933
bigscience/bloom,ur,Urdu,Arab,abjad,1.0,1.0,,direct,0.0
bigscience/bloom,uz,Uzbek,Latn,alphabet,1.0,1.0,,direct,0.0
bigscience/bloom,vai,Vai,Vaii,syllabary,0.0,0.2,,within_script_only,0.2
bigscience/bloom,ve,Venda,Latn,alphabet,0.8571,0.8857,,direct,0.02860000000000007
bigscience/bloom,vec,Venetian,Latn,alphabet,1.0,1.0,,direct,0.0
bigscience/bloom,vi,Vietnamese,Latn,alphabet,1.0,1.0,,direct,0.0
bigscience/bloom,vmw,Makhuwa,Latn,alphabet,1.0,1.0,,direct,0.0
bigscience/bloom,vo,Volapük,Latn,alphabet,1.0,1.0,,direct,0.0
bigscience/bloom,vun,Vunjo,Latn,alphabet,1.0,1.0,,direct,0.0
bigscience/bloom,wa,Walloon,Latn,alphabet,1.0,1.0,,direct,0.0
bigscience/bloom,wae,Walser,Latn,alphabet,1.0,1.0,,direct,0.0
bigscience/bloom,wal,Wolaytta,Ethi,syllabary,0.0023,0.2019,,within_script_only,0.1996
bigscience/bloom,wbp,Warlpiri,Latn,alphabet,1.0,1.0,,direct,0.0
bigscience/bloom,wo,Wolof,Latn,alphabet,1.0,1.0,,direct,0.0
bigscience/bloom,xh,Xhosa,Latn,alphabet,1.0,1.0,,direct,0.0
bigscience/bloom,xnr,Kangri,Deva,abugida,1.0,1.0,,direct,0.0
bigscience/bloom,xog,Soga,Latn,alphabet,1.0,1.0,,direct,0.0
bigscience/bloom,yav,Yangben,Latn,alphabet,1.0,1.0,,direct,0.0
bigscience/bloom,yi,Yiddish,Hebr,abjad,0.8235,0.8588,,direct,0.0353
bigscience/bloom,yo,Yoruba,Latn,alphabet,0.975,0.98,,direct,0.0050000000000000044
bigscience/bloom,yrl,Nheengatu,Latn,alphabet,1.0,1.0,,direct,0.0
bigscience/bloom,yue,Cantonese,Hant,logographic,0.957,0.9655,,within_script_only,0.008500000000000063
bigscience/bloom,za,Zhuang,Latn,alphabet,1.0,1.0,,direct,0.0
bigscience/bloom,zgh,Standard Moroccan Tamazight,Tfng,alphabet,0.0,0.2,,direct,0.2
bigscience/bloom,zh,Chinese,Hans,logographic,0.9884,0.9907,,within_script_only,0.0023000000000000798
bigscience/bloom,zu,Zulu,Latn,alphabet,1.0,1.0,,direct,0.0
bigscience/bloomz-560m,aa,Afar,Latn,alphabet,1.0,1.0,,direct,0.0
bigscience/bloomz-560m,ab,Abkhazian,Cyrl,alphabet,0.7,0.76,,direct,0.06000000000000005
bigscience/bloomz-560m,af,Afrikaans,Latn,alphabet,1.0,1.0,,direct,0.0
bigscience/bloomz-560m,agq,Aghem,Latn,alphabet,0.9808,0.9846,,direct,0.0038000000000000256
bigscience/bloomz-560m,ak,Akan,Latn,alphabet,1.0,1.0,,direct,0.0
bigscience/bloomz-560m,am,Amharic,Ethi,syllabary,0.0035,0.2028,,within_script_only,0.1993
bigscience/bloomz-560m,an,Aragonese,Latn,alphabet,1.0,1.0,,direct,0.0
bigscience/bloomz-560m,ann,Obolo,Latn,alphabet,1.0,1.0,,direct,0.0
bigscience/bloomz-560m,apc,apc,Arab,abjad,1.0,1.0,,direct,0.0
bigscience/bloomz-560m,ar,Arabic,Arab,abjad,1.0,1.0,,direct,0.0
bigscience/bloomz-560m,arn,Mapuche,Latn,alphabet,0.96,0.968,,direct,0.008000000000000007
bigscience/bloomz-560m,as,Assamese,Beng,abugida,0.9898,0.9898,,direct,0.0
bigscience/bloomz-560m,asa,Asu,Latn,alphabet,1.0,1.0,,direct,0.0
bigscience/bloomz-560m,ast,Asturian,Latn,alphabet,1.0,1.0,,direct,0.0
bigscience/bloomz-560m,az,Azerbaijani,Latn,alphabet,0.9909,0.9909,,direct,0.0
bigscience/bloomz-560m,ba,Bashkir,Cyrl,alphabet,0.881,0.9048,,direct,0.023800000000000043
bigscience/bloomz-560m,bal,Baluchi,Arab,abjad,0.9394,0.9515,,direct,0.0121
bigscience/bloomz-560m,bas,Basaa,Latn,alphabet,0.9629,0.9694,,direct,0.006500000000000061
bigscience/bloomz-560m,be,Belarusian,Cyrl,alphabet,0.9688,0.975,,direct,0.006199999999999983
bigscience/bloomz-560m,bem,Bemba,Latn,alphabet,1.0,1.0,,direct,0.0
bigscience/bloomz-560m,bew,Betawi,Latn,alphabet,1.0,1.0,,direct,0.0
bigscience/bloomz-560m,bez,Bena,Latn,alphabet,1.0,1.0,,direct,0.0
bigscience/bloomz-560m,bg,Bulgarian,Cyrl,alphabet,1.0,1.0,,direct,0.0
bigscience/bloomz-560m,bgc,Haryanvi,Deva,abugida,1.0,1.0,,direct,0.0
bigscience/bloomz-560m,bgn,Western Balochi,Arab,abjad,0.9459,0.9568,,direct,0.01090000000000002
bigscience/bloomz-560m,bho,Bhojpuri,Deva,abugida,1.0,1.0,,direct,0.0
bigscience/bloomz-560m,blo,Anii,Latn,alphabet,0.9592,0.9673,,direct,0.008099999999999996
bigscience/bloomz-560m,blt,Tai Dam,Tavt,abugida,0.0,0.2,,direct,0.2
bigscience/bloomz-560m,bm,Bambara,Latn,alphabet,1.0,1.0,,direct,0.0
bigscience/bloomz-560m,bn,Bangla,Beng,abugida,0.8735,0.8971,,direct,0.023599999999999954
bigscience/bloomz-560m,bo,Tibetan,Tibt,abugida,0.0805,0.2644,,direct,0.1839
bigscience/bloomz-560m,br,Breton,Latn,alphabet,1.0,1.0,,direct,0.0
bigscience/bloomz-560m,brx,Bodo,Deva,abugida,1.0,1.0,,direct,0.0
bigscience/bloomz-560m,bs,Bosnian,Latn,alphabet,1.0,1.0,,direct,0.0
bigscience/bloomz-560m,bss,Akoose,Latn,alphabet,0.9808,0.9846,,direct,0.0038000000000000256
bigscience/bloomz-560m,byn,Blin,Ethi,syllabary,0.0035,0.2028,,within_script_only,0.1993
bigscience/bloomz-560m,ca,Catalan,Latn,alphabet,1.0,1.0,,direct,0.0
bigscience/bloomz-560m,cad,Caddo,Latn,alphabet,1.0,1.0,,direct,0.0
bigscience/bloomz-560m,cch,Atsam,Latn,alphabet,1.0,1.0,,direct,0.0
bigscience/bloomz-560m,ccp,Chakma,Cakm,abugida,0.0,0.2,,direct,0.2
bigscience/bloomz-560m,ce,Chechen,Cyrl,alphabet,0.9706,0.9765,,direct,0.005900000000000016
bigscience/bloomz-560m,ceb,Cebuano,Latn,alphabet,1.0,1.0,,direct,0.0
bigscience/bloomz-560m,cgg,Chiga,Latn,alphabet,1.0,1.0,,direct,0.0
bigscience/bloomz-560m,cho,Choctaw,Latn,alphabet,1.0,1.0,,direct,0.0
bigscience/bloomz-560m,chr,Cherokee,Cher,syllabary,0.0,0.2,,within_script_only,0.2
bigscience/bloomz-560m,cic,Chickasaw,Latn,alphabet,1.0,1.0,,direct,0.0
bigscience/bloomz-560m,ckb,Central Kurdish,Arab,abjad,0.8485,0.8788,,direct,0.030299999999999994
bigscience/bloomz-560m,co,Corsican,Latn,alphabet,1.0,1.0,,direct,0.0
bigscience/bloomz-560m,cop,Coptic,Copt,alphabet,0.25,0.4,,direct,0.15000000000000002
bigscience/bloomz-560m,cs,Czech,Latn,alphabet,0.9756,0.9805,,direct,0.0049000000000000155
bigscience/bloomz-560m,csw,Swampy Cree,Cans,syllabary,0.0,0.2,,within_script_only,0.2
bigscience/bloomz-560m,cu,Church Slavic,Cyrl,alphabet,0.4444,0.5556,,direct,0.11119999999999997
bigscience/bloomz-560m,cv,Chuvash,Cyrl,alphabet,0.8919,0.9135,,direct,0.021599999999999953
bigscience/bloomz-560m,cy,Welsh,Latn,alphabet,0.898,0.9184,,direct,0.020399999999999974
bigscience/bloomz-560m,da,Danish,Latn,alphabet,1.0,1.0,,direct,0.0
bigscience/bloomz-560m,dav,Taita,Latn,alphabet,1.0,1.0,,direct,0.0
bigscience/bloomz-560m,de,German,Latn,alphabet,1.0,1.0,,direct,0.0
bigscience/bloomz-560m,dje,Zarma,Latn,alphabet,1.0,1.0,,direct,0.0
bigscience/bloomz-560m,doi,Dogri,Deva,abugida,0.9,0.92,,direct,0.020000000000000018
bigscience/bloomz-560m,dsb,Lower Sorbian,Latn,alphabet,0.973,0.9784,,direct,0.005400000000000071
bigscience/bloomz-560m,dua,Duala,Latn,alphabet,0.9818,0.9818,,direct,0.0
bigscience/bloomz-560m,dv,Divehi,Thaa,abjad,0.0,0.2,,direct,0.2
bigscience/bloomz-560m,dyo,Jola-Fonyi,Latn,alphabet,1.0,1.0,,direct,0.0
bigscience/bloomz-560m,dz,Dzongkha,Tibt,abugida,0.1207,0.2966,,direct,0.17589999999999997
bigscience/bloomz-560m,ebu,Embu,Latn,alphabet,1.0,1.0,,direct,0.0
bigscience/bloomz-560m,ee,Ewe,Latn,alphabet,1.0,1.0,,direct,0.0
bigscience/bloomz-560m,el,Greek,Grek,alphabet,0.8889,0.9111,,direct,0.022199999999999998
bigscience/bloomz-560m,en,English,Latn,alphabet,1.0,1.0,,direct,0.0
bigscience/bloomz-560m,eo,Esperanto,Latn,alphabet,0.9643,0.9714,,direct,0.007099999999999995
bigscience/bloomz-560m,es,Spanish,Latn,alphabet,1.0,1.0,,direct,0.0
bigscience/bloomz-560m,et,Estonian,Latn,alphabet,1.0,1.0,,direct,0.0
bigscience/bloomz-560m,eu,Basque,Latn,alphabet,1.0,1.0,,direct,0.0
bigscience/bloomz-560m,ewo,Ewondo,Latn,alphabet,1.0,1.0,,direct,0.0
bigscience/bloomz-560m,fa,Persian,Arab,abjad,1.0,1.0,,direct,0.0
bigscience/bloomz-560m,ff,Fula,Latn,alphabet,0.9407,0.9481,,direct,0.007400000000000073
bigscience/bloomz-560m,fi,Finnish,Latn,alphabet,1.0,1.0,,direct,0.0
bigscience/bloomz-560m,fil,Filipino,Latn,alphabet,1.0,1.0,,direct,0.0
bigscience/bloomz-560m,fo,Faroese,Latn,alphabet,1.0,1.0,,direct,0.0
bigscience/bloomz-560m,fr,French,Latn,alphabet,1.0,1.0,,direct,0.0
bigscience/bloomz-560m,frr,Northern Frisian,Latn,alphabet,1.0,1.0,,direct,0.0
bigscience/bloomz-560m,fur,Friulian,Latn,alphabet,1.0,1.0,,direct,0.0
bigscience/bloomz-560m,fy,Western Frisian,Latn,alphabet,1.0,1.0,,direct,0.0
bigscience/bloomz-560m,ga,Irish,Latn,alphabet,1.0,1.0,,direct,0.0
bigscience/bloomz-560m,gaa,Ga,Latn,alphabet,1.0,1.0,,direct,0.0
bigscience/bloomz-560m,gd,Scottish Gaelic,Latn,alphabet,1.0,1.0,,direct,0.0
bigscience/bloomz-560m,gez,Geez,Ethi,syllabary,0.0047,0.2038,,within_script_only,0.1991
bigscience/bloomz-560m,gl,Galician,Latn,alphabet,1.0,1.0,,direct,0.0
bigscience/bloomz-560m,gn,Guarani,Latn,alphabet,1.0,1.0,,direct,0.0
bigscience/bloomz-560m,gsw,Swiss German,Latn,alphabet,1.0,1.0,,direct,0.0
bigscience/bloomz-560m,gu,Gujarati,Gujr,abugida,0.9,0.9147,,direct,0.014699999999999935
bigscience/bloomz-560m,guz,Gusii,Latn,alphabet,1.0,1.0,,direct,0.0
bigscience/bloomz-560m,gv,Manx,Latn,alphabet,1.0,1.0,,direct,0.0
bigscience/bloomz-560m,ha,Hausa,Latn,alphabet,0.9037,0.9185,,direct,0.014800000000000035
bigscience/bloomz-560m,haw,Hawaiian,Latn,alphabet,1.0,1.0,,direct,0.0
bigscience/bloomz-560m,he,Hebrew,Hebr,abjad,0.8889,0.9111,,direct,0.022199999999999998
bigscience/bloomz-560m,hi,Hindi,Deva,abugida,0.9851,0.9881,,direct,0.0030000000000000027
bigscience/bloomz-560m,hnj,Hmong Njua,Hmnp,alphabet,0.0,0.2,,direct,0.2
bigscience/bloomz-560m,hr,Croatian,Latn,alphabet,1.0,1.0,,direct,0.0
bigscience/bloomz-560m,hsb,Upper Sorbian,Latn,alphabet,1.0,1.0,,direct,0.0
bigscience/bloomz-560m,ht,Haitian Creole,Latn,alphabet,1.0,1.0,,direct,0.0
bigscience/bloomz-560m,hu,Hungarian,Latn,alphabet,1.0,1.0,,direct,0.0
bigscience/bloomz-560m,hy,Armenian,Armn,alphabet,0.6105,0.6789,,direct,0.0683999999999999
bigscience/bloomz-560m,ia,Interlingua,Latn,alphabet,1.0,1.0,,direct,0.0
bigscience/bloomz-560m,id,Indonesian,Latn,alphabet,1.0,1.0,,direct,0.0
bigscience/bloomz-560m,ie,Interlingue,Latn,alphabet,1.0,1.0,,direct,0.0
bigscience/bloomz-560m,ig,Igbo,Latn,alphabet,1.0,1.0,,direct,0.0
bigscience/bloomz-560m,ii,Sichuan Yi,Yiii,syllabary,0.0052,0.2041,,within_script_only,0.1989
bigscience/bloomz-560m,io,Ido,Latn,alphabet,1.0,1.0,,direct,0.0
bigscience/bloomz-560m,is,Icelandic,Latn,alphabet,1.0,1.0,,direct,0.0
bigscience/bloomz-560m,it,Italian,Latn,alphabet,1.0,1.0,,direct,0.0
bigscience/bloomz-560m,iu,Inuktitut,Cans,syllabary,0.0,0.2,,within_script_only,0.2
bigscience/bloomz-560m,ja,Japanese,Jpan,mixed_logographic,0.8568,0.8854,,within_script_only,0.02859999999999996
bigscience/bloomz-560m,jbo,Lojban,Latn,alphabet,1.0,1.0,,direct,0.0
bigscience/bloomz-560m,jgo,Ngomba,Latn,alphabet,0.9111,0.9289,,direct,0.017799999999999927
bigscience/bloomz-560m,jmc,Machame,Latn,alphabet,1.0,1.0,,direct,0.0
bigscience/bloomz-560m,jv,Javanese,Latn,alphabet,1.0,1.0,,direct,0.0
bigscience/bloomz-560m,ka,Georgian,Geor,alphabet,0.4061,0.5212,,direct,0.11509999999999998
bigscience/bloomz-560m,kaa,Kara-Kalpak,Cyrl,alphabet,0.9268,0.9415,,direct,0.014700000000000046
bigscience/bloomz-560m,kab,Kabyle,Latn,alphabet,0.9412,0.9529,,direct,0.011699999999999933
bigscience/bloomz-560m,kaj,Jju,Latn,alphabet,1.0,1.0,,direct,0.0
bigscience/bloomz-560m,kam,Kamba,Latn,alphabet,1.0,1.0,,direct,0.0
bigscience/bloomz-560m,kcg,Tyap,Latn,alphabet,1.0,1.0,,direct,0.0
bigscience/bloomz-560m,kde,Makonde,Latn,alphabet,1.0,1.0,,direct,0.0
bigscience/bloomz-560m,kea,Kabuverdianu,Latn,alphabet,1.0,1.0,,direct,0.0
bigscience/bloomz-560m,ken,Kenyang,Latn,alphabet,0.9756,0.9805,,direct,0.0049000000000000155
bigscience/bloomz-560m,kgp,Kaingang,Latn,alphabet,1.0,1.0,,direct,0.0
bigscience/bloomz-560m,khq,Koyra Chiini,Latn,alphabet,1.0,1.0,,direct,0.0
bigscience/bloomz-560m,ki,Kikuyu,Latn,alphabet,1.0,1.0,,direct,0.0
bigscience/bloomz-560m,kk,Kazakh,Cyrl,alphabet,0.9286,0.9429,,direct,0.01429999999999998
bigscience/bloomz-560m,kkj,Kako,Latn,alphabet,0.9809,0.9809,,direct,0.0
bigscience/bloomz-560m,kl,Kalaallisut,Latn,alphabet,1.0,1.0,,direct,0.0
bigscience/bloomz-560m,kln,Kalenjin,Latn,alphabet,1.0,1.0,,direct,0.0
bigscience/bloomz-560m,km,Khmer,Khmr,abugida,0.2778,0.4222,,direct,0.14440000000000003
bigscience/bloomz-560m,kn,Kannada,Knda,abugida,0.9296,0.9437,,direct,0.014100000000000001
bigscience/bloomz-560m,ko,Korean,Kore,featural_syllabary,0.0265,0.2212,0.2,within_script_only,0.1947
bigscience/bloomz-560m,kok,Konkani,Deva,abugida,0.987,0.9896,,direct,0.0026000000000000467
bigscience/bloomz-560m,kpe,Kpelle,Latn,alphabet,0.9897,0.9897,,direct,0.0
bigscience/bloomz-560m,ks,Kashmiri,Arab,abjad,0.913,0.9304,,direct,0.01739999999999997
bigscience/bloomz-560m,ksb,Shambala,Latn,alphabet,1.0,1.0,,direct,0.0
bigscience/bloomz-560m,ksf,Bafia,Latn,alphabet,1.0,1.0,,direct,0.0
bigscience/bloomz-560m,ksh,Colognian,Latn,alphabet,1.0,1.0,,direct,0.0
bigscience/bloomz-560m,ku,Kurdish,Latn,alphabet,1.0,1.0,,direct,0.0
bigscience/bloomz-560m,kw,Cornish,Latn,alphabet,1.0,1.0,,direct,0.0
bigscience/bloomz-560m,kxv,Kuvi,Latn,alphabet,1.0,1.0,,direct,0.0
bigscience/bloomz-560m,ky,Kyrgyz,Cyrl,alphabet,0.9677,0.9742,,direct,0.00649999999999995
bigscience/bloomz-560m,la,Latin,Latn,alphabet,1.0,1.0,,direct,0.0
bigscience/bloomz-560m,lag,Langi,Latn,alphabet,0.9697,0.9758,,direct,0.006099999999999994
bigscience/bloomz-560m,lb,Luxembourgish,Latn,alphabet,1.0,1.0,,direct,0.0
bigscience/bloomz-560m,lg,Ganda,Latn,alphabet,1.0,1.0,,direct,0.0
bigscience/bloomz-560m,lij,Ligurian,Latn,alphabet,1.0,1.0,,direct,0.0
bigscience/bloomz-560m,lkt,Lakota,Latn,alphabet,0.9333,0.9467,,direct,0.013399999999999967
bigscience/bloomz-560m,lld,lld,Latn,alphabet,1.0,1.0,,direct,0.0
bigscience/bloomz-560m,lmo,Lombard,Latn,alphabet,1.0,1.0,,direct,0.0
bigscience/bloomz-560m,ln,Lingala,Latn,alphabet,1.0,1.0,,direct,0.0
bigscience/bloomz-560m,lo,Lao,Laoo,abugida,0.0,0.2,,direct,0.2
bigscience/bloomz-560m,lrc,Northern Luri,Arab,abjad,0.8605,0.8884,,direct,0.027899999999999925
bigscience/bloomz-560m,lt,Lithuanian,Latn,alphabet,0.9688,0.975,,direct,0.006199999999999983
bigscience/bloomz-560m,ltg,Latgalian,Latn,alphabet,0.9714,0.9771,,direct,0.005699999999999927
bigscience/bloomz-560m,lu,Luba-Katanga,Latn,alphabet,1.0,1.0,,direct,0.0
bigscience/bloomz-560m,luo,Luo,Latn,alphabet,1.0,1.0,,direct,0.0
bigscience/bloomz-560m,luy,Luyia,Latn,alphabet,1.0,1.0,,direct,0.0
bigscience/bloomz-560m,lv,Latvian,Latn,alphabet,0.9697,0.9758,,direct,0.006099999999999994
bigscience/bloomz-560m,mai,Maithili,Deva,abugida,1.0,1.0,,direct,0.0
bigscience/bloomz-560m,mas,Masai,Latn,alphabet,0.9787,0.983,,direct,0.0042999999999999705
bigscience/bloomz-560m,mdf,Moksha,Cyrl,alphabet,1.0,1.0,,direct,0.0
bigscience/bloomz-560m,mer,Meru,Latn,alphabet,1.0,1.0,,direct,0.0
bigscience/bloomz-560m,mfe,Morisyen,Latn,alphabet,1.0,1.0,,direct,0.0
bigscience/bloomz-560m,mg,Malagasy,Latn,alphabet,1.0,1.0,,direct,0.0
bigscience/bloomz-560m,mgh,Makhuwa-Meetto,Latn,alphabet,1.0,1.0,,direct,0.0
bigscience/bloomz-560m,mgo,Metaʼ,Latn,alphabet,1.0,1.0,,direct,0.0
bigscience/bloomz-560m,mhn,mhn,Latn,alphabet,1.0,1.0,,direct,0.0
bigscience/bloomz-560m,mi,Māori,Latn,alphabet,1.0,1.0,,direct,0.0
bigscience/bloomz-560m,mic,Mi'kmaw,Latn,alphabet,1.0,1.0,,direct,0.0
bigscience/bloomz-560m,mk,Macedonian,Cyrl,alphabet,0.8935,0.9129,,direct,0.019400000000000084
bigscience/bloomz-560m,ml,Malayalam,Mlym,abugida,0.9686,0.9725,,direct,0.0039000000000000146
bigscience/bloomz-560m,mn,Mongolian,Cyrl,alphabet,1.0,1.0,,direct,0.0
bigscience/bloomz-560m,mni,Manipuri,Beng,abugida,0.9898,0.9898,,direct,0.0
bigscience/bloomz-560m,moh,Mohawk,Latn,alphabet,1.0,1.0,,direct,0.0
bigscience/bloomz-560m,mr,Marathi,Deva,abugida,0.9844,0.9875,,direct,0.0030999999999999917
bigscience/bloomz-560m,ms,Malay,Latn,alphabet,1.0,1.0,,direct,0.0
bigscience/bloomz-560m,mt,Maltese,Latn,alphabet,0.9697,0.9758,,direct,0.006099999999999994
bigscience/bloomz-560m,mua,Mundang,Latn,alphabet,0.9515,0.9576,,direct,0.006099999999999994
bigscience/bloomz-560m,mus,Muscogee,Latn,alphabet,1.0,1.0,,direct,0.0
bigscience/bloomz-560m,my,Burmese,Mymr,abugida,0.0167,0.2133,,direct,0.1966
bigscience/bloomz-560m,myv,Erzya,Cyrl,alphabet,1.0,1.0,,direct,0.0
bigscience/bloomz-560m,mzn,Mazanderani,Arab,abjad,1.0,1.0,,direct,0.0
bigscience/bloomz-560m,naq,Nama,Latn,alphabet,0.871,0.8968,,direct,0.025800000000000045
bigscience/bloomz-560m,nd,North Ndebele,Latn,alphabet,1.0,1.0,,direct,0.0
bigscience/bloomz-560m,nds,Low German,Latn,alphabet,1.0,1.0,,direct,0.0
bigscience/bloomz-560m,ne,Nepali,Deva,abugida,0.9851,0.9881,,direct,0.0030000000000000027
bigscience/bloomz-560m,nl,Dutch,Latn,alphabet,1.0,1.0,,direct,0.0
bigscience/bloomz-560m,nmg,Kwasio,Latn,alphabet,0.9772,0.9807,,direct,0.0035000000000000586
bigscience/bloomz-560m,nnh,Ngiemboon,Latn,alphabet,0.9444,0.9556,,direct,0.011199999999999988
bigscience/bloomz-560m,no,Norwegian,Latn,alphabet,1.0,1.0,,direct,0.0
bigscience/bloomz-560m,nqo,N’Ko,Nkoo,alphabet,0.0,0.2,,direct,0.2
bigscience/bloomz-560m,nr,South Ndebele,Latn,alphabet,1.0,1.0,,direct,0.0
bigscience/bloomz-560m,nso,Northern Sotho,Latn,alphabet,1.0,1.0,,direct,0.0
bigscience/bloomz-560m,nus,Nuer,Latn,alphabet,1.0,1.0,,direct,0.0
bigscience/bloomz-560m,nv,Navajo,Latn,alphabet,0.9677,0.9742,,direct,0.00649999999999995
bigscience/bloomz-560m,ny,Nyanja,Latn,alphabet,0.9583,0.9667,,direct,0.008399999999999963
bigscience/bloomz-560m,nyn,Nyankole,Latn,alphabet,1.0,1.0,,direct,0.0
bigscience/bloomz-560m,oc,Occitan,Latn,alphabet,1.0,1.0,,direct,0.0
bigscience/bloomz-560m,om,Oromo,Latn,alphabet,1.0,1.0,,direct,0.0
bigscience/bloomz-560m,or,Odia,Orya,abugida,0.971,0.971,,direct,0.0
bigscience/bloomz-560m,os,Ossetic,Cyrl,alphabet,0.9706,0.9765,,direct,0.005900000000000016
bigscience/bloomz-560m,osa,Osage,Osge,alphabet,0.075,0.26,,direct,0.185
bigscience/bloomz-560m,pa,Punjabi,Guru,abugida,0.9559,0.9647,,direct,0.00880000000000003
bigscience/bloomz-560m,pap,Papiamento,Latn,alphabet,1.0,1.0,,direct,0.0
bigscience/bloomz-560m,pcm,Nigerian Pidgin,Latn,alphabet,1.0,1.0,,direct,0.0
bigscience/bloomz-560m,pis,Pijin,Latn,alphabet,1.0,1.0,,direct,0.0
bigscience/bloomz-560m,pl,Polish,Latn,alphabet,1.0,1.0,,direct,0.0
bigscience/bloomz-560m,prg,Prussian,Latn,alphabet,0.9231,0.9385,,direct,0.01539999999999997
bigscience/bloomz-560m,ps,Pashto,Arab,abjad,0.8167,0.8533,,direct,0.036599999999999966
bigscience/bloomz-560m,pt,Portuguese,Latn,alphabet,1.0,1.0,,direct,0.0
bigscience/bloomz-560m,qu,Quechua,Latn,alphabet,1.0,1.0,,direct,0.0
bigscience/bloomz-560m,quc,Kʼicheʼ,Latn,alphabet,1.0,1.0,,direct,0.0
bigscience/bloomz-560m,raj,Rajasthani,Deva,abugida,1.0,1.0,,direct,0.0
bigscience/bloomz-560m,rhg,Rohingya,Rohg,abjad,0.0,0.2,,direct,0.2
bigscience/bloomz-560m,rif,Riffian,Latn,alphabet,0.9677,0.9742,,direct,0.00649999999999995
bigscience/bloomz-560m,rm,Romansh,Latn,alphabet,1.0,1.0,,direct,0.0
bigscience/bloomz-560m,rn,Rundi,Latn,alphabet,1.0,1.0,,direct,0.0
bigscience/bloomz-560m,ro,Romanian,Latn,alphabet,1.0,1.0,,direct,0.0
bigscience/bloomz-560m,rof,Rombo,Latn,alphabet,1.0,1.0,,direct,0.0
bigscience/bloomz-560m,ru,Russian,Cyrl,alphabet,1.0,1.0,,direct,0.0
bigscience/bloomz-560m,rw,Kinyarwanda,Latn,alphabet,1.0,1.0,,direct,0.0
bigscience/bloomz-560m,rwk,Rwa,Latn,alphabet,1.0,1.0,,direct,0.0
bigscience/bloomz-560m,sa,Sanskrit,Deva,abugida,0.9,0.92,,direct,0.020000000000000018
bigscience/bloomz-560m,sah,Yakut,Cyrl,alphabet,0.8846,0.9077,,direct,0.0230999999999999
bigscience/bloomz-560m,saq,Samburu,Latn,alphabet,1.0,1.0,,direct,0.0
bigscience/bloomz-560m,sat,Santali,Olck,alphabet,0.0,0.2,,direct,0.2
bigscience/bloomz-560m,sbp,Sangu,Latn,alphabet,1.0,1.0,,direct,0.0
bigscience/bloomz-560m,sc,Sardinian,Latn,alphabet,1.0,1.0,,direct,0.0
bigscience/bloomz-560m,scn,Sicilian,Latn,alphabet,1.0,1.0,,direct,0.0
bigscience/bloomz-560m,sd,Sindhi,Arab,abjad,0.6538,0.7231,,direct,0.06929999999999992
bigscience/bloomz-560m,sdh,Southern Kurdish,Arab,abjad,0.8235,0.8588,,direct,0.0353
bigscience/bloomz-560m,se,Northern Sami,Latn,alphabet,0.9655,0.9724,,direct,0.006900000000000017
bigscience/bloomz-560m,seh,Sena,Latn,alphabet,1.0,1.0,,direct,0.0
bigscience/bloomz-560m,ses,Koyraboro Senni,Latn,alphabet,1.0,1.0,,direct,0.0
bigscience/bloomz-560m,sg,Sango,Latn,alphabet,1.0,1.0,,direct,0.0
bigscience/bloomz-560m,shi,Tachelhit,Tfng,alphabet,0.0,0.2,,direct,0.2
bigscience/bloomz-560m,shn,Shan,Mymr,abugida,0.0435,0.2348,,direct,0.19130000000000003
bigscience/bloomz-560m,si,Sinhala,Sinh,abugida,0.0,0.2,,direct,0.2
bigscience/bloomz-560m,sid,Sidamo,Latn,alphabet,1.0,1.0,,direct,0.0
bigscience/bloomz-560m,sk,Slovak,Latn,alphabet,0.9302,0.9442,,direct,0.014000000000000012
bigscience/bloomz-560m,skr,skr,Arab,abjad,0.8776,0.902,,direct,0.024399999999999977
bigscience/bloomz-560m,sl,Slovenian,Latn,alphabet,1.0,1.0,,direct,0.0
bigscience/bloomz-560m,sma,Southern Sami,Latn,alphabet,1.0,1.0,,direct,0.0
bigscience/bloomz-560m,smj,Lule Sami,Latn,alphabet,1.0,1.0,,direct,0.0
bigscience/bloomz-560m,smn,Inari Sami,Latn,alphabet,1.0,1.0,,direct,0.0
bigscience/bloomz-560m,sms,Skolt Sami,Latn,alphabet,0.8889,0.9111,,direct,0.022199999999999998
bigscience/bloomz-560m,sn,Shona,Latn,alphabet,1.0,1.0,,direct,0.0
bigscience/bloomz-560m,so,Somali,Latn,alphabet,1.0,1.0,,direct,0.0
bigscience/bloomz-560m,sq,Albanian,Latn,alphabet,1.0,1.0,,direct,0.0
bigscience/bloomz-560m,sr,Serbian,Cyrl,alphabet,0.9,0.92,,direct,0.020000000000000018
bigscience/bloomz-560m,ss,Swati,Latn,alphabet,1.0,1.0,,direct,0.0
bigscience/bloomz-560m,ssy,Saho,Latn,alphabet,1.0,1.0,,direct,0.0
bigscience/bloomz-560m,st,Southern Sotho,Latn,alphabet,1.0,1.0,,direct,0.0
bigscience/bloomz-560m,su,Sundanese,Latn,alphabet,1.0,1.0,,direct,0.0
bigscience/bloomz-560m,sv,Swedish,Latn,alphabet,1.0,1.0,,direct,0.0
bigscience/bloomz-560m,sw,Swahili,Latn,alphabet,1.0,1.0,,direct,0.0
bigscience/bloomz-560m,syr,Syriac,Syrc,abjad,0.0,0.2,,direct,0.2
bigscience/bloomz-560m,szl,Silesian,Latn,alphabet,1.0,1.0,,direct,0.0
bigscience/bloomz-560m,ta,Tamil,Taml,abugida,0.9787,0.983,,direct,0.0042999999999999705
bigscience/bloomz-560m,te,Telugu,Telu,abugida,0.9157,0.93,,direct,0.01430000000000009
bigscience/bloomz-560m,teo,Teso,Latn,alphabet,1.0,1.0,,direct,0.0
bigscience/bloomz-560m,tg,Tajik,Cyrl,alphabet,0.8857,0.9086,,direct,0.02289999999999992
bigscience/bloomz-560m,th,Thai,Thai,abugida,0.5068,0.6055,,direct,0.09870000000000001
bigscience/bloomz-560m,ti,Tigrinya,Ethi,syllabary,0.0033,0.2027,,within_script_only,0.1994
bigscience/bloomz-560m,tig,Tigre,Ethi,syllabary,0.0022,0.2018,,within_script_only,0.1996
bigscience/bloomz-560m,tk,Turkmen,Latn,alphabet,1.0,1.0,,direct,0.0
bigscience/bloomz-560m,tn,Tswana,Latn,alphabet,1.0,1.0,,direct,0.0
bigscience/bloomz-560m,to,Tongan,Latn,alphabet,1.0,1.0,,direct,0.0
bigscience/bloomz-560m,tok,Toki Pona,Latn,alphabet,1.0,1.0,,direct,0.0
bigscience/bloomz-560m,tpi,Tok Pisin,Latn,alphabet,1.0,1.0,,direct,0.0
bigscience/bloomz-560m,tr,Turkish,Latn,alphabet,0.99,0.99,,direct,0.0
bigscience/bloomz-560m,trv,Taroko,Latn,alphabet,1.0,1.0,,direct,0.0
bigscience/bloomz-560m,trw,Torwali,Arab,abjad,0.875,0.9,,direct,0.025000000000000022
bigscience/bloomz-560m,ts,Tsonga,Latn,alphabet,1.0,1.0,,direct,0.0
bigscience/bloomz-560m,tt,Tatar,Cyrl,alphabet,0.9231,0.9385,,direct,0.01539999999999997
bigscience/bloomz-560m,twq,Tasawaq,Latn,alphabet,1.0,1.0,,direct,0.0
bigscience/bloomz-560m,tyv,Tuvinian,Cyrl,alphabet,0.9722,0.9778,,direct,0.005600000000000049
bigscience/bloomz-560m,tzm,Central Atlas Tamazight,Latn,alphabet,0.9677,0.9742,,direct,0.00649999999999995
bigscience/bloomz-560m,ug,Uyghur,Arab,abjad,0.8235,0.8588,,direct,0.0353
bigscience/bloomz-560m,uk,Ukrainian,Cyrl,alphabet,0.9412,0.9529,,direct,0.011699999999999933
bigscience/bloomz-560m,ur,Urdu,Arab,abjad,1.0,1.0,,direct,0.0
bigscience/bloomz-560m,uz,Uzbek,Latn,alphabet,1.0,1.0,,direct,0.0
bigscience/bloomz-560m,vai,Vai,Vaii,syllabary,0.0,0.2,,within_script_only,0.2
bigscience/bloomz-560m,ve,Venda,Latn,alphabet,0.8571,0.8857,,direct,0.02860000000000007
bigscience/bloomz-560m,vec,Venetian,Latn,alphabet,1.0,1.0,,direct,0.0
bigscience/bloomz-560m,vi,Vietnamese,Latn,alphabet,1.0,1.0,,direct,0.0
bigscience/bloomz-560m,vmw,Makhuwa,Latn,alphabet,1.0,1.0,,direct,0.0
bigscience/bloomz-560m,vo,Volapük,Latn,alphabet,1.0,1.0,,direct,0.0
bigscience/bloomz-560m,vun,Vunjo,Latn,alphabet,1.0,1.0,,direct,0.0
bigscience/bloomz-560m,wa,Walloon,Latn,alphabet,1.0,1.0,,direct,0.0
bigscience/bloomz-560m,wae,Walser,Latn,alphabet,1.0,1.0,,direct,0.0
bigscience/bloomz-560m,wal,Wolaytta,Ethi,syllabary,0.0023,0.2019,,within_script_only,0.1996
bigscience/bloomz-560m,wbp,Warlpiri,Latn,alphabet,1.0,1.0,,direct,0.0
bigscience/bloomz-560m,wo,Wolof,Latn,alphabet,1.0,1.0,,direct,0.0
bigscience/bloomz-560m,xh,Xhosa,Latn,alphabet,1.0,1.0,,direct,0.0
bigscience/bloomz-560m,xnr,Kangri,Deva,abugida,1.0,1.0,,direct,0.0
bigscience/bloomz-560m,xog,Soga,Latn,alphabet,1.0,1.0,,direct,0.0
bigscience/bloomz-560m,yav,Yangben,Latn,alphabet,1.0,1.0,,direct,0.0
bigscience/bloomz-560m,yi,Yiddish,Hebr,abjad,0.8235,0.8588,,direct,0.0353
bigscience/bloomz-560m,yo,Yoruba,Latn,alphabet,0.975,0.98,,direct,0.0050000000000000044
bigscience/bloomz-560m,yrl,Nheengatu,Latn,alphabet,1.0,1.0,,direct,0.0
bigscience/bloomz-560m,yue,Cantonese,Hant,logographic,0.957,0.9655,,within_script_only,0.008500000000000063
bigscience/bloomz-560m,za,Zhuang,Latn,alphabet,1.0,1.0,,direct,0.0
bigscience/bloomz-560m,zgh,Standard Moroccan Tamazight,Tfng,alphabet,0.0,0.2,,direct,0.2
bigscience/bloomz-560m,zh,Chinese,Hans,logographic,0.9884,0.9907,,within_script_only,0.0023000000000000798
bigscience/bloomz-560m,zu,Zulu,Latn,alphabet,1.0,1.0,,direct,0.0
cl100k_base,aa,Afar,Latn,alphabet,1.0,1.0,,direct,0.0
cl100k_base,ab,Abkhazian,Cyrl,alphabet,0.72,0.72,,direct,0.0
cl100k_base,af,Afrikaans,Latn,alphabet,1.0,1.0,,direct,0.0
cl100k_base,agq,Aghem,Latn,alphabet,0.8,0.8,,direct,0.0
cl100k_base,ak,Akan,Latn,alphabet,0.9273,0.9273,,direct,0.0
cl100k_base,am,Amharic,Ethi,syllabary,0.2,0.2,,within_script_only,0.0
cl100k_base,an,Aragonese,Latn,alphabet,1.0,1.0,,direct,0.0
cl100k_base,ann,Obolo,Latn,alphabet,0.959,0.959,,direct,0.0
cl100k_base,apc,apc,Arab,abjad,0.8689,0.8689,,direct,0.0
cl100k_base,ar,Arabic,Arab,abjad,0.8689,0.8689,,direct,0.0
cl100k_base,arn,Mapuche,Latn,alphabet,0.904,0.904,,direct,0.0
cl100k_base,as,Assamese,Beng,abugida,0.2678,0.2678,,direct,0.0
cl100k_base,asa,Asu,Latn,alphabet,1.0,1.0,,direct,0.0
cl100k_base,ast,Asturian,Latn,alphabet,0.95,0.95,,direct,0.0
cl100k_base,az,Azerbaijani,Latn,alphabet,1.0,1.0,,direct,0.0
cl100k_base,ba,Bashkir,Cyrl,alphabet,0.8286,0.8286,,direct,0.0
cl100k_base,bal,Baluchi,Arab,abjad,0.7576,0.7576,,direct,0.0
cl100k_base,bas,Basaa,Latn,alphabet,0.8194,0.8194,,direct,0.0
cl100k_base,be,Belarusian,Cyrl,alphabet,0.975,0.975,,direct,0.0
cl100k_base,bem,Bemba,Latn,alphabet,1.0,1.0,,direct,0.0
cl100k_base,bew,Betawi,Latn,alphabet,0.9724,0.9724,,direct,0.0
cl100k_base,bez,Bena,Latn,alphabet,1.0,1.0,,direct,0.0
cl100k_base,bg,Bulgarian,Cyrl,alphabet,1.0,1.0,,direct,0.0
cl100k_base,bgc,Haryanvi,Deva,abugida,0.4207,0.4207,,direct,0.0
cl100k_base,bgn,Western Balochi,Arab,abjad,0.7838,0.7838,,direct,0.0
cl100k_base,bho,Bhojpuri,Deva,abugida,0.4833,0.4833,,direct,0.0
cl100k_base,blo,Anii,Latn,alphabet,0.8367,0.8367,,direct,0.0
cl100k_base,blt,Tai Dam,Tavt,abugida,0.2,0.2,,direct,0.0
cl100k_base,bm,Bambara,Latn,alphabet,0.8815,0.8815,,direct,0.0
cl100k_base,bn,Bangla,Beng,abugida,0.2706,0.2706,,direct,0.0
cl100k_base,bo,Tibetan,Tibt,abugida,0.2,0.2,,direct,0.0
cl100k_base,br,Breton,Latn,alphabet,0.9724,0.9724,,direct,0.0
cl100k_base,brx,Bodo,Deva,abugida,0.423,0.423,,direct,0.0
cl100k_base,bs,Bosnian,Latn,alphabet,1.0,1.0,,direct,0.0
cl100k_base,bss,Akoose,Latn,alphabet,0.8154,0.8154,,direct,0.0
cl100k_base,byn,Blin,Ethi,syllabary,0.2,0.2,,within_script_only,0.0
cl100k_base,ca,Catalan,Latn,alphabet,1.0,1.0,,direct,0.0
cl100k_base,cad,Caddo,Latn,alphabet,0.92,0.92,,direct,0.0
cl100k_base,cch,Atsam,Latn,alphabet,0.8857,0.8857,,direct,0.0
cl100k_base,ccp,Chakma,Cakm,abugida,0.2,0.2,,direct,0.0
cl100k_base,ce,Chechen,Cyrl,alphabet,0.9765,0.9765,,direct,0.0
cl100k_base,ceb,Cebuano,Latn,alphabet,1.0,1.0,,direct,0.0
cl100k_base,cgg,Chiga,Latn,alphabet,1.0,1.0,,direct,0.0
cl100k_base,cho,Choctaw,Latn,alphabet,0.9238,0.9238,,direct,0.0
cl100k_base,chr,Cherokee,Cher,syllabary,0.2,0.2,,within_script_only,0.0
cl100k_base,cic,Chickasaw,Latn,alphabet,0.9158,0.9158,,direct,0.0
cl100k_base,ckb,Central Kurdish,Arab,abjad,0.7818,0.7818,,direct,0.0
cl100k_base,co,Corsican,Latn,alphabet,1.0,1.0,,direct,0.0
cl100k_base,cop,Coptic,Copt,alphabet,0.2,0.2,,direct,0.0
cl100k_base,cs,Czech,Latn,alphabet,0.961,0.961,,direct,0.0
cl100k_base,csw,Swampy Cree,Cans,syllabary,0.2,0.2,,within_script_only,0.0
cl100k_base,cu,Church Slavic,Cyrl,alphabet,0.5444,0.5444,,direct,0.0
cl100k_base,cv,Chuvash,Cyrl,alphabet,0.9135,0.9135,,direct,0.0
cl100k_base,cy,Welsh,Latn,alphabet,0.8857,0.8857,,direct,0.0
cl100k_base,da,Danish,Latn,alphabet,1.0,1.0,,direct,0.0
cl100k_base,dav,Taita,Latn,alphabet,1.0,1.0,,direct,0.0
cl100k_base,de,German,Latn,alphabet,1.0,1.0,,direct,0.0
cl100k_base,dje,Zarma,Latn,alphabet,0.925,0.925,,direct,0.0
cl100k_base,doi,Dogri,Deva,abugida,0.3943,0.3943,,direct,0.0
cl100k_base,dsb,Lower Sorbian,Latn,alphabet,0.9784,0.9784,,direct,0.0
cl100k_base,dua,Duala,Latn,alphabet,0.8788,0.8788,,direct,0.0
cl100k_base,dv,Divehi,Thaa,abjad,0.2,0.2,,direct,0.0
cl100k_base,dyo,Jola-Fonyi,Latn,alphabet,0.975,0.975,,direct,0.0
cl100k_base,dz,Dzongkha,Tibt,abugida,0.2,0.2,,direct,0.0
cl100k_base,ebu,Embu,Latn,alphabet,0.9429,0.9429,,direct,0.0
cl100k_base,ee,Ewe,Latn,alphabet,0.8167,0.8167,,direct,0.0
cl100k_base,el,Greek,Grek,alphabet,0.8,0.8,,direct,0.0
cl100k_base,en,English,Latn,alphabet,1.0,1.0,,direct,0.0
cl100k_base,eo,Esperanto,Latn,alphabet,0.8286,0.8286,,direct,0.0
cl100k_base,es,Spanish,Latn,alphabet,1.0,1.0,,direct,0.0
cl100k_base,et,Estonian,Latn,alphabet,1.0,1.0,,direct,0.0
cl100k_base,eu,Basque,Latn,alphabet,1.0,1.0,,direct,0.0
cl100k_base,ewo,Ewondo,Latn,alphabet,0.8462,0.8462,,direct,0.0
cl100k_base,fa,Persian,Arab,abjad,0.8256,0.8256,,direct,0.0
cl100k_base,ff,Fula,Latn,alphabet,0.8815,0.8815,,direct,0.0
cl100k_base,fi,Finnish,Latn,alphabet,1.0,1.0,,direct,0.0
cl100k_base,fil,Filipino,Latn,alphabet,1.0,1.0,,direct,0.0
cl100k_base,fo,Faroese,Latn,alphabet,1.0,1.0,,direct,0.0
cl100k_base,fr,French,Latn,alphabet,0.981,0.981,,direct,0.0
cl100k_base,frr,Northern Frisian,Latn,alphabet,1.0,1.0,,direct,0.0
cl100k_base,fur,Friulian,Latn,alphabet,1.0,1.0,,direct,0.0
cl100k_base,fy,Western Frisian,Latn,alphabet,1.0,1.0,,direct,0.0
cl100k_base,ga,Irish,Latn,alphabet,1.0,1.0,,direct,0.0
cl100k_base,gaa,Ga,Latn,alphabet,0.9077,0.9077,,direct,0.0
cl100k_base,gd,Scottish Gaelic,Latn,alphabet,1.0,1.0,,direct,0.0
cl100k_base,gez,Geez,Ethi,syllabary,0.2,0.2,,within_script_only,0.0
cl100k_base,gl,Galician,Latn,alphabet,1.0,1.0,,direct,0.0
cl100k_base,gn,Guarani,Latn,alphabet,0.84,0.84,,direct,0.0
cl100k_base,gsw,Swiss German,Latn,alphabet,1.0,1.0,,direct,0.0
cl100k_base,gu,Gujarati,Gujr,abugida,0.2,0.2,,direct,0.0
cl100k_base,guz,Gusii,Latn,alphabet,1.0,1.0,,direct,0.0
cl100k_base,gv,Manx,Latn,alphabet,1.0,1.0,,direct,0.0
cl100k_base,ha,Hausa,Latn,alphabet,0.8519,0.8519,,direct,0.0
cl100k_base,haw,Hawaiian,Latn,alphabet,0.9556,0.9556,,direct,0.0
cl100k_base,he,Hebrew,Hebr,abjad,0.6148,0.6148,,direct,0.0
cl100k_base,hi,Hindi,Deva,abugida,0.403,0.403,,direct,0.0
cl100k_base,hnj,Hmong Njua,Hmnp,alphabet,0.2,0.2,,direct,0.0
cl100k_base,hr,Croatian,Latn,alphabet,1.0,1.0,,direct,0.0
cl100k_base,hsb,Upper Sorbian,Latn,alphabet,1.0,1.0,,direct,0.0
cl100k_base,ht,Haitian Creole,Latn,alphabet,1.0,1.0,,direct,0.0
cl100k_base,hu,Hungarian,Latn,alphabet,1.0,1.0,,direct,0.0
cl100k_base,hy,Armenian,Armn,alphabet,0.2,0.2,,direct,0.0
cl100k_base,ia,Interlingua,Latn,alphabet,1.0,1.0,,direct,0.0
cl100k_base,id,Indonesian,Latn,alphabet,1.0,1.0,,direct,0.0
cl100k_base,ie,Interlingue,Latn,alphabet,1.0,1.0,,direct,0.0
cl100k_base,ig,Igbo,Latn,alphabet,0.9714,0.9714,,direct,0.0
cl100k_base,ii,Sichuan Yi,Yiii,syllabary,0.2,0.2,,within_script_only,0.0
cl100k_base,io,Ido,Latn,alphabet,1.0,1.0,,direct,0.0
cl100k_base,is,Icelandic,Latn,alphabet,0.9906,0.9906,,direct,0.0
cl100k_base,it,Italian,Latn,alphabet,1.0,1.0,,direct,0.0
cl100k_base,iu,Inuktitut,Cans,syllabary,0.2,0.2,,within_script_only,0.0
cl100k_base,ja,Japanese,Jpan,mixed_logographic,0.3619,0.3619,,within_script_only,0.0
cl100k_base,jbo,Lojban,Latn,alphabet,1.0,1.0,,direct,0.0
cl100k_base,jgo,Ngomba,Latn,alphabet,0.7333,0.7333,,direct,0.0
cl100k_base,jmc,Machame,Latn,alphabet,1.0,1.0,,direct,0.0
cl100k_base,jv,Javanese,Latn,alphabet,1.0,1.0,,direct,0.0
cl100k_base,ka,Georgian,Geor,alphabet,0.2,0.2,,direct,0.0
cl100k_base,kaa,Kara-Kalpak,Cyrl,alphabet,0.8439,0.8439,,direct,0.0
cl100k_base,kab,Kabyle,Latn,alphabet,0.7882,0.7882,,direct,0.0
cl100k_base,kaj,Jju,Latn,alphabet,1.0,1.0,,direct,0.0
cl100k_base,kam,Kamba,Latn,alphabet,0.9407,0.9407,,direct,0.0
cl100k_base,kcg,Tyap,Latn,alphabet,0.968,0.968,,direct,0.0
cl100k_base,kde,Makonde,Latn,alphabet,1.0,1.0,,direct,0.0
cl100k_base,kea,Kabuverdianu,Latn,alphabet,1.0,1.0,,direct,0.0
cl100k_base,ken,Kenyang,Latn,alphabet,0.8244,0.8244,,direct,0.0
cl100k_base,kgp,Kaingang,Latn,alphabet,0.8769,0.8769,,direct,0.0
cl100k_base,khq,Koyra Chiini,Latn,alphabet,0.925,0.925,,direct,0.0
cl100k_base,ki,Kikuyu,Latn,alphabet,0.92,0.92,,direct,0.0
cl100k_base,kk,Kazakh,Cyrl,alphabet,0.8476,0.8476,,direct,0.0
cl100k_base,kkj,Kako,Latn,alphabet,0.8809,0.8809,,direct,0.0
cl100k_base,kl,Kalaallisut,Latn,alphabet,1.0,1.0,,direct,0.0
cl100k_base,kln,Kalenjin,Latn,alphabet,1.0,1.0,,direct,0.0
cl100k_base,km,Khmer,Khmr,abugida,0.2111,0.2111,,direct,0.0
cl100k_base,kn,Kannada,Knda,abugida,0.2,0.2,,direct,0.0
cl100k_base,ko,Korean,Kore,featural_syllabary,0.2113,0.2113,0.2,within_script_only,0.0
cl100k_base,kok,Konkani,Deva,abugida,0.3766,0.3766,,direct,0.0
cl100k_base,kpe,Kpelle,Latn,alphabet,0.8069,0.8069,,direct,0.0
cl100k_base,ks,Kashmiri,Arab,abjad,0.7326,0.7326,,direct,0.0
cl100k_base,ksb,Shambala,Latn,alphabet,1.0,1.0,,direct,0.0
cl100k_base,ksf,Bafia,Latn,alphabet,0.9059,0.9059,,direct,0.0
cl100k_base,ksh,Colognian,Latn,alphabet,0.9778,0.9778,,direct,0.0
cl100k_base,ku,Kurdish,Latn,alphabet,1.0,1.0,,direct,0.0
cl100k_base,kw,Cornish,Latn,alphabet,1.0,1.0,,direct,0.0
cl100k_base,kxv,Kuvi,Latn,alphabet,0.8545,0.8545,,direct,0.0
cl100k_base,ky,Kyrgyz,Cyrl,alphabet,0.9226,0.9226,,direct,0.0
cl100k_base,la,Latin,Latn,alphabet,1.0,1.0,,direct,0.0
cl100k_base,lag,Langi,Latn,alphabet,0.9515,0.9515,,direct,0.0
cl100k_base,lb,Luxembourgish,Latn,alphabet,1.0,1.0,,direct,0.0
cl100k_base,lg,Ganda,Latn,alphabet,0.9667,0.9667,,direct,0.0
cl100k_base,lij,Ligurian,Latn,alphabet,1.0,1.0,,direct,0.0
cl100k_base,lkt,Lakota,Latn,alphabet,0.8933,0.8933,,direct,0.0
cl100k_base,lld,lld,Latn,alphabet,1.0,1.0,,direct,0.0
cl100k_base,lmo,Lombard,Latn,alphabet,1.0,1.0,,direct,0.0
cl100k_base,ln,Lingala,Latn,alphabet,0.8634,0.8634,,direct,0.0
cl100k_base,lo,Lao,Laoo,abugida,0.2,0.2,,direct,0.0
cl100k_base,lrc,Northern Luri,Arab,abjad,0.7581,0.7581,,direct,0.0
cl100k_base,lt,Lithuanian,Latn,alphabet,0.925,0.925,,direct,0.0
cl100k_base,ltg,Latgalian,Latn,alphabet,0.9086,0.9086,,direct,0.0
cl100k_base,lu,Luba-Katanga,Latn,alphabet,0.9579,0.9579,,direct,0.0
cl100k_base,luo,Luo,Latn,alphabet,1.0,1.0,,direct,0.0
cl100k_base,luy,Luyia,Latn,alphabet,1.0,1.0,,direct,0.0
cl100k_base,lv,Latvian,Latn,alphabet,0.903,0.903,,direct,0.0
cl100k_base,mai,Maithili,Deva,abugida,0.5022,0.5022,,direct,0.0
cl100k_base,mas,Masai,Latn,alphabet,0.9149,0.9149,,direct,0.0
cl100k_base,mdf,Moksha,Cyrl,alphabet,1.0,1.0,,direct,0.0
cl100k_base,mer,Meru,Latn,alphabet,0.9429,0.9429,,direct,0.0
cl100k_base,mfe,Morisyen,Latn,alphabet,1.0,1.0,,direct,0.0
cl100k_base,mg,Malagasy,Latn,alphabet,1.0,1.0,,direct,0.0
cl100k_base,mgh,Makhuwa-Meetto,Latn,alphabet,1.0,1.0,,direct,0.0
cl100k_base,mgo,Metaʼ,Latn,alphabet,0.925,0.925,,direct,0.0
cl100k_base,mhn,mhn,Latn,alphabet,1.0,1.0,,direct,0.0
cl100k_base,mi,Māori,Latn,alphabet,1.0,1.0,,direct,0.0
cl100k_base,mic,Mi'kmaw,Latn,alphabet,0.9273,0.9273,,direct,0.0
cl100k_base,mk,Macedonian,Cyrl,alphabet,0.8194,0.8194,,direct,0.0
cl100k_base,ml,Malayalam,Mlym,abugida,0.2,0.2,,direct,0.0
cl100k_base,mn,Mongolian,Cyrl,alphabet,0.9543,0.9543,,direct,0.0
cl100k_base,mni,Manipuri,Beng,abugida,0.2814,0.2814,,direct,0.0
cl100k_base,moh,Mohawk,Latn,alphabet,0.9652,0.9652,,direct,0.0
cl100k_base,mr,Marathi,Deva,abugida,0.4125,0.4125,,direct,0.0
cl100k_base,ms,Malay,Latn,alphabet,1.0,1.0,,direct,0.0
cl100k_base,mt,Maltese,Latn,alphabet,0.9273,0.9273,,direct,0.0
cl100k_base,mua,Mundang,Latn,alphabet,0.8545,0.8545,,direct,0.0
cl100k_base,mus,Muscogee,Latn,alphabet,0.9619,0.9619,,direct,0.0
cl100k_base,my,Burmese,Mymr,abugida,0.2,0.2,,direct,0.0
cl100k_base,myv,Erzya,Cyrl,alphabet,1.0,1.0,,direct,0.0
cl100k_base,mzn,Mazanderani,Arab,abjad,0.8256,0.8256,,direct,0.0
cl100k_base,naq,Nama,Latn,alphabet,0.8968,0.8968,,direct,0.0
cl100k_base,nd,North Ndebele,Latn,alphabet,1.0,1.0,,direct,0.0
cl100k_base,nds,Low German,Latn,alphabet,1.0,1.0,,direct,0.0
cl100k_base,ne,Nepali,Deva,abugida,0.403,0.403,,direct,0.0
cl100k_base,nl,Dutch,Latn,alphabet,1.0,1.0,,direct,0.0
cl100k_base,nmg,Kwasio,Latn,alphabet,0.8175,0.8175,,direct,0.0
cl100k_base,nnh,Ngiemboon,Latn,alphabet,0.8074,0.8074,,direct,0.0
cl100k_base,no,Norwegian,Latn,alphabet,1.0,1.0,,direct,0.0
cl100k_base,nqo,N’Ko,Nkoo,alphabet,0.2,0.2,,direct,0.0
cl100k_base,nr,South Ndebele,Latn,alphabet,1.0,1.0,,direct,0.0
cl100k_base,nso,Northern Sotho,Latn,alphabet,1.0,1.0,,direct,0.0
cl100k_base,nus,Nuer,Latn,alphabet,0.8667,0.8667,,direct,0.0
cl100k_base,nv,Navajo,Latn,alphabet,0.9484,0.9484,,direct,0.0
cl100k_base,ny,Nyanja,Latn,alphabet,0.9667,0.9667,,direct,0.0
cl100k_base,nyn,Nyankole,Latn,alphabet,1.0,1.0,,direct,0.0
cl100k_base,oc,Occitan,Latn,alphabet,1.0,1.0,,direct,0.0
cl100k_base,om,Oromo,Latn,alphabet,1.0,1.0,,direct,0.0
cl100k_base,or,Odia,Orya,abugida,0.2,0.2,,direct,0.0
cl100k_base,os,Ossetic,Cyrl,alphabet,0.9765,0.9765,,direct,0.0
cl100k_base,osa,Osage,Osge,alphabet,0.22,0.22,,direct,0.0
cl100k_base,pa,Punjabi,Guru,abugida,0.2,0.2,,direct,0.0
cl100k_base,pap,Papiamento,Latn,alphabet,1.0,1.0,,direct,0.0
cl100k_base,pcm,Nigerian Pidgin,Latn,alphabet,0.975,0.975,,direct,0.0
cl100k_base,pis,Pijin,Latn,alphabet,1.0,1.0,,direct,0.0
cl100k_base,pl,Polish,Latn,alphabet,1.0,1.0,,direct,0.0
cl100k_base,prg,Prussian,Latn,alphabet,0.8974,0.8974,,direct,0.0
cl100k_base,ps,Pashto,Arab,abjad,0.715,0.715,,direct,0.0
cl100k_base,pt,Portuguese,Latn,alphabet,1.0,1.0,,direct,0.0
cl100k_base,qu,Quechua,Latn,alphabet,0.9529,0.9529,,direct,0.0
cl100k_base,quc,Kʼicheʼ,Latn,alphabet,0.968,0.968,,direct,0.0
cl100k_base,raj,Rajasthani,Deva,abugida,0.4776,0.4776,,direct,0.0
cl100k_base,rhg,Rohingya,Rohg,abjad,0.2,0.2,,direct,0.0
cl100k_base,rif,Riffian,Latn,alphabet,0.8194,0.8194,,direct,0.0
cl100k_base,rm,Romansh,Latn,alphabet,1.0,1.0,,direct,0.0
cl100k_base,rn,Rundi,Latn,alphabet,1.0,1.0,,direct,0.0
cl100k_base,ro,Romanian,Latn,alphabet,1.0,1.0,,direct,0.0
cl100k_base,rof,Rombo,Latn,alphabet,1.0,1.0,,direct,0.0
cl100k_base,ru,Russian,Cyrl,alphabet,1.0,1.0,,direct,0.0
cl100k_base,rw,Kinyarwanda,Latn,alphabet,1.0,1.0,,direct,0.0
cl100k_base,rwk,Rwa,Latn,alphabet,1.0,1.0,,direct,0.0
cl100k_base,sa,Sanskrit,Deva,abugida,0.3943,0.3943,,direct,0.0
cl100k_base,sah,Yakut,Cyrl,alphabet,0.8462,0.8462,,direct,0.0
cl100k_base,saq,Samburu,Latn,alphabet,1.0,1.0,,direct,0.0
cl100k_base,sat,Santali,Olck,alphabet,0.2,0.2,,direct,0.0
cl100k_base,sbp,Sangu,Latn,alphabet,1.0,1.0,,direct,0.0
cl100k_base,sc,Sardinian,Latn,alphabet,1.0,1.0,,direct,0.0
cl100k_base,scn,Sicilian,Latn,alphabet,0.9758,0.9758,,direct,0.0
cl100k_base,sd,Sindhi,Arab,abjad,0.6712,0.6712,,direct,0.0
cl100k_base,sdh,Southern Kurdish,Arab,abjad,0.7412,0.7412,,direct,0.0
cl100k_base,se,Northern Sami,Latn,alphabet,0.9448,0.9448,,direct,0.0
cl100k_base,seh,Sena,Latn,alphabet,1.0,1.0,,direct,0.0
cl100k_base,ses,Koyraboro Senni,Latn,alphabet,0.925,0.925,,direct,0.0
cl100k_base,sg,Sango,Latn,alphabet,1.0,1.0,,direct,0.0
cl100k_base,shi,Tachelhit,Tfng,alphabet,0.2,0.2,,direct,0.0
cl100k_base,shn,Shan,Mymr,abugida,0.2174,0.2174,,direct,0.0
cl100k_base,si,Sinhala,Sinh,abugida,0.2,0.2,,direct,0.0
cl100k_base,sid,Sidamo,Latn,alphabet,1.0,1.0,,direct,0.0
cl100k_base,sk,Slovak,Latn,alphabet,0.907,0.907,,direct,0.0
cl100k_base,skr,skr,Arab,abjad,0.6837,0.6837,,direct,0.0
cl100k_base,sl,Slovenian,Latn,alphabet,1.0,1.0,,direct,0.0
cl100k_base,sma,Southern Sami,Latn,alphabet,1.0,1.0,,direct,0.0
cl100k_base,smj,Lule Sami,Latn,alphabet,1.0,1.0,,direct,0.0
cl100k_base,smn,Inari Sami,Latn,alphabet,0.9742,0.9742,,direct,0.0
cl100k_base,sms,Skolt Sami,Latn,alphabet,0.8667,0.8667,,direct,0.0
cl100k_base,sn,Shona,Latn,alphabet,1.0,1.0,,direct,0.0
cl100k_base,so,Somali,Latn,alphabet,1.0,1.0,,direct,0.0
cl100k_base,sq,Albanian,Latn,alphabet,1.0,1.0,,direct,0.0
cl100k_base,sr,Serbian,Cyrl,alphabet,0.84,0.84,,direct,0.0
cl100k_base,ss,Swati,Latn,alphabet,1.0,1.0,,direct,0.0
cl100k_base,ssy,Saho,Latn,alphabet,1.0,1.0,,direct,0.0
cl100k_base,st,Southern Sotho,Latn,alphabet,1.0,1.0,,direct,0.0
cl100k_base,su,Sundanese,Latn,alphabet,1.0,1.0,,direct,0.0
cl100k_base,sv,Swedish,Latn,alphabet,1.0,1.0,,direct,0.0
cl100k_base,sw,Swahili,Latn,alphabet,1.0,1.0,,direct,0.0
cl100k_base,syr,Syriac,Syrc,abjad,0.2,0.2,,direct,0.0
cl100k_base,szl,Silesian,Latn,alphabet,0.9765,0.9765,,direct,0.0
cl100k_base,ta,Tamil,Taml,abugida,0.2511,0.2511,,direct,0.0
cl100k_base,te,Telugu,Telu,abugida,0.2,0.2,,direct,0.0
cl100k_base,teo,Teso,Latn,alphabet,1.0,1.0,,direct,0.0
cl100k_base,tg,Tajik,Cyrl,alphabet,0.8629,0.8629,,direct,0.0
cl100k_base,th,Thai,Thai,abugida,0.6493,0.6493,,direct,0.0
cl100k_base,ti,Tigrinya,Ethi,syllabary,0.2,0.2,,within_script_only,0.0
cl100k_base,tig,Tigre,Ethi,syllabary,0.2,0.2,,within_script_only,0.0
cl100k_base,tk,Turkmen,Latn,alphabet,0.9733,0.9733,,direct,0.0
cl100k_base,tn,Tswana,Latn,alphabet,1.0,1.0,,direct,0.0
cl100k_base,to,Tongan,Latn,alphabet,0.9704,0.9704,,direct,0.0
cl100k_base,tok,Toki Pona,Latn,alphabet,1.0,1.0,,direct,0.0
cl100k_base,tpi,Tok Pisin,Latn,alphabet,1.0,1.0,,direct,0.0
cl100k_base,tr,Turkish,Latn,alphabet,1.0,1.0,,direct,0.0
cl100k_base,trv,Taroko,Latn,alphabet,1.0,1.0,,direct,0.0
cl100k_base,trw,Torwali,Arab,abjad,0.7104,0.7104,,direct,0.0
cl100k_base,ts,Tsonga,Latn,alphabet,1.0,1.0,,direct,0.0
cl100k_base,tt,Tatar,Cyrl,alphabet,0.8769,0.8769,,direct,0.0
cl100k_base,twq,Tasawaq,Latn,alphabet,0.925,0.925,,direct,0.0
cl100k_base,tyv,Tuvinian,Cyrl,alphabet,0.9333,0.9333,,direct,0.0
cl100k_base,tzm,Central Atlas Tamazight,Latn,alphabet,0.7935,0.7935,,direct,0.0
cl100k_base,ug,Uyghur,Arab,abjad,0.7412,0.7412,,direct,0.0
cl100k_base,uk,Ukrainian,Cyrl,alphabet,0.9059,0.9059,,direct,0.0
cl100k_base,ur,Urdu,Arab,abjad,0.8237,0.8237,,direct,0.0
cl100k_base,uz,Uzbek,Latn,alphabet,0.9407,0.9407,,direct,0.0
cl100k_base,vai,Vai,Vaii,syllabary,0.2,0.2,,within_script_only,0.0
cl100k_base,ve,Venda,Latn,alphabet,0.8571,0.8571,,direct,0.0
cl100k_base,vec,Venetian,Latn,alphabet,1.0,1.0,,direct,0.0
cl100k_base,vi,Vietnamese,Latn,alphabet,0.8618,0.8618,,direct,0.0
cl100k_base,vmw,Makhuwa,Latn,alphabet,1.0,1.0,,direct,0.0
cl100k_base,vo,Volapük,Latn,alphabet,1.0,1.0,,direct,0.0
cl100k_base,vun,Vunjo,Latn,alphabet,1.0,1.0,,direct,0.0
cl100k_base,wa,Walloon,Latn,alphabet,0.9814,0.9814,,direct,0.0
cl100k_base,wae,Walser,Latn,alphabet,0.9795,0.9795,,direct,0.0
cl100k_base,wal,Wolaytta,Ethi,syllabary,0.2,0.2,,within_script_only,0.0
cl100k_base,wbp,Warlpiri,Latn,alphabet,1.0,1.0,,direct,0.0
cl100k_base,wo,Wolof,Latn,alphabet,0.9724,0.9724,,direct,0.0
cl100k_base,xh,Xhosa,Latn,alphabet,1.0,1.0,,direct,0.0
cl100k_base,xnr,Kangri,Deva,abugida,0.4182,0.4182,,direct,0.0
cl100k_base,xog,Soga,Latn,alphabet,1.0,1.0,,direct,0.0
cl100k_base,yav,Yangben,Latn,alphabet,0.8979,0.8979,,direct,0.0
cl100k_base,yi,Yiddish,Hebr,abjad,0.5294,0.5294,,direct,0.0
cl100k_base,yo,Yoruba,Latn,alphabet,0.9,0.9,,direct,0.0
cl100k_base,yrl,Nheengatu,Latn,alphabet,0.8857,0.8857,,direct,0.0
cl100k_base,yue,Cantonese,Hant,logographic,0.3194,0.3194,,within_script_only,0.0
cl100k_base,za,Zhuang,Latn,alphabet,1.0,1.0,,direct,0.0
cl100k_base,zgh,Standard Moroccan Tamazight,Tfng,alphabet,0.2,0.2,,direct,0.0
cl100k_base,zh,Chinese,Hans,logographic,0.3953,0.3953,,within_script_only,0.0
cl100k_base,zu,Zulu,Latn,alphabet,1.0,1.0,,direct,0.0
deepseek-ai/DeepSeek-R1,aa,Afar,Latn,alphabet,1.0,1.0,,direct,0.0
deepseek-ai/DeepSeek-R1,ab,Abkhazian,Cyrl,alphabet,0.725,0.78,,direct,0.05500000000000005
deepseek-ai/DeepSeek-R1,af,Afrikaans,Latn,alphabet,1.0,1.0,,direct,0.0
deepseek-ai/DeepSeek-R1,agq,Aghem,Latn,alphabet,0.9423,0.9538,,direct,0.011499999999999955
deepseek-ai/DeepSeek-R1,ak,Akan,Latn,alphabet,1.0,1.0,,direct,0.0
deepseek-ai/DeepSeek-R1,am,Amharic,Ethi,syllabary,0.0,0.2,,within_script_only,0.2
deepseek-ai/DeepSeek-R1,an,Aragonese,Latn,alphabet,1.0,1.0,,direct,0.0
deepseek-ai/DeepSeek-R1,ann,Obolo,Latn,alphabet,0.9744,0.9795,,direct,0.005099999999999993
deepseek-ai/DeepSeek-R1,apc,apc,Arab,abjad,0.9778,0.9822,,direct,0.0043999999999999595
deepseek-ai/DeepSeek-R1,ar,Arabic,Arab,abjad,0.9778,0.9822,,direct,0.0043999999999999595
deepseek-ai/DeepSeek-R1,arn,Mapuche,Latn,alphabet,0.88,0.904,,direct,0.02400000000000002
deepseek-ai/DeepSeek-R1,as,Assamese,Beng,abugida,0.9169,0.9305,,direct,0.013599999999999945
deepseek-ai/DeepSeek-R1,asa,Asu,Latn,alphabet,1.0,1.0,,direct,0.0
deepseek-ai/DeepSeek-R1,ast,Asturian,Latn,alphabet,0.9688,0.975,,direct,0.006199999999999983
deepseek-ai/DeepSeek-R1,az,Azerbaijani,Latn,alphabet,1.0,1.0,,direct,0.0
deepseek-ai/DeepSeek-R1,ba,Bashkir,Cyrl,alphabet,0.9286,0.9429,,direct,0.01429999999999998
deepseek-ai/DeepSeek-R1,bal,Baluchi,Arab,abjad,1.0,1.0,,direct,0.0
deepseek-ai/DeepSeek-R1,bas,Basaa,Latn,alphabet,0.9194,0.9355,,direct,0.016100000000000003
deepseek-ai/DeepSeek-R1,be,Belarusian,Cyrl,alphabet,1.0,1.0,,direct,0.0
deepseek-ai/DeepSeek-R1,bem,Bemba,Latn,alphabet,1.0,1.0,,direct,0.0
deepseek-ai/DeepSeek-R1,bew,Betawi,Latn,alphabet,1.0,1.0,,direct,0.0
deepseek-ai/DeepSeek-R1,bez,Bena,Latn,alphabet,1.0,1.0,,direct,0.0
deepseek-ai/DeepSeek-R1,bg,Bulgarian,Cyrl,alphabet,1.0,1.0,,direct,0.0
deepseek-ai/DeepSeek-R1,bgc,Haryanvi,Deva,abugida,0.8534,0.8776,,direct,0.0242
deepseek-ai/DeepSeek-R1,bgn,Western Balochi,Arab,abjad,1.0,1.0,,direct,0.0
deepseek-ai/DeepSeek-R1,bho,Bhojpuri,Deva,abugida,0.9125,0.925,,direct,0.012500000000000067
deepseek-ai/DeepSeek-R1,blo,Anii,Latn,alphabet,0.898,0.9184,,direct,0.020399999999999974
deepseek-ai/DeepSeek-R1,blt,Tai Dam,Tavt,abugida,0.0,0.2,,direct,0.2
deepseek-ai/DeepSeek-R1,bm,Bambara,Latn,alphabet,0.963,0.9704,,direct,0.007400000000000073
deepseek-ai/DeepSeek-R1,bn,Bangla,Beng,abugida,0.7956,0.8338,,direct,0.03820000000000001
deepseek-ai/DeepSeek-R1,bo,Tibetan,Tibt,abugida,0.1839,0.3471,,direct,0.1632
deepseek-ai/DeepSeek-R1,br,Breton,Latn,alphabet,1.0,1.0,,direct,0.0
deepseek-ai/DeepSeek-R1,brx,Bodo,Deva,abugida,0.8443,0.8705,,direct,0.0262
deepseek-ai/DeepSeek-R1,bs,Bosnian,Latn,alphabet,1.0,1.0,,direct,0.0
deepseek-ai/DeepSeek-R1,bss,Akoose,Latn,alphabet,0.9615,0.9692,,direct,0.007699999999999929
deepseek-ai/DeepSeek-R1,byn,Blin,Ethi,syllabary,0.0,0.2,,within_script_only,0.2
deepseek-ai/DeepSeek-R1,ca,Catalan,Latn,alphabet,1.0,1.0,,direct,0.0
deepseek-ai/DeepSeek-R1,cad,Caddo,Latn,alphabet,0.9667,0.9733,,direct,0.00660000000000005
deepseek-ai/DeepSeek-R1,cch,Atsam,Latn,alphabet,0.8929,0.9143,,direct,0.021399999999999975
deepseek-ai/DeepSeek-R1,ccp,Chakma,Cakm,abugida,0.0,0.2,,direct,0.2
deepseek-ai/DeepSeek-R1,ce,Chechen,Cyrl,alphabet,0.9706,0.9765,,direct,0.005900000000000016
deepseek-ai/DeepSeek-R1,ceb,Cebuano,Latn,alphabet,1.0,1.0,,direct,0.0
deepseek-ai/DeepSeek-R1,cgg,Chiga,Latn,alphabet,1.0,1.0,,direct,0.0
deepseek-ai/DeepSeek-R1,cho,Choctaw,Latn,alphabet,0.9048,0.9238,,direct,0.018999999999999906
deepseek-ai/DeepSeek-R1,chr,Cherokee,Cher,syllabary,0.0,0.2,,within_script_only,0.2
deepseek-ai/DeepSeek-R1,cic,Chickasaw,Latn,alphabet,0.9474,0.9579,,direct,0.010499999999999954
deepseek-ai/DeepSeek-R1,ckb,Central Kurdish,Arab,abjad,0.9394,0.9515,,direct,0.0121
deepseek-ai/DeepSeek-R1,co,Corsican,Latn,alphabet,1.0,1.0,,direct,0.0
deepseek-ai/DeepSeek-R1,cop,Coptic,Copt,alphabet,0.0,0.2,,direct,0.2
deepseek-ai/DeepSeek-R1,cs,Czech,Latn,alphabet,1.0,1.0,,direct,0.0
deepseek-ai/DeepSeek-R1,csw,Swampy Cree,Cans,syllabary,0.0,0.2,,within_script_only,0.2
deepseek-ai/DeepSeek-R1,cu,Church Slavic,Cyrl,alphabet,0.4861,0.5889,,direct,0.1028
deepseek-ai/DeepSeek-R1,cv,Chuvash,Cyrl,alphabet,0.8919,0.9135,,direct,0.021599999999999953
deepseek-ai/DeepSeek-R1,cy,Welsh,Latn,alphabet,0.8776,0.902,,direct,0.024399999999999977
deepseek-ai/DeepSeek-R1,da,Danish,Latn,alphabet,1.0,1.0,,direct,0.0
deepseek-ai/DeepSeek-R1,dav,Taita,Latn,alphabet,1.0,1.0,,direct,0.0
deepseek-ai/DeepSeek-R1,de,German,Latn,alphabet,1.0,1.0,,direct,0.0
deepseek-ai/DeepSeek-R1,dje,Zarma,Latn,alphabet,0.9688,0.975,,direct,0.006199999999999983
deepseek-ai/DeepSeek-R1,doi,Dogri,Deva,abugida,0.7643,0.8071,,direct,0.04280000000000006
deepseek-ai/DeepSeek-R1,dsb,Lower Sorbian,Latn,alphabet,0.973,0.9784,,direct,0.005400000000000071
deepseek-ai/DeepSeek-R1,dua,Duala,Latn,alphabet,0.9394,0.9515,,direct,0.0121
deepseek-ai/DeepSeek-R1,dv,Divehi,Thaa,abjad,0.0,0.2,,direct,0.2
deepseek-ai/DeepSeek-R1,dyo,Jola-Fonyi,Latn,alphabet,1.0,1.0,,direct,0.0
deepseek-ai/DeepSeek-R1,dz,Dzongkha,Tibt,abugida,0.2759,0.4207,,direct,0.14480000000000004
deepseek-ai/DeepSeek-R1,ebu,Embu,Latn,alphabet,1.0,1.0,,direct,0.0
deepseek-ai/DeepSeek-R1,ee,Ewe,Latn,alphabet,0.9583,0.9667,,direct,0.008399999999999963
deepseek-ai/DeepSeek-R1,el,Greek,Grek,alphabet,0.9444,0.9556,,direct,0.011199999999999988
deepseek-ai/DeepSeek-R1,en,English,Latn,alphabet,1.0,1.0,,direct,0.0
deepseek-ai/DeepSeek-R1,eo,Esperanto,Latn,alphabet,0.8821,0.9036,,direct,0.021499999999999964
deepseek-ai/DeepSeek-R1,es,Spanish,Latn,alphabet,1.0,1.0,,direct,0.0
deepseek-ai/DeepSeek-R1,et,Estonian,Latn,alphabet,1.0,1.0,,direct,0.0
deepseek-ai/DeepSeek-R1,eu,Basque,Latn,alphabet,1.0,1.0,,direct,0.0
deepseek-ai/DeepSeek-R1,ewo,Ewondo,Latn,alphabet,0.9615,0.9692,,direct,0.007699999999999929
deepseek-ai/DeepSeek-R1,fa,Persian,Arab,abjad,1.0,1.0,,direct,0.0
deepseek-ai/DeepSeek-R1,ff,Fula,Latn,alphabet,0.8889,0.9111,,direct,0.022199999999999998
deepseek-ai/DeepSeek-R1,fi,Finnish,Latn,alphabet,1.0,1.0,,direct,0.0
deepseek-ai/DeepSeek-R1,fil,Filipino,Latn,alphabet,1.0,1.0,,direct,0.0
deepseek-ai/DeepSeek-R1,fo,Faroese,Latn,alphabet,1.0,1.0,,direct,0.0
deepseek-ai/DeepSeek-R1,fr,French,Latn,alphabet,1.0,1.0,,direct,0.0
deepseek-ai/DeepSeek-R1,frr,Northern Frisian,Latn,alphabet,1.0,1.0,,direct,0.0
deepseek-ai/DeepSeek-R1,fur,Friulian,Latn,alphabet,1.0,1.0,,direct,0.0
deepseek-ai/DeepSeek-R1,fy,Western Frisian,Latn,alphabet,1.0,1.0,,direct,0.0
deepseek-ai/DeepSeek-R1,ga,Irish,Latn,alphabet,1.0,1.0,,direct,0.0
deepseek-ai/DeepSeek-R1,gaa,Ga,Latn,alphabet,1.0,1.0,,direct,0.0
deepseek-ai/DeepSeek-R1,gd,Scottish Gaelic,Latn,alphabet,1.0,1.0,,direct,0.0
deepseek-ai/DeepSeek-R1,gez,Geez,Ethi,syllabary,0.0,0.2,,within_script_only,0.2
deepseek-ai/DeepSeek-R1,gl,Galician,Latn,alphabet,1.0,1.0,,direct,0.0
deepseek-ai/DeepSeek-R1,gn,Guarani,Latn,alphabet,0.9667,0.9733,,direct,0.00660000000000005
deepseek-ai/DeepSeek-R1,gsw,Swiss German,Latn,alphabet,1.0,1.0,,direct,0.0
deepseek-ai/DeepSeek-R1,gu,Gujarati,Gujr,abugida,0.3662,0.4868,,direct,0.12059999999999998
deepseek-ai/DeepSeek-R1,guz,Gusii,Latn,alphabet,1.0,1.0,,direct,0.0
deepseek-ai/DeepSeek-R1,gv,Manx,Latn,alphabet,1.0,1.0,,direct,0.0
deepseek-ai/DeepSeek-R1,ha,Hausa,Latn,alphabet,0.8519,0.8815,,direct,0.02959999999999996
deepseek-ai/DeepSeek-R1,haw,Hawaiian,Latn,alphabet,1.0,1.0,,direct,0.0
deepseek-ai/DeepSeek-R1,he,Hebrew,Hebr,abjad,0.9889,0.9889,,direct,0.0
deepseek-ai/DeepSeek-R1,hi,Hindi,Deva,abugida,0.8134,0.8463,,direct,0.03290000000000004
deepseek-ai/DeepSeek-R1,hnj,Hmong Njua,Hmnp,alphabet,0.0,0.2,,direct,0.2
deepseek-ai/DeepSeek-R1,hr,Croatian,Latn,alphabet,1.0,1.0,,direct,0.0
deepseek-ai/DeepSeek-R1,hsb,Upper Sorbian,Latn,alphabet,1.0,1.0,,direct,0.0
deepseek-ai/DeepSeek-R1,ht,Haitian Creole,Latn,alphabet,1.0,1.0,,direct,0.0
deepseek-ai/DeepSeek-R1,hu,Hungarian,Latn,alphabet,1.0,1.0,,direct,0.0
deepseek-ai/DeepSeek-R1,hy,Armenian,Armn,alphabet,0.8711,0.8921,,direct,0.02100000000000002
deepseek-ai/DeepSeek-R1,ia,Interlingua,Latn,alphabet,1.0,1.0,,direct,0.0
deepseek-ai/DeepSeek-R1,id,Indonesian,Latn,alphabet,1.0,1.0,,direct,0.0
deepseek-ai/DeepSeek-R1,ie,Interlingue,Latn,alphabet,1.0,1.0,,direct,0.0
deepseek-ai/DeepSeek-R1,ig,Igbo,Latn,alphabet,0.9643,0.9714,,direct,0.007099999999999995
deepseek-ai/DeepSeek-R1,ii,Sichuan Yi,Yiii,syllabary,0.0,0.2,,within_script_only,0.2
deepseek-ai/DeepSeek-R1,io,Ido,Latn,alphabet,1.0,1.0,,direct,0.0
deepseek-ai/DeepSeek-R1,is,Icelandic,Latn,alphabet,1.0,1.0,,direct,0.0
deepseek-ai/DeepSeek-R1,it,Italian,Latn,alphabet,1.0,1.0,,direct,0.0
deepseek-ai/DeepSeek-R1,iu,Inuktitut,Cans,syllabary,0.0,0.2,,within_script_only,0.2
deepseek-ai/DeepSeek-R1,ja,Japanese,Jpan,mixed_logographic,0.8874,0.9099,,within_script_only,0.022500000000000075
deepseek-ai/DeepSeek-R1,jbo,Lojban,Latn,alphabet,1.0,1.0,,direct,0.0
deepseek-ai/DeepSeek-R1,jgo,Ngomba,Latn,alphabet,0.8667,0.8933,,direct,0.026599999999999957
deepseek-ai/DeepSeek-R1,jmc,Machame,Latn,alphabet,1.0,1.0,,direct,0.0
deepseek-ai/DeepSeek-R1,jv,Javanese,Latn,alphabet,1.0,1.0,,direct,0.0
deepseek-ai/DeepSeek-R1,ka,Georgian,Geor,alphabet,0.6091,0.6818,,direct,0.07269999999999999
deepseek-ai/DeepSeek-R1,kaa,Kara-Kalpak,Cyrl,alphabet,1.0,1.0,,direct,0.0
deepseek-ai/DeepSeek-R1,kab,Kabyle,Latn,alphabet,0.9412,0.9529,,direct,0.011699999999999933
deepseek-ai/DeepSeek-R1,kaj,Jju,Latn,alphabet,1.0,1.0,,direct,0.0
deepseek-ai/DeepSeek-R1,kam,Kamba,Latn,alphabet,1.0,1.0,,direct,0.0
deepseek-ai/DeepSeek-R1,kcg,Tyap,Latn,alphabet,0.96,0.968,,direct,0.008000000000000007
deepseek-ai/DeepSeek-R1,kde,Makonde,Latn,alphabet,1.0,1.0,,direct,0.0
deepseek-ai/DeepSeek-R1,kea,Kabuverdianu,Latn,alphabet,1.0,1.0,,direct,0.0
deepseek-ai/DeepSeek-R1,ken,Kenyang,Latn,alphabet,0.9268,0.9415,,direct,0.014700000000000046
deepseek-ai/DeepSeek-R1,kgp,Kaingang,Latn,alphabet,0.9615,0.9692,,direct,0.007699999999999929
deepseek-ai/DeepSeek-R1,khq,Koyra Chiini,Latn,alphabet,0.9688,0.975,,direct,0.006199999999999983
deepseek-ai/DeepSeek-R1,ki,Kikuyu,Latn,alphabet,1.0,1.0,,direct,0.0
deepseek-ai/DeepSeek-R1,kk,Kazakh,Cyrl,alphabet,1.0,1.0,,direct,0.0
deepseek-ai/DeepSeek-R1,kkj,Kako,Latn,alphabet,0.9362,0.9489,,direct,0.012699999999999934
deepseek-ai/DeepSeek-R1,kl,Kalaallisut,Latn,alphabet,1.0,1.0,,direct,0.0
deepseek-ai/DeepSeek-R1,kln,Kalenjin,Latn,alphabet,1.0,1.0,,direct,0.0
deepseek-ai/DeepSeek-R1,km,Khmer,Khmr,abugida,0.2319,0.3847,,direct,0.1528
deepseek-ai/DeepSeek-R1,kn,Kannada,Knda,abugida,0.4761,0.5775,,direct,0.10139999999999999
deepseek-ai/DeepSeek-R1,ko,Korean,Kore,featural_syllabary,0.0386,0.2306,0.2,within_script_only,0.192
deepseek-ai/DeepSeek-R1,kok,Konkani,Deva,abugida,0.8377,0.8662,,direct,0.02849999999999997
deepseek-ai/DeepSeek-R1,kpe,Kpelle,Latn,alphabet,0.931,0.9448,,direct,0.013799999999999923
deepseek-ai/DeepSeek-R1,ks,Kashmiri,Arab,abjad,0.9348,0.9478,,direct,0.013000000000000012
deepseek-ai/DeepSeek-R1,ksb,Shambala,Latn,alphabet,1.0,1.0,,direct,0.0
deepseek-ai/DeepSeek-R1,ksf,Bafia,Latn,alphabet,0.9706,0.9765,,direct,0.005900000000000016
deepseek-ai/DeepSeek-R1,ksh,Colognian,Latn,alphabet,1.0,1.0,,direct,0.0
deepseek-ai/DeepSeek-R1,ku,Kurdish,Latn,alphabet,1.0,1.0,,direct,0.0
deepseek-ai/DeepSeek-R1,kw,Cornish,Latn,alphabet,1.0,1.0,,direct,0.0
deepseek-ai/DeepSeek-R1,kxv,Kuvi,Latn,alphabet,0.9394,0.9515,,direct,0.0121
deepseek-ai/DeepSeek-R1,ky,Kyrgyz,Cyrl,alphabet,1.0,1.0,,direct,0.0
deepseek-ai/DeepSeek-R1,la,Latin,Latn,alphabet,1.0,1.0,,direct,0.0
deepseek-ai/DeepSeek-R1,lag,Langi,Latn,alphabet,0.9394,0.9515,,direct,0.0121
deepseek-ai/DeepSeek-R1,lb,Luxembourgish,Latn,alphabet,1.0,1.0,,direct,0.0
deepseek-ai/DeepSeek-R1,lg,Ganda,Latn,alphabet,1.0,1.0,,direct,0.0
deepseek-ai/DeepSeek-R1,lij,Ligurian,Latn,alphabet,1.0,1.0,,direct,0.0
deepseek-ai/DeepSeek-R1,lkt,Lakota,Latn,alphabet,0.9333,0.9467,,direct,0.013399999999999967
deepseek-ai/DeepSeek-R1,lld,lld,Latn,alphabet,1.0,1.0,,direct,0.0
deepseek-ai/DeepSeek-R1,lmo,Lombard,Latn,alphabet,1.0,1.0,,direct,0.0
deepseek-ai/DeepSeek-R1,ln,Lingala,Latn,alphabet,0.9756,0.9805,,direct,0.0049000000000000155
deepseek-ai/DeepSeek-R1,lo,Lao,Laoo,abugida,0.0364,0.2291,,direct,0.19269999999999998
deepseek-ai/DeepSeek-R1,lrc,Northern Luri,Arab,abjad,0.8837,0.907,,direct,0.023299999999999987
deepseek-ai/DeepSeek-R1,lt,Lithuanian,Latn,alphabet,1.0,1.0,,direct,0.0
deepseek-ai/DeepSeek-R1,ltg,Latgalian,Latn,alphabet,0.9429,0.9543,,direct,0.011400000000000077
deepseek-ai/DeepSeek-R1,lu,Luba-Katanga,Latn,alphabet,1.0,1.0,,direct,0.0
deepseek-ai/DeepSeek-R1,luo,Luo,Latn,alphabet,1.0,1.0,,direct,0.0
deepseek-ai/DeepSeek-R1,luy,Luyia,Latn,alphabet,1.0,1.0,,direct,0.0
deepseek-ai/DeepSeek-R1,lv,Latvian,Latn,alphabet,0.9394,0.9515,,direct,0.0121
deepseek-ai/DeepSeek-R1,mai,Maithili,Deva,abugida,0.9356,0.9444,,direct,0.00880000000000003
deepseek-ai/DeepSeek-R1,mas,Masai,Latn,alphabet,0.9574,0.966,,direct,0.008599999999999941
deepseek-ai/DeepSeek-R1,mdf,Moksha,Cyrl,alphabet,1.0,1.0,,direct,0.0
deepseek-ai/DeepSeek-R1,mer,Meru,Latn,alphabet,1.0,1.0,,direct,0.0
deepseek-ai/DeepSeek-R1,mfe,Morisyen,Latn,alphabet,1.0,1.0,,direct,0.0
deepseek-ai/DeepSeek-R1,mg,Malagasy,Latn,alphabet,1.0,1.0,,direct,0.0
deepseek-ai/DeepSeek-R1,mgh,Makhuwa-Meetto,Latn,alphabet,1.0,1.0,,direct,0.0
deepseek-ai/DeepSeek-R1,mgo,Metaʼ,Latn,alphabet,1.0,1.0,,direct,0.0
deepseek-ai/DeepSeek-R1,mhn,mhn,Latn,alphabet,1.0,1.0,,direct,0.0
deepseek-ai/DeepSeek-R1,mi,Māori,Latn,alphabet,1.0,1.0,,direct,0.0
deepseek-ai/DeepSeek-R1,mic,Mi'kmaw,Latn,alphabet,0.9545,0.9636,,direct,0.009099999999999997
deepseek-ai/DeepSeek-R1,mk,Macedonian,Cyrl,alphabet,0.9677,0.9742,,direct,0.00649999999999995
deepseek-ai/DeepSeek-R1,ml,Malayalam,Mlym,abugida,0.3549,0.4804,,direct,0.1255
deepseek-ai/DeepSeek-R1,mn,Mongolian,Cyrl,alphabet,1.0,1.0,,direct,0.0
deepseek-ai/DeepSeek-R1,mni,Manipuri,Beng,abugida,0.9169,0.9305,,direct,0.013599999999999945
deepseek-ai/DeepSeek-R1,moh,Mohawk,Latn,alphabet,1.0,1.0,,direct,0.0
deepseek-ai/DeepSeek-R1,mr,Marathi,Deva,abugida,0.825,0.8562,,direct,0.031200000000000006
deepseek-ai/DeepSeek-R1,ms,Malay,Latn,alphabet,1.0,1.0,,direct,0.0
deepseek-ai/DeepSeek-R1,mt,Maltese,Latn,alphabet,0.9394,0.9515,,direct,0.0121
deepseek-ai/DeepSeek-R1,mua,Mundang,Latn,alphabet,0.8788,0.903,,direct,0.0242
deepseek-ai/DeepSeek-R1,mus,Muscogee,Latn,alphabet,1.0,1.0,,direct,0.0
deepseek-ai/DeepSeek-R1,my,Burmese,Mymr,abugida,0.4133,0.5267,,direct,0.11339999999999995
deepseek-ai/DeepSeek-R1,myv,Erzya,Cyrl,alphabet,1.0,1.0,,direct,0.0
deepseek-ai/DeepSeek-R1,mzn,Mazanderani,Arab,abjad,1.0,1.0,,direct,0.0
deepseek-ai/DeepSeek-R1,naq,Nama,Latn,alphabet,0.871,0.8968,,direct,0.025800000000000045
deepseek-ai/DeepSeek-R1,nd,North Ndebele,Latn,alphabet,1.0,1.0,,direct,0.0
deepseek-ai/DeepSeek-R1,nds,Low German,Latn,alphabet,1.0,1.0,,direct,0.0
deepseek-ai/DeepSeek-R1,ne,Nepali,Deva,abugida,0.8134,0.8463,,direct,0.03290000000000004
deepseek-ai/DeepSeek-R1,nl,Dutch,Latn,alphabet,1.0,1.0,,direct,0.0
deepseek-ai/DeepSeek-R1,nmg,Kwasio,Latn,alphabet,0.9298,0.9439,,direct,0.014100000000000001
deepseek-ai/DeepSeek-R1,nnh,Ngiemboon,Latn,alphabet,0.9259,0.9407,,direct,0.014800000000000035
deepseek-ai/DeepSeek-R1,no,Norwegian,Latn,alphabet,1.0,1.0,,direct,0.0
deepseek-ai/DeepSeek-R1,nqo,N’Ko,Nkoo,alphabet,0.0,0.2,,direct,0.2
deepseek-ai/DeepSeek-R1,nr,South Ndebele,Latn,alphabet,1.0,1.0,,direct,0.0
deepseek-ai/DeepSeek-R1,nso,Northern Sotho,Latn,alphabet,1.0,1.0,,direct,0.0
deepseek-ai/DeepSeek-R1,nus,Nuer,Latn,alphabet,0.9722,0.9778,,direct,0.005600000000000049
deepseek-ai/DeepSeek-R1,nv,Navajo,Latn,alphabet,0.9677,0.9742,,direct,0.00649999999999995
deepseek-ai/DeepSeek-R1,ny,Nyanja,Latn,alphabet,0.9583,0.9667,,direct,0.008399999999999963
deepseek-ai/DeepSeek-R1,nyn,Nyankole,Latn,alphabet,1.0,1.0,,direct,0.0
deepseek-ai/DeepSeek-R1,oc,Occitan,Latn,alphabet,1.0,1.0,,direct,0.0
deepseek-ai/DeepSeek-R1,om,Oromo,Latn,alphabet,1.0,1.0,,direct,0.0
deepseek-ai/DeepSeek-R1,or,Odia,Orya,abugida,0.1565,0.3242,,direct,0.1677
deepseek-ai/DeepSeek-R1,os,Ossetic,Cyrl,alphabet,0.9706,0.9765,,direct,0.005900000000000016
deepseek-ai/DeepSeek-R1,osa,Osage,Osge,alphabet,0.075,0.26,,direct,0.185
deepseek-ai/DeepSeek-R1,pa,Punjabi,Guru,abugida,0.3456,0.4721,,direct,0.1265
deepseek-ai/DeepSeek-R1,pap,Papiamento,Latn,alphabet,1.0,1.0,,direct,0.0
deepseek-ai/DeepSeek-R1,pcm,Nigerian Pidgin,Latn,alphabet,0.9688,0.975,,direct,0.006199999999999983
deepseek-ai/DeepSeek-R1,pis,Pijin,Latn,alphabet,1.0,1.0,,direct,0.0
deepseek-ai/DeepSeek-R1,pl,Polish,Latn,alphabet,1.0,1.0,,direct,0.0
deepseek-ai/DeepSeek-R1,prg,Prussian,Latn,alphabet,0.8974,0.9179,,direct,0.020500000000000074
deepseek-ai/DeepSeek-R1,ps,Pashto,Arab,abjad,0.8167,0.8533,,direct,0.036599999999999966
deepseek-ai/DeepSeek-R1,pt,Portuguese,Latn,alphabet,1.0,1.0,,direct,0.0
deepseek-ai/DeepSeek-R1,qu,Quechua,Latn,alphabet,1.0,1.0,,direct,0.0
deepseek-ai/DeepSeek-R1,quc,Kʼicheʼ,Latn,alphabet,1.0,1.0,,direct,0.0
deepseek-ai/DeepSeek-R1,raj,Rajasthani,Deva,abugida,0.9143,0.9265,,direct,0.012199999999999989
deepseek-ai/DeepSeek-R1,rhg,Rohingya,Rohg,abjad,0.0,0.2,,direct,0.2
deepseek-ai/DeepSeek-R1,rif,Riffian,Latn,alphabet,0.9677,0.9742,,direct,0.00649999999999995
deepseek-ai/DeepSeek-R1,rm,Romansh,Latn,alphabet,1.0,1.0,,direct,0.0
deepseek-ai/DeepSeek-R1,rn,Rundi,Latn,alphabet,1.0,1.0,,direct,0.0
deepseek-ai/DeepSeek-R1,ro,Romanian,Latn,alphabet,1.0,1.0,,direct,0.0
deepseek-ai/DeepSeek-R1,rof,Rombo,Latn,alphabet,1.0,1.0,,direct,0.0
deepseek-ai/DeepSeek-R1,ru,Russian,Cyrl,alphabet,1.0,1.0,,direct,0.0
deepseek-ai/DeepSeek-R1,rw,Kinyarwanda,Latn,alphabet,1.0,1.0,,direct,0.0
deepseek-ai/DeepSeek-R1,rwk,Rwa,Latn,alphabet,1.0,1.0,,direct,0.0
deepseek-ai/DeepSeek-R1,sa,Sanskrit,Deva,abugida,0.7643,0.8071,,direct,0.04280000000000006
deepseek-ai/DeepSeek-R1,sah,Yakut,Cyrl,alphabet,0.9231,0.9385,,direct,0.01539999999999997
deepseek-ai/DeepSeek-R1,saq,Samburu,Latn,alphabet,1.0,1.0,,direct,0.0
deepseek-ai/DeepSeek-R1,sat,Santali,Olck,alphabet,0.1111,0.2889,,direct,0.17779999999999999
deepseek-ai/DeepSeek-R1,sbp,Sangu,Latn,alphabet,1.0,1.0,,direct,0.0
deepseek-ai/DeepSeek-R1,sc,Sardinian,Latn,alphabet,1.0,1.0,,direct,0.0
deepseek-ai/DeepSeek-R1,scn,Sicilian,Latn,alphabet,1.0,1.0,,direct,0.0
deepseek-ai/DeepSeek-R1,sd,Sindhi,Arab,abjad,0.6538,0.7231,,direct,0.06929999999999992
deepseek-ai/DeepSeek-R1,sdh,Southern Kurdish,Arab,abjad,0.9118,0.9294,,direct,0.01759999999999995
deepseek-ai/DeepSeek-R1,se,Northern Sami,Latn,alphabet,0.9655,0.9724,,direct,0.006900000000000017
deepseek-ai/DeepSeek-R1,seh,Sena,Latn,alphabet,1.0,1.0,,direct,0.0
deepseek-ai/DeepSeek-R1,ses,Koyraboro Senni,Latn,alphabet,0.9688,0.975,,direct,0.006199999999999983
deepseek-ai/DeepSeek-R1,sg,Sango,Latn,alphabet,1.0,1.0,,direct,0.0
deepseek-ai/DeepSeek-R1,shi,Tachelhit,Tfng,alphabet,0.0,0.2,,direct,0.2
deepseek-ai/DeepSeek-R1,shn,Shan,Mymr,abugida,0.4,0.5174,,direct,0.11739999999999995
deepseek-ai/DeepSeek-R1,si,Sinhala,Sinh,abugida,0.2973,0.4378,,direct,0.1405
deepseek-ai/DeepSeek-R1,sid,Sidamo,Latn,alphabet,1.0,1.0,,direct,0.0
deepseek-ai/DeepSeek-R1,sk,Slovak,Latn,alphabet,0.9535,0.9628,,direct,0.009299999999999975
deepseek-ai/DeepSeek-R1,skr,skr,Arab,abjad,0.8571,0.8857,,direct,0.02860000000000007
deepseek-ai/DeepSeek-R1,sl,Slovenian,Latn,alphabet,1.0,1.0,,direct,0.0
deepseek-ai/DeepSeek-R1,sma,Southern Sami,Latn,alphabet,1.0,1.0,,direct,0.0
deepseek-ai/DeepSeek-R1,smj,Lule Sami,Latn,alphabet,1.0,1.0,,direct,0.0
deepseek-ai/DeepSeek-R1,smn,Inari Sami,Latn,alphabet,1.0,1.0,,direct,0.0
deepseek-ai/DeepSeek-R1,sms,Skolt Sami,Latn,alphabet,0.8889,0.9111,,direct,0.022199999999999998
deepseek-ai/DeepSeek-R1,sn,Shona,Latn,alphabet,1.0,1.0,,direct,0.0
deepseek-ai/DeepSeek-R1,so,Somali,Latn,alphabet,1.0,1.0,,direct,0.0
deepseek-ai/DeepSeek-R1,sq,Albanian,Latn,alphabet,1.0,1.0,,direct,0.0
deepseek-ai/DeepSeek-R1,sr,Serbian,Cyrl,alphabet,0.9667,0.9733,,direct,0.00660000000000005
deepseek-ai/DeepSeek-R1,ss,Swati,Latn,alphabet,1.0,1.0,,direct,0.0
deepseek-ai/DeepSeek-R1,ssy,Saho,Latn,alphabet,1.0,1.0,,direct,0.0
deepseek-ai/DeepSeek-R1,st,Southern Sotho,Latn,alphabet,1.0,1.0,,direct,0.0
deepseek-ai/DeepSeek-R1,su,Sundanese,Latn,alphabet,1.0,1.0,,direct,0.0
deepseek-ai/DeepSeek-R1,sv,Swedish,Latn,alphabet,1.0,1.0,,direct,0.0
deepseek-ai/DeepSeek-R1,sw,Swahili,Latn,alphabet,1.0,1.0,,direct,0.0
deepseek-ai/DeepSeek-R1,syr,Syriac,Syrc,abjad,0.0,0.2,,direct,0.2
deepseek-ai/DeepSeek-R1,szl,Silesian,Latn,alphabet,1.0,1.0,,direct,0.0
deepseek-ai/DeepSeek-R1,ta,Tamil,Taml,abugida,0.6915,0.7468,,direct,0.055300000000000016
deepseek-ai/DeepSeek-R1,te,Telugu,Telu,abugida,0.4871,0.5871,,direct,0.09999999999999998
deepseek-ai/DeepSeek-R1,teo,Teso,Latn,alphabet,1.0,1.0,,direct,0.0
deepseek-ai/DeepSeek-R1,tg,Tajik,Cyrl,alphabet,0.9143,0.9314,,direct,0.017100000000000004
deepseek-ai/DeepSeek-R1,th,Thai,Thai,abugida,0.9041,0.9233,,direct,0.019199999999999995
deepseek-ai/DeepSeek-R1,ti,Tigrinya,Ethi,syllabary,0.0,0.2,,within_script_only,0.2
deepseek-ai/DeepSeek-R1,tig,Tigre,Ethi,syllabary,0.0,0.2,,within_script_only,0.2
deepseek-ai/DeepSeek-R1,tk,Turkmen,Latn,alphabet,1.0,1.0,,direct,0.0
deepseek-ai/DeepSeek-R1,tn,Tswana,Latn,alphabet,1.0,1.0,,direct,0.0
deepseek-ai/DeepSeek-R1,to,Tongan,Latn,alphabet,1.0,1.0,,direct,0.0
deepseek-ai/DeepSeek-R1,tok,Toki Pona,Latn,alphabet,1.0,1.0,,direct,0.0
deepseek-ai/DeepSeek-R1,tpi,Tok Pisin,Latn,alphabet,1.0,1.0,,direct,0.0
deepseek-ai/DeepSeek-R1,tr,Turkish,Latn,alphabet,1.0,1.0,,direct,0.0
deepseek-ai/DeepSeek-R1,trv,Taroko,Latn,alphabet,1.0,1.0,,direct,0.0
deepseek-ai/DeepSeek-R1,trw,Torwali,Arab,abjad,0.875,0.9,,direct,0.025000000000000022
deepseek-ai/DeepSeek-R1,ts,Tsonga,Latn,alphabet,1.0,1.0,,direct,0.0
deepseek-ai/DeepSeek-R1,tt,Tatar,Cyrl,alphabet,0.9923,0.9923,,direct,0.0
deepseek-ai/DeepSeek-R1,twq,Tasawaq,Latn,alphabet,0.9688,0.975,,direct,0.006199999999999983
deepseek-ai/DeepSeek-R1,tyv,Tuvinian,Cyrl,alphabet,1.0,1.0,,direct,0.0
deepseek-ai/DeepSeek-R1,tzm,Central Atlas Tamazight,Latn,alphabet,0.9677,0.9742,,direct,0.00649999999999995
deepseek-ai/DeepSeek-R1,ug,Uyghur,Arab,abjad,0.9118,0.9294,,direct,0.01759999999999995
deepseek-ai/DeepSeek-R1,uk,Ukrainian,Cyrl,alphabet,0.9706,0.9765,,direct,0.005900000000000016
deepseek-ai/DeepSeek-R1,ur,Urdu,Arab,abjad,1.0,1.0,,direct,0.0
deepseek-ai/DeepSeek-R1,uz,Uzbek,Latn,alphabet,1.0,1.0,,direct,0.0
deepseek-ai/DeepSeek-R1,vai,Vai,Vaii,syllabary,0.0,0.2,,within_script_only,0.2
deepseek-ai/DeepSeek-R1,ve,Venda,Latn,alphabet,0.8214,0.8571,,direct,0.035699999999999954
deepseek-ai/DeepSeek-R1,vec,Venetian,Latn,alphabet,1.0,1.0,,direct,0.0
deepseek-ai/DeepSeek-R1,vi,Vietnamese,Latn,alphabet,0.918,0.9337,,direct,0.015699999999999936
deepseek-ai/DeepSeek-R1,vmw,Makhuwa,Latn,alphabet,1.0,1.0,,direct,0.0
deepseek-ai/DeepSeek-R1,vo,Volapük,Latn,alphabet,1.0,1.0,,direct,0.0
deepseek-ai/DeepSeek-R1,vun,Vunjo,Latn,alphabet,1.0,1.0,,direct,0.0
deepseek-ai/DeepSeek-R1,wa,Walloon,Latn,alphabet,1.0,1.0,,direct,0.0
deepseek-ai/DeepSeek-R1,wae,Walser,Latn,alphabet,1.0,1.0,,direct,0.0
deepseek-ai/DeepSeek-R1,wal,Wolaytta,Ethi,syllabary,0.0,0.2,,within_script_only,0.2
deepseek-ai/DeepSeek-R1,wbp,Warlpiri,Latn,alphabet,1.0,1.0,,direct,0.0
deepseek-ai/DeepSeek-R1,wo,Wolof,Latn,alphabet,1.0,1.0,,direct,0.0
deepseek-ai/DeepSeek-R1,xh,Xhosa,Latn,alphabet,1.0,1.0,,direct,0.0
deepseek-ai/DeepSeek-R1,xnr,Kangri,Deva,abugida,0.8258,0.8561,,direct,0.030299999999999994
deepseek-ai/DeepSeek-R1,xog,Soga,Latn,alphabet,1.0,1.0,,direct,0.0
deepseek-ai/DeepSeek-R1,yav,Yangben,Latn,alphabet,1.0,1.0,,direct,0.0
deepseek-ai/DeepSeek-R1,yi,Yiddish,Hebr,abjad,0.9029,0.9206,,direct,0.017699999999999938
deepseek-ai/DeepSeek-R1,yo,Yoruba,Latn,alphabet,0.925,0.94,,direct,0.014999999999999902
deepseek-ai/DeepSeek-R1,yrl,Nheengatu,Latn,alphabet,1.0,1.0,,direct,0.0
deepseek-ai/DeepSeek-R1,yue,Cantonese,Hant,logographic,0.9263,0.9411,,within_script_only,0.014800000000000035
deepseek-ai/DeepSeek-R1,za,Zhuang,Latn,alphabet,1.0,1.0,,direct,0.0
deepseek-ai/DeepSeek-R1,zgh,Standard Moroccan Tamazight,Tfng,alphabet,0.0,0.2,,direct,0.2
deepseek-ai/DeepSeek-R1,zh,Chinese,Hans,logographic,0.991,0.9928,,within_script_only,0.0018000000000000238
deepseek-ai/DeepSeek-R1,zu,Zulu,Latn,alphabet,1.0,1.0,,direct,0.0
deepseek-ai/DeepSeek-V2,aa,Afar,Latn,alphabet,1.0,1.0,,direct,0.0
deepseek-ai/DeepSeek-V2,ab,Abkhazian,Cyrl,alphabet,0.65,0.72,,direct,0.06999999999999995
deepseek-ai/DeepSeek-V2,af,Afrikaans,Latn,alphabet,1.0,1.0,,direct,0.0
deepseek-ai/DeepSeek-V2,agq,Aghem,Latn,alphabet,0.7885,0.8308,,direct,0.042300000000000004
deepseek-ai/DeepSeek-V2,ak,Akan,Latn,alphabet,1.0,1.0,,direct,0.0
deepseek-ai/DeepSeek-V2,am,Amharic,Ethi,syllabary,0.0,0.2,,within_script_only,0.2
deepseek-ai/DeepSeek-V2,an,Aragonese,Latn,alphabet,1.0,1.0,,direct,0.0
deepseek-ai/DeepSeek-V2,ann,Obolo,Latn,alphabet,0.8974,0.9179,,direct,0.020500000000000074
deepseek-ai/DeepSeek-V2,apc,apc,Arab,abjad,0.5111,0.6089,,direct,0.0978
deepseek-ai/DeepSeek-V2,ar,Arabic,Arab,abjad,0.5111,0.6089,,direct,0.0978
deepseek-ai/DeepSeek-V2,arn,Mapuche,Latn,alphabet,0.88,0.904,,direct,0.02400000000000002
deepseek-ai/DeepSeek-V2,as,Assamese,Beng,abugida,0.0,0.2,,direct,0.2
deepseek-ai/DeepSeek-V2,asa,Asu,Latn,alphabet,1.0,1.0,,direct,0.0
deepseek-ai/DeepSeek-V2,ast,Asturian,Latn,alphabet,0.9375,0.95,,direct,0.012499999999999956
deepseek-ai/DeepSeek-V2,az,Azerbaijani,Latn,alphabet,0.9697,0.9758,,direct,0.006099999999999994
deepseek-ai/DeepSeek-V2,ba,Bashkir,Cyrl,alphabet,0.7857,0.8286,,direct,0.04290000000000005
deepseek-ai/DeepSeek-V2,bal,Baluchi,Arab,abjad,0.5758,0.6606,,direct,0.08479999999999999
deepseek-ai/DeepSeek-V2,bas,Basaa,Latn,alphabet,0.8065,0.8452,,direct,0.03869999999999996
deepseek-ai/DeepSeek-V2,be,Belarusian,Cyrl,alphabet,0.9688,0.975,,direct,0.006199999999999983
deepseek-ai/DeepSeek-V2,bem,Bemba,Latn,alphabet,1.0,1.0,,direct,0.0
deepseek-ai/DeepSeek-V2,bew,Betawi,Latn,alphabet,0.9655,0.9724,,direct,0.006900000000000017
deepseek-ai/DeepSeek-V2,bez,Bena,Latn,alphabet,1.0,1.0,,direct,0.0
deepseek-ai/DeepSeek-V2,bg,Bulgarian,Cyrl,alphabet,1.0,1.0,,direct,0.0
deepseek-ai/DeepSeek-V2,bgc,Haryanvi,Deva,abugida,0.2241,0.3793,,direct,0.15520000000000003
deepseek-ai/DeepSeek-V2,bgn,Western Balochi,Arab,abjad,0.5676,0.6541,,direct,0.08650000000000002
deepseek-ai/DeepSeek-V2,bho,Bhojpuri,Deva,abugida,0.2708,0.4167,,direct,0.14590000000000003
deepseek-ai/DeepSeek-V2,blo,Anii,Latn,alphabet,0.8571,0.8857,,direct,0.02860000000000007
deepseek-ai/DeepSeek-V2,blt,Tai Dam,Tavt,abugida,0.0,0.2,,direct,0.2
deepseek-ai/DeepSeek-V2,bm,Bambara,Latn,alphabet,0.9259,0.9407,,direct,0.014800000000000035
deepseek-ai/DeepSeek-V2,bn,Bangla,Beng,abugida,0.0,0.2,,direct,0.2
deepseek-ai/DeepSeek-V2,bo,Tibetan,Tibt,abugida,0.0,0.2,,direct,0.2
deepseek-ai/DeepSeek-V2,br,Breton,Latn,alphabet,0.9655,0.9724,,direct,0.006900000000000017
deepseek-ai/DeepSeek-V2,brx,Bodo,Deva,abugida,0.2131,0.3705,,direct,0.15739999999999998
deepseek-ai/DeepSeek-V2,bs,Bosnian,Latn,alphabet,0.9889,0.9889,,direct,0.0
deepseek-ai/DeepSeek-V2,bss,Akoose,Latn,alphabet,0.8077,0.8462,,direct,0.03849999999999998
deepseek-ai/DeepSeek-V2,byn,Blin,Ethi,syllabary,0.0,0.2,,within_script_only,0.2
deepseek-ai/DeepSeek-V2,ca,Catalan,Latn,alphabet,1.0,1.0,,direct,0.0
deepseek-ai/DeepSeek-V2,cad,Caddo,Latn,alphabet,0.9333,0.9467,,direct,0.013399999999999967
deepseek-ai/DeepSeek-V2,cch,Atsam,Latn,alphabet,0.8571,0.8857,,direct,0.02860000000000007
deepseek-ai/DeepSeek-V2,ccp,Chakma,Cakm,abugida,0.0,0.2,,direct,0.2
deepseek-ai/DeepSeek-V2,ce,Chechen,Cyrl,alphabet,0.9706,0.9765,,direct,0.005900000000000016
deepseek-ai/DeepSeek-V2,ceb,Cebuano,Latn,alphabet,1.0,1.0,,direct,0.0
deepseek-ai/DeepSeek-V2,cgg,Chiga,Latn,alphabet,1.0,1.0,,direct,0.0
deepseek-ai/DeepSeek-V2,cho,Choctaw,Latn,alphabet,0.9048,0.9238,,direct,0.018999999999999906
deepseek-ai/DeepSeek-V2,chr,Cherokee,Cher,syllabary,0.0,0.2,,within_script_only,0.2
deepseek-ai/DeepSeek-V2,cic,Chickasaw,Latn,alphabet,0.8947,0.9158,,direct,0.021099999999999897
deepseek-ai/DeepSeek-V2,ckb,Central Kurdish,Arab,abjad,0.697,0.7576,,direct,0.0606000000000001
deepseek-ai/DeepSeek-V2,co,Corsican,Latn,alphabet,1.0,1.0,,direct,0.0
deepseek-ai/DeepSeek-V2,cop,Coptic,Copt,alphabet,0.0,0.2,,direct,0.2
deepseek-ai/DeepSeek-V2,cs,Czech,Latn,alphabet,1.0,1.0,,direct,0.0
deepseek-ai/DeepSeek-V2,csw,Swampy Cree,Cans,syllabary,0.0,0.2,,within_script_only,0.2
deepseek-ai/DeepSeek-V2,cu,Church Slavic,Cyrl,alphabet,0.4444,0.5556,,direct,0.11119999999999997
deepseek-ai/DeepSeek-V2,cv,Chuvash,Cyrl,alphabet,0.8919,0.9135,,direct,0.021599999999999953
deepseek-ai/DeepSeek-V2,cy,Welsh,Latn,alphabet,0.8571,0.8857,,direct,0.02860000000000007
deepseek-ai/DeepSeek-V2,da,Danish,Latn,alphabet,1.0,1.0,,direct,0.0
deepseek-ai/DeepSeek-V2,dav,Taita,Latn,alphabet,1.0,1.0,,direct,0.0
deepseek-ai/DeepSeek-V2,de,German,Latn,alphabet,1.0,1.0,,direct,0.0
deepseek-ai/DeepSeek-V2,dje,Zarma,Latn,alphabet,0.9062,0.925,,direct,0.01880000000000004
deepseek-ai/DeepSeek-V2,doi,Dogri,Deva,abugida,0.1857,0.3486,,direct,0.16290000000000002
deepseek-ai/DeepSeek-V2,dsb,Lower Sorbian,Latn,alphabet,0.9459,0.9568,,direct,0.01090000000000002
deepseek-ai/DeepSeek-V2,dua,Duala,Latn,alphabet,0.9091,0.9273,,direct,0.018199999999999994
deepseek-ai/DeepSeek-V2,dv,Divehi,Thaa,abjad,0.0,0.2,,direct,0.2
deepseek-ai/DeepSeek-V2,dyo,Jola-Fonyi,Latn,alphabet,0.9688,0.975,,direct,0.006199999999999983
deepseek-ai/DeepSeek-V2,dz,Dzongkha,Tibt,abugida,0.0,0.2,,direct,0.2
deepseek-ai/DeepSeek-V2,ebu,Embu,Latn,alphabet,0.9286,0.9429,,direct,0.01429999999999998
deepseek-ai/DeepSeek-V2,ee,Ewe,Latn,alphabet,0.8125,0.85,,direct,0.03749999999999998
deepseek-ai/DeepSeek-V2,el,Greek,Grek,alphabet,0.8333,0.8667,,direct,0.033399999999999985
deepseek-ai/DeepSeek-V2,en,English,Latn,alphabet,1.0,1.0,,direct,0.0
deepseek-ai/DeepSeek-V2,eo,Esperanto,Latn,alphabet,0.7857,0.8286,,direct,0.04290000000000005
deepseek-ai/DeepSeek-V2,es,Spanish,Latn,alphabet,1.0,1.0,,direct,0.0
deepseek-ai/DeepSeek-V2,et,Estonian,Latn,alphabet,1.0,1.0,,direct,0.0
deepseek-ai/DeepSeek-V2,eu,Basque,Latn,alphabet,1.0,1.0,,direct,0.0
deepseek-ai/DeepSeek-V2,ewo,Ewondo,Latn,alphabet,0.8462,0.8769,,direct,0.03070000000000006
deepseek-ai/DeepSeek-V2,fa,Persian,Arab,abjad,0.5581,0.6465,,direct,0.08839999999999992
deepseek-ai/DeepSeek-V2,ff,Fula,Latn,alphabet,0.8519,0.8815,,direct,0.02959999999999996
deepseek-ai/DeepSeek-V2,fi,Finnish,Latn,alphabet,1.0,1.0,,direct,0.0
deepseek-ai/DeepSeek-V2,fil,Filipino,Latn,alphabet,1.0,1.0,,direct,0.0
deepseek-ai/DeepSeek-V2,fo,Faroese,Latn,alphabet,1.0,1.0,,direct,0.0
deepseek-ai/DeepSeek-V2,fr,French,Latn,alphabet,0.9762,0.981,,direct,0.0048000000000000265
deepseek-ai/DeepSeek-V2,frr,Northern Frisian,Latn,alphabet,0.9893,0.9893,,direct,0.0
deepseek-ai/DeepSeek-V2,fur,Friulian,Latn,alphabet,1.0,1.0,,direct,0.0
deepseek-ai/DeepSeek-V2,fy,Western Frisian,Latn,alphabet,1.0,1.0,,direct,0.0
deepseek-ai/DeepSeek-V2,ga,Irish,Latn,alphabet,1.0,1.0,,direct,0.0
deepseek-ai/DeepSeek-V2,gaa,Ga,Latn,alphabet,0.9615,0.9692,,direct,0.007699999999999929
deepseek-ai/DeepSeek-V2,gd,Scottish Gaelic,Latn,alphabet,1.0,1.0,,direct,0.0
deepseek-ai/DeepSeek-V2,gez,Geez,Ethi,syllabary,0.0,0.2,,within_script_only,0.2
deepseek-ai/DeepSeek-V2,gl,Galician,Latn,alphabet,1.0,1.0,,direct,0.0
deepseek-ai/DeepSeek-V2,gn,Guarani,Latn,alphabet,0.8,0.84,,direct,0.039999999999999925
deepseek-ai/DeepSeek-V2,gsw,Swiss German,Latn,alphabet,1.0,1.0,,direct,0.0
deepseek-ai/DeepSeek-V2,gu,Gujarati,Gujr,abugida,0.0,0.2,,direct,0.2
deepseek-ai/DeepSeek-V2,guz,Gusii,Latn,alphabet,1.0,1.0,,direct,0.0
deepseek-ai/DeepSeek-V2,gv,Manx,Latn,alphabet,1.0,1.0,,direct,0.0
deepseek-ai/DeepSeek-V2,ha,Hausa,Latn,alphabet,0.8148,0.8519,,direct,0.03710000000000002
deepseek-ai/DeepSeek-V2,haw,Hawaiian,Latn,alphabet,0.9444,0.9556,,direct,0.011199999999999988
deepseek-ai/DeepSeek-V2,he,Hebrew,Hebr,abjad,0.5556,0.6444,,direct,0.08879999999999999
deepseek-ai/DeepSeek-V2,hi,Hindi,Deva,abugida,0.194,0.3552,,direct,0.1612
deepseek-ai/DeepSeek-V2,hnj,Hmong Njua,Hmnp,alphabet,0.0,0.2,,direct,0.2
deepseek-ai/DeepSeek-V2,hr,Croatian,Latn,alphabet,0.9889,0.9889,,direct,0.0
deepseek-ai/DeepSeek-V2,hsb,Upper Sorbian,Latn,alphabet,0.9722,0.9778,,direct,0.005600000000000049
deepseek-ai/DeepSeek-V2,ht,Haitian Creole,Latn,alphabet,1.0,1.0,,direct,0.0
deepseek-ai/DeepSeek-V2,hu,Hungarian,Latn,alphabet,0.9688,0.975,,direct,0.006199999999999983
deepseek-ai/DeepSeek-V2,hy,Armenian,Armn,alphabet,0.0,0.2,,direct,0.2
deepseek-ai/DeepSeek-V2,ia,Interlingua,Latn,alphabet,1.0,1.0,,direct,0.0
deepseek-ai/DeepSeek-V2,id,Indonesian,Latn,alphabet,1.0,1.0,,direct,0.0
deepseek-ai/DeepSeek-V2,ie,Interlingue,Latn,alphabet,1.0,1.0,,direct,0.0
deepseek-ai/DeepSeek-V2,ig,Igbo,Latn,alphabet,0.8571,0.8857,,direct,0.02860000000000007
deepseek-ai/DeepSeek-V2,ii,Sichuan Yi,Yiii,syllabary,0.0,0.2,,within_script_only,0.2
deepseek-ai/DeepSeek-V2,io,Ido,Latn,alphabet,1.0,1.0,,direct,0.0
deepseek-ai/DeepSeek-V2,is,Icelandic,Latn,alphabet,1.0,1.0,,direct,0.0
deepseek-ai/DeepSeek-V2,it,Italian,Latn,alphabet,1.0,1.0,,direct,0.0
deepseek-ai/DeepSeek-V2,iu,Inuktitut,Cans,syllabary,0.0,0.2,,within_script_only,0.2
deepseek-ai/DeepSeek-V2,ja,Japanese,Jpan,mixed_logographic,0.5846,0.6677,,within_script_only,0.08309999999999995
deepseek-ai/DeepSeek-V2,jbo,Lojban,Latn,alphabet,1.0,1.0,,direct,0.0
deepseek-ai/DeepSeek-V2,jgo,Ngomba,Latn,alphabet,0.7111,0.7689,,direct,0.057800000000000074
deepseek-ai/DeepSeek-V2,jmc,Machame,Latn,alphabet,1.0,1.0,,direct,0.0
deepseek-ai/DeepSeek-V2,jv,Javanese,Latn,alphabet,1.0,1.0,,direct,0.0
deepseek-ai/DeepSeek-V2,ka,Georgian,Geor,alphabet,0.0909,0.2727,,direct,0.18180000000000002
deepseek-ai/DeepSeek-V2,kaa,Kara-Kalpak,Cyrl,alphabet,0.8049,0.8439,,direct,0.039000000000000035
deepseek-ai/DeepSeek-V2,kab,Kabyle,Latn,alphabet,0.7647,0.8118,,direct,0.04709999999999992
deepseek-ai/DeepSeek-V2,kaj,Jju,Latn,alphabet,1.0,1.0,,direct,0.0
deepseek-ai/DeepSeek-V2,kam,Kamba,Latn,alphabet,0.9259,0.9407,,direct,0.014800000000000035
deepseek-ai/DeepSeek-V2,kcg,Tyap,Latn,alphabet,0.96,0.968,,direct,0.008000000000000007
deepseek-ai/DeepSeek-V2,kde,Makonde,Latn,alphabet,1.0,1.0,,direct,0.0
deepseek-ai/DeepSeek-V2,kea,Kabuverdianu,Latn,alphabet,1.0,1.0,,direct,0.0
deepseek-ai/DeepSeek-V2,ken,Kenyang,Latn,alphabet,0.8293,0.8634,,direct,0.03409999999999991
deepseek-ai/DeepSeek-V2,kgp,Kaingang,Latn,alphabet,0.8462,0.8769,,direct,0.03070000000000006
deepseek-ai/DeepSeek-V2,khq,Koyra Chiini,Latn,alphabet,0.9062,0.925,,direct,0.01880000000000004
deepseek-ai/DeepSeek-V2,ki,Kikuyu,Latn,alphabet,0.9,0.92,,direct,0.020000000000000018
deepseek-ai/DeepSeek-V2,kk,Kazakh,Cyrl,alphabet,0.8095,0.8476,,direct,0.03810000000000002
deepseek-ai/DeepSeek-V2,kkj,Kako,Latn,alphabet,0.8936,0.9149,,direct,0.021300000000000097
deepseek-ai/DeepSeek-V2,kl,Kalaallisut,Latn,alphabet,1.0,1.0,,direct,0.0
deepseek-ai/DeepSeek-V2,kln,Kalenjin,Latn,alphabet,1.0,1.0,,direct,0.0
deepseek-ai/DeepSeek-V2,km,Khmer,Khmr,abugida,0.0,0.2,,direct,0.2
deepseek-ai/DeepSeek-V2,kn,Kannada,Knda,abugida,0.0,0.2,,direct,0.2
deepseek-ai/DeepSeek-V2,ko,Korean,Kore,featural_syllabary,0.0013,0.2011,0.2,within_script_only,0.1998
deepseek-ai/DeepSeek-V2,kok,Konkani,Deva,abugida,0.1688,0.3351,,direct,0.1663
deepseek-ai/DeepSeek-V2,kpe,Kpelle,Latn,alphabet,0.8276,0.8621,,direct,0.034499999999999975
deepseek-ai/DeepSeek-V2,ks,Kashmiri,Arab,abjad,0.4783,0.5826,,direct,0.1043
deepseek-ai/DeepSeek-V2,ksb,Shambala,Latn,alphabet,1.0,1.0,,direct,0.0
deepseek-ai/DeepSeek-V2,ksf,Bafia,Latn,alphabet,0.9412,0.9529,,direct,0.011699999999999933
deepseek-ai/DeepSeek-V2,ksh,Colognian,Latn,alphabet,1.0,1.0,,direct,0.0
deepseek-ai/DeepSeek-V2,ku,Kurdish,Latn,alphabet,1.0,1.0,,direct,0.0
deepseek-ai/DeepSeek-V2,kw,Cornish,Latn,alphabet,1.0,1.0,,direct,0.0
deepseek-ai/DeepSeek-V2,kxv,Kuvi,Latn,alphabet,0.8182,0.8545,,direct,0.0363
deepseek-ai/DeepSeek-V2,ky,Kyrgyz,Cyrl,alphabet,0.9032,0.9226,,direct,0.019399999999999973
deepseek-ai/DeepSeek-V2,la,Latin,Latn,alphabet,1.0,1.0,,direct,0.0
deepseek-ai/DeepSeek-V2,lag,Langi,Latn,alphabet,0.9394,0.9515,,direct,0.0121
deepseek-ai/DeepSeek-V2,lb,Luxembourgish,Latn,alphabet,1.0,1.0,,direct,0.0
deepseek-ai/DeepSeek-V2,lg,Ganda,Latn,alphabet,0.9583,0.9667,,direct,0.008399999999999963
deepseek-ai/DeepSeek-V2,lij,Ligurian,Latn,alphabet,1.0,1.0,,direct,0.0
deepseek-ai/DeepSeek-V2,lkt,Lakota,Latn,alphabet,0.8667,0.8933,,direct,0.026599999999999957
deepseek-ai/DeepSeek-V2,lld,lld,Latn,alphabet,1.0,1.0,,direct,0.0
deepseek-ai/DeepSeek-V2,lmo,Lombard,Latn,alphabet,1.0,1.0,,direct,0.0
deepseek-ai/DeepSeek-V2,ln,Lingala,Latn,alphabet,0.878,0.9024,,direct,0.024399999999999977
deepseek-ai/DeepSeek-V2,lo,Lao,Laoo,abugida,0.0,0.2,,direct,0.2
deepseek-ai/DeepSeek-V2,lrc,Northern Luri,Arab,abjad,0.5116,0.6093,,direct,0.0976999999999999
deepseek-ai/DeepSeek-V2,lt,Lithuanian,Latn,alphabet,0.9375,0.95,,direct,0.012499999999999956
deepseek-ai/DeepSeek-V2,ltg,Latgalian,Latn,alphabet,0.8857,0.9086,,direct,0.02289999999999992
deepseek-ai/DeepSeek-V2,lu,Luba-Katanga,Latn,alphabet,1.0,1.0,,direct,0.0
deepseek-ai/DeepSeek-V2,luo,Luo,Latn,alphabet,1.0,1.0,,direct,0.0
deepseek-ai/DeepSeek-V2,luy,Luyia,Latn,alphabet,1.0,1.0,,direct,0.0
deepseek-ai/DeepSeek-V2,lv,Latvian,Latn,alphabet,0.8788,0.903,,direct,0.0242
deepseek-ai/DeepSeek-V2,mai,Maithili,Deva,abugida,0.2889,0.4311,,direct,0.1422
deepseek-ai/DeepSeek-V2,mas,Masai,Latn,alphabet,0.9362,0.9489,,direct,0.012699999999999934
deepseek-ai/DeepSeek-V2,mdf,Moksha,Cyrl,alphabet,1.0,1.0,,direct,0.0
deepseek-ai/DeepSeek-V2,mer,Meru,Latn,alphabet,0.9286,0.9429,,direct,0.01429999999999998
deepseek-ai/DeepSeek-V2,mfe,Morisyen,Latn,alphabet,1.0,1.0,,direct,0.0
deepseek-ai/DeepSeek-V2,mg,Malagasy,Latn,alphabet,1.0,1.0,,direct,0.0
deepseek-ai/DeepSeek-V2,mgh,Makhuwa-Meetto,Latn,alphabet,1.0,1.0,,direct,0.0
deepseek-ai/DeepSeek-V2,mgo,Metaʼ,Latn,alphabet,0.9375,0.95,,direct,0.012499999999999956
deepseek-ai/DeepSeek-V2,mhn,mhn,Latn,alphabet,1.0,1.0,,direct,0.0
deepseek-ai/DeepSeek-V2,mi,Māori,Latn,alphabet,1.0,1.0,,direct,0.0
deepseek-ai/DeepSeek-V2,mic,Mi'kmaw,Latn,alphabet,0.9091,0.9273,,direct,0.018199999999999994
deepseek-ai/DeepSeek-V2,mk,Macedonian,Cyrl,alphabet,0.8387,0.871,,direct,0.032299999999999995
deepseek-ai/DeepSeek-V2,ml,Malayalam,Mlym,abugida,0.0,0.2,,direct,0.2
deepseek-ai/DeepSeek-V2,mn,Mongolian,Cyrl,alphabet,0.9429,0.9543,,direct,0.011400000000000077
deepseek-ai/DeepSeek-V2,mni,Manipuri,Beng,abugida,0.0,0.2,,direct,0.2
deepseek-ai/DeepSeek-V2,moh,Mohawk,Latn,alphabet,0.9565,0.9652,,direct,0.00869999999999993
deepseek-ai/DeepSeek-V2,mr,Marathi,Deva,abugida,0.2031,0.3625,,direct,0.1594
deepseek-ai/DeepSeek-V2,ms,Malay,Latn,alphabet,1.0,1.0,,direct,0.0
deepseek-ai/DeepSeek-V2,mt,Maltese,Latn,alphabet,0.9091,0.9273,,direct,0.018199999999999994
deepseek-ai/DeepSeek-V2,mua,Mundang,Latn,alphabet,0.8182,0.8545,,direct,0.0363
deepseek-ai/DeepSeek-V2,mus,Muscogee,Latn,alphabet,0.9524,0.9619,,direct,0.009499999999999953
deepseek-ai/DeepSeek-V2,my,Burmese,Mymr,abugida,0.0,0.2,,direct,0.2
deepseek-ai/DeepSeek-V2,myv,Erzya,Cyrl,alphabet,1.0,1.0,,direct,0.0
deepseek-ai/DeepSeek-V2,mzn,Mazanderani,Arab,abjad,0.5581,0.6465,,direct,0.08839999999999992
deepseek-ai/DeepSeek-V2,naq,Nama,Latn,alphabet,0.871,0.8968,,direct,0.025800000000000045
deepseek-ai/DeepSeek-V2,nd,North Ndebele,Latn,alphabet,1.0,1.0,,direct,0.0
deepseek-ai/DeepSeek-V2,nds,Low German,Latn,alphabet,1.0,1.0,,direct,0.0
deepseek-ai/DeepSeek-V2,ne,Nepali,Deva,abugida,0.194,0.3552,,direct,0.1612
deepseek-ai/DeepSeek-V2,nl,Dutch,Latn,alphabet,1.0,1.0,,direct,0.0
deepseek-ai/DeepSeek-V2,nmg,Kwasio,Latn,alphabet,0.807,0.8456,,direct,0.03859999999999997
deepseek-ai/DeepSeek-V2,nnh,Ngiemboon,Latn,alphabet,0.7963,0.837,,direct,0.04069999999999996
deepseek-ai/DeepSeek-V2,no,Norwegian,Latn,alphabet,1.0,1.0,,direct,0.0
deepseek-ai/DeepSeek-V2,nqo,N’Ko,Nkoo,alphabet,0.0,0.2,,direct,0.2
deepseek-ai/DeepSeek-V2,nr,South Ndebele,Latn,alphabet,1.0,1.0,,direct,0.0
deepseek-ai/DeepSeek-V2,nso,Northern Sotho,Latn,alphabet,1.0,1.0,,direct,0.0
deepseek-ai/DeepSeek-V2,nus,Nuer,Latn,alphabet,0.8889,0.9111,,direct,0.022199999999999998
deepseek-ai/DeepSeek-V2,nv,Navajo,Latn,alphabet,0.9355,0.9484,,direct,0.012900000000000023
deepseek-ai/DeepSeek-V2,ny,Nyanja,Latn,alphabet,0.9583,0.9667,,direct,0.008399999999999963
deepseek-ai/DeepSeek-V2,nyn,Nyankole,Latn,alphabet,1.0,1.0,,direct,0.0
deepseek-ai/DeepSeek-V2,oc,Occitan,Latn,alphabet,1.0,1.0,,direct,0.0
deepseek-ai/DeepSeek-V2,om,Oromo,Latn,alphabet,1.0,1.0,,direct,0.0
deepseek-ai/DeepSeek-V2,or,Odia,Orya,abugida,0.0,0.2,,direct,0.2
deepseek-ai/DeepSeek-V2,os,Ossetic,Cyrl,alphabet,0.9706,0.9765,,direct,0.005900000000000016
deepseek-ai/DeepSeek-V2,osa,Osage,Osge,alphabet,0.025,0.22,,direct,0.195
deepseek-ai/DeepSeek-V2,pa,Punjabi,Guru,abugida,0.0,0.2,,direct,0.2
deepseek-ai/DeepSeek-V2,pap,Papiamento,Latn,alphabet,1.0,1.0,,direct,0.0
deepseek-ai/DeepSeek-V2,pcm,Nigerian Pidgin,Latn,alphabet,0.9375,0.95,,direct,0.012499999999999956
deepseek-ai/DeepSeek-V2,pis,Pijin,Latn,alphabet,1.0,1.0,,direct,0.0
deepseek-ai/DeepSeek-V2,pl,Polish,Latn,alphabet,0.9688,0.975,,direct,0.006199999999999983
deepseek-ai/DeepSeek-V2,prg,Prussian,Latn,alphabet,0.8718,0.8974,,direct,0.025599999999999956
deepseek-ai/DeepSeek-V2,ps,Pashto,Arab,abjad,0.4333,0.5467,,direct,0.11339999999999995
deepseek-ai/DeepSeek-V2,pt,Portuguese,Latn,alphabet,1.0,1.0,,direct,0.0
deepseek-ai/DeepSeek-V2,qu,Quechua,Latn,alphabet,0.9412,0.9529,,direct,0.011699999999999933
deepseek-ai/DeepSeek-V2,quc,Kʼicheʼ,Latn,alphabet,0.96,0.968,,direct,0.008000000000000007
deepseek-ai/DeepSeek-V2,raj,Rajasthani,Deva,abugida,0.2653,0.4122,,direct,0.14690000000000003
deepseek-ai/DeepSeek-V2,rhg,Rohingya,Rohg,abjad,0.0,0.2,,direct,0.2
deepseek-ai/DeepSeek-V2,rif,Riffian,Latn,alphabet,0.8065,0.8452,,direct,0.03869999999999996
deepseek-ai/DeepSeek-V2,rm,Romansh,Latn,alphabet,1.0,1.0,,direct,0.0
deepseek-ai/DeepSeek-V2,rn,Rundi,Latn,alphabet,1.0,1.0,,direct,0.0
deepseek-ai/DeepSeek-V2,ro,Romanian,Latn,alphabet,1.0,1.0,,direct,0.0
deepseek-ai/DeepSeek-V2,rof,Rombo,Latn,alphabet,1.0,1.0,,direct,0.0
deepseek-ai/DeepSeek-V2,ru,Russian,Cyrl,alphabet,1.0,1.0,,direct,0.0
deepseek-ai/DeepSeek-V2,rw,Kinyarwanda,Latn,alphabet,1.0,1.0,,direct,0.0
deepseek-ai/DeepSeek-V2,rwk,Rwa,Latn,alphabet,1.0,1.0,,direct,0.0
deepseek-ai/DeepSeek-V2,sa,Sanskrit,Deva,abugida,0.1857,0.3486,,direct,0.16290000000000002
deepseek-ai/DeepSeek-V2,sah,Yakut,Cyrl,alphabet,0.8077,0.8462,,direct,0.03849999999999998
deepseek-ai/DeepSeek-V2,saq,Samburu,Latn,alphabet,1.0,1.0,,direct,0.0
deepseek-ai/DeepSeek-V2,sat,Santali,Olck,alphabet,0.0,0.2,,direct,0.2
deepseek-ai/DeepSeek-V2,sbp,Sangu,Latn,alphabet,1.0,1.0,,direct,0.0
deepseek-ai/DeepSeek-V2,sc,Sardinian,Latn,alphabet,1.0,1.0,,direct,0.0
deepseek-ai/DeepSeek-V2,scn,Sicilian,Latn,alphabet,0.9697,0.9758,,direct,0.006099999999999994
deepseek-ai/DeepSeek-V2,sd,Sindhi,Arab,abjad,0.4423,0.5538,,direct,0.11149999999999993
deepseek-ai/DeepSeek-V2,sdh,Southern Kurdish,Arab,abjad,0.6471,0.7176,,direct,0.07050000000000001
deepseek-ai/DeepSeek-V2,se,Northern Sami,Latn,alphabet,0.9207,0.9345,,direct,0.013800000000000034
deepseek-ai/DeepSeek-V2,seh,Sena,Latn,alphabet,1.0,1.0,,direct,0.0
deepseek-ai/DeepSeek-V2,ses,Koyraboro Senni,Latn,alphabet,0.9062,0.925,,direct,0.01880000000000004
deepseek-ai/DeepSeek-V2,sg,Sango,Latn,alphabet,1.0,1.0,,direct,0.0
deepseek-ai/DeepSeek-V2,shi,Tachelhit,Tfng,alphabet,0.0,0.2,,direct,0.2
deepseek-ai/DeepSeek-V2,shn,Shan,Mymr,abugida,0.0217,0.2174,,direct,0.1957
deepseek-ai/DeepSeek-V2,si,Sinhala,Sinh,abugida,0.0,0.2,,direct,0.2
deepseek-ai/DeepSeek-V2,sid,Sidamo,Latn,alphabet,1.0,1.0,,direct,0.0
deepseek-ai/DeepSeek-V2,sk,Slovak,Latn,alphabet,0.9302,0.9442,,direct,0.014000000000000012
deepseek-ai/DeepSeek-V2,skr,skr,Arab,abjad,0.449,0.5592,,direct,0.11020000000000002
deepseek-ai/DeepSeek-V2,sl,Slovenian,Latn,alphabet,1.0,1.0,,direct,0.0
deepseek-ai/DeepSeek-V2,sma,Southern Sami,Latn,alphabet,1.0,1.0,,direct,0.0
deepseek-ai/DeepSeek-V2,smj,Lule Sami,Latn,alphabet,1.0,1.0,,direct,0.0
deepseek-ai/DeepSeek-V2,smn,Inari Sami,Latn,alphabet,0.9581,0.9645,,direct,0.006400000000000072
deepseek-ai/DeepSeek-V2,sms,Skolt Sami,Latn,alphabet,0.825,0.8583,,direct,0.033299999999999996
deepseek-ai/DeepSeek-V2,sn,Shona,Latn,alphabet,1.0,1.0,,direct,0.0
deepseek-ai/DeepSeek-V2,so,Somali,Latn,alphabet,1.0,1.0,,direct,0.0
deepseek-ai/DeepSeek-V2,sq,Albanian,Latn,alphabet,1.0,1.0,,direct,0.0
deepseek-ai/DeepSeek-V2,sr,Serbian,Cyrl,alphabet,0.8333,0.8667,,direct,0.033399999999999985
deepseek-ai/DeepSeek-V2,ss,Swati,Latn,alphabet,1.0,1.0,,direct,0.0
deepseek-ai/DeepSeek-V2,ssy,Saho,Latn,alphabet,1.0,1.0,,direct,0.0
deepseek-ai/DeepSeek-V2,st,Southern Sotho,Latn,alphabet,1.0,1.0,,direct,0.0
deepseek-ai/DeepSeek-V2,su,Sundanese,Latn,alphabet,1.0,1.0,,direct,0.0
deepseek-ai/DeepSeek-V2,sv,Swedish,Latn,alphabet,1.0,1.0,,direct,0.0
deepseek-ai/DeepSeek-V2,sw,Swahili,Latn,alphabet,1.0,1.0,,direct,0.0
deepseek-ai/DeepSeek-V2,syr,Syriac,Syrc,abjad,0.0,0.2,,direct,0.2
deepseek-ai/DeepSeek-V2,szl,Silesian,Latn,alphabet,0.9412,0.9529,,direct,0.011699999999999933
deepseek-ai/DeepSeek-V2,ta,Tamil,Taml,abugida,0.0,0.2,,direct,0.2
deepseek-ai/DeepSeek-V2,te,Telugu,Telu,abugida,0.0,0.2,,direct,0.2
deepseek-ai/DeepSeek-V2,teo,Teso,Latn,alphabet,1.0,1.0,,direct,0.0
deepseek-ai/DeepSeek-V2,tg,Tajik,Cyrl,alphabet,0.8286,0.8629,,direct,0.0343
deepseek-ai/DeepSeek-V2,th,Thai,Thai,abugida,0.0137,0.211,,direct,0.1973
deepseek-ai/DeepSeek-V2,ti,Tigrinya,Ethi,syllabary,0.0,0.2,,within_script_only,0.2
deepseek-ai/DeepSeek-V2,tig,Tigre,Ethi,syllabary,0.0,0.2,,within_script_only,0.2
deepseek-ai/DeepSeek-V2,tk,Turkmen,Latn,alphabet,1.0,1.0,,direct,0.0
deepseek-ai/DeepSeek-V2,tn,Tswana,Latn,alphabet,1.0,1.0,,direct,0.0
deepseek-ai/DeepSeek-V2,to,Tongan,Latn,alphabet,0.963,0.9704,,direct,0.007400000000000073
deepseek-ai/DeepSeek-V2,tok,Toki Pona,Latn,alphabet,1.0,1.0,,direct,0.0
deepseek-ai/DeepSeek-V2,tpi,Tok Pisin,Latn,alphabet,1.0,1.0,,direct,0.0
deepseek-ai/DeepSeek-V2,tr,Turkish,Latn,alphabet,0.9667,0.9733,,direct,0.00660000000000005
deepseek-ai/DeepSeek-V2,trv,Taroko,Latn,alphabet,1.0,1.0,,direct,0.0
deepseek-ai/DeepSeek-V2,trw,Torwali,Arab,abjad,0.4583,0.5667,,direct,0.1084
deepseek-ai/DeepSeek-V2,ts,Tsonga,Latn,alphabet,1.0,1.0,,direct,0.0
deepseek-ai/DeepSeek-V2,tt,Tatar,Cyrl,alphabet,0.8462,0.8769,,direct,0.03070000000000006
deepseek-ai/DeepSeek-V2,twq,Tasawaq,Latn,alphabet,0.9062,0.925,,direct,0.01880000000000004
deepseek-ai/DeepSeek-V2,tyv,Tuvinian,Cyrl,alphabet,0.9167,0.9333,,direct,0.01660000000000006
deepseek-ai/DeepSeek-V2,tzm,Central Atlas Tamazight,Latn,alphabet,0.7742,0.8194,,direct,0.04520000000000002
deepseek-ai/DeepSeek-V2,ug,Uyghur,Arab,abjad,0.6176,0.6941,,direct,0.07650000000000001
deepseek-ai/DeepSeek-V2,uk,Ukrainian,Cyrl,alphabet,0.8824,0.9059,,direct,0.023500000000000076
deepseek-ai/DeepSeek-V2,ur,Urdu,Arab,abjad,0.5789,0.6632,,direct,0.08430000000000004
deepseek-ai/DeepSeek-V2,uz,Uzbek,Latn,alphabet,0.9259,0.9407,,direct,0.014800000000000035
deepseek-ai/DeepSeek-V2,vai,Vai,Vaii,syllabary,0.0,0.2,,within_script_only,0.2
deepseek-ai/DeepSeek-V2,ve,Venda,Latn,alphabet,0.8214,0.8571,,direct,0.035699999999999954
deepseek-ai/DeepSeek-V2,vec,Venetian,Latn,alphabet,1.0,1.0,,direct,0.0
deepseek-ai/DeepSeek-V2,vi,Vietnamese,Latn,alphabet,0.4461,0.5562,,direct,0.11010000000000003
deepseek-ai/DeepSeek-V2,vmw,Makhuwa,Latn,alphabet,1.0,1.0,,direct,0.0
deepseek-ai/DeepSeek-V2,vo,Volapük,Latn,alphabet,1.0,1.0,,direct,0.0
deepseek-ai/DeepSeek-V2,vun,Vunjo,Latn,alphabet,1.0,1.0,,direct,0.0
deepseek-ai/DeepSeek-V2,wa,Walloon,Latn,alphabet,0.9767,0.9814,,direct,0.0047000000000000375
deepseek-ai/DeepSeek-V2,wae,Walser,Latn,alphabet,0.9744,0.9795,,direct,0.005099999999999993
deepseek-ai/DeepSeek-V2,wal,Wolaytta,Ethi,syllabary,0.0,0.2,,within_script_only,0.2
deepseek-ai/DeepSeek-V2,wbp,Warlpiri,Latn,alphabet,1.0,1.0,,direct,0.0
deepseek-ai/DeepSeek-V2,wo,Wolof,Latn,alphabet,0.9655,0.9724,,direct,0.006900000000000017
deepseek-ai/DeepSeek-V2,xh,Xhosa,Latn,alphabet,1.0,1.0,,direct,0.0
deepseek-ai/DeepSeek-V2,xnr,Kangri,Deva,abugida,0.2121,0.3697,,direct,0.15759999999999996
deepseek-ai/DeepSeek-V2,xog,Soga,Latn,alphabet,1.0,1.0,,direct,0.0
deepseek-ai/DeepSeek-V2,yav,Yangben,Latn,alphabet,0.9149,0.9319,,direct,0.016999999999999904
deepseek-ai/DeepSeek-V2,yi,Yiddish,Hebr,abjad,0.4412,0.5529,,direct,0.11169999999999997
deepseek-ai/DeepSeek-V2,yo,Yoruba,Latn,alphabet,0.85,0.88,,direct,0.030000000000000027
deepseek-ai/DeepSeek-V2,yrl,Nheengatu,Latn,alphabet,0.8571,0.8857,,direct,0.02860000000000007
deepseek-ai/DeepSeek-V2,yue,Cantonese,Hant,logographic,0.5984,0.6787,,within_script_only,0.08029999999999993
deepseek-ai/DeepSeek-V2,za,Zhuang,Latn,alphabet,1.0,1.0,,direct,0.0
deepseek-ai/DeepSeek-V2,zgh,Standard Moroccan Tamazight,Tfng,alphabet,0.0,0.2,,direct,0.2
deepseek-ai/DeepSeek-V2,zh,Chinese,Hans,logographic,0.9751,0.9801,,within_script_only,0.0050000000000000044
deepseek-ai/DeepSeek-V2,zu,Zulu,Latn,alphabet,1.0,1.0,,direct,0.0
deepseek-ai/deepseek-v3,aa,Afar,Latn,alphabet,1.0,1.0,,direct,0.0
deepseek-ai/deepseek-v3,ab,Abkhazian,Cyrl,alphabet,0.725,0.78,,direct,0.05500000000000005
deepseek-ai/deepseek-v3,af,Afrikaans,Latn,alphabet,1.0,1.0,,direct,0.0
deepseek-ai/deepseek-v3,agq,Aghem,Latn,alphabet,0.9423,0.9538,,direct,0.011499999999999955
deepseek-ai/deepseek-v3,ak,Akan,Latn,alphabet,1.0,1.0,,direct,0.0
deepseek-ai/deepseek-v3,am,Amharic,Ethi,syllabary,0.0,0.2,,within_script_only,0.2
deepseek-ai/deepseek-v3,an,Aragonese,Latn,alphabet,1.0,1.0,,direct,0.0
deepseek-ai/deepseek-v3,ann,Obolo,Latn,alphabet,0.9744,0.9795,,direct,0.005099999999999993
deepseek-ai/deepseek-v3,apc,apc,Arab,abjad,0.9778,0.9822,,direct,0.0043999999999999595
deepseek-ai/deepseek-v3,ar,Arabic,Arab,abjad,0.9778,0.9822,,direct,0.0043999999999999595
deepseek-ai/deepseek-v3,arn,Mapuche,Latn,alphabet,0.88,0.904,,direct,0.02400000000000002
deepseek-ai/deepseek-v3,as,Assamese,Beng,abugida,0.9169,0.9305,,direct,0.013599999999999945
deepseek-ai/deepseek-v3,asa,Asu,Latn,alphabet,1.0,1.0,,direct,0.0
deepseek-ai/deepseek-v3,ast,Asturian,Latn,alphabet,0.9688,0.975,,direct,0.006199999999999983
deepseek-ai/deepseek-v3,az,Azerbaijani,Latn,alphabet,1.0,1.0,,direct,0.0
deepseek-ai/deepseek-v3,ba,Bashkir,Cyrl,alphabet,0.9286,0.9429,,direct,0.01429999999999998
deepseek-ai/deepseek-v3,bal,Baluchi,Arab,abjad,1.0,1.0,,direct,0.0
deepseek-ai/deepseek-v3,bas,Basaa,Latn,alphabet,0.9194,0.9355,,direct,0.016100000000000003
deepseek-ai/deepseek-v3,be,Belarusian,Cyrl,alphabet,1.0,1.0,,direct,0.0
deepseek-ai/deepseek-v3,bem,Bemba,Latn,alphabet,1.0,1.0,,direct,0.0
deepseek-ai/deepseek-v3,bew,Betawi,Latn,alphabet,1.0,1.0,,direct,0.0
deepseek-ai/deepseek-v3,bez,Bena,Latn,alphabet,1.0,1.0,,direct,0.0
deepseek-ai/deepseek-v3,bg,Bulgarian,Cyrl,alphabet,1.0,1.0,,direct,0.0
deepseek-ai/deepseek-v3,bgc,Haryanvi,Deva,abugida,0.8534,0.8776,,direct,0.0242
deepseek-ai/deepseek-v3,bgn,Western Balochi,Arab,abjad,1.0,1.0,,direct,0.0
deepseek-ai/deepseek-v3,bho,Bhojpuri,Deva,abugida,0.9125,0.925,,direct,0.012500000000000067
deepseek-ai/deepseek-v3,blo,Anii,Latn,alphabet,0.898,0.9184,,direct,0.020399999999999974
deepseek-ai/deepseek-v3,blt,Tai Dam,Tavt,abugida,0.0,0.2,,direct,0.2
deepseek-ai/deepseek-v3,bm,Bambara,Latn,alphabet,0.963,0.9704,,direct,0.007400000000000073
deepseek-ai/deepseek-v3,bn,Bangla,Beng,abugida,0.7956,0.8338,,direct,0.03820000000000001
deepseek-ai/deepseek-v3,bo,Tibetan,Tibt,abugida,0.1839,0.3471,,direct,0.1632
deepseek-ai/deepseek-v3,br,Breton,Latn,alphabet,1.0,1.0,,direct,0.0
deepseek-ai/deepseek-v3,brx,Bodo,Deva,abugida,0.8443,0.8705,,direct,0.0262
deepseek-ai/deepseek-v3,bs,Bosnian,Latn,alphabet,1.0,1.0,,direct,0.0
deepseek-ai/deepseek-v3,bss,Akoose,Latn,alphabet,0.9615,0.9692,,direct,0.007699999999999929
deepseek-ai/deepseek-v3,byn,Blin,Ethi,syllabary,0.0,0.2,,within_script_only,0.2
deepseek-ai/deepseek-v3,ca,Catalan,Latn,alphabet,1.0,1.0,,direct,0.0
deepseek-ai/deepseek-v3,cad,Caddo,Latn,alphabet,0.9667,0.9733,,direct,0.00660000000000005
deepseek-ai/deepseek-v3,cch,Atsam,Latn,alphabet,0.8929,0.9143,,direct,0.021399999999999975
deepseek-ai/deepseek-v3,ccp,Chakma,Cakm,abugida,0.0,0.2,,direct,0.2
deepseek-ai/deepseek-v3,ce,Chechen,Cyrl,alphabet,0.9706,0.9765,,direct,0.005900000000000016
deepseek-ai/deepseek-v3,ceb,Cebuano,Latn,alphabet,1.0,1.0,,direct,0.0
deepseek-ai/deepseek-v3,cgg,Chiga,Latn,alphabet,1.0,1.0,,direct,0.0
deepseek-ai/deepseek-v3,cho,Choctaw,Latn,alphabet,0.9048,0.9238,,direct,0.018999999999999906
deepseek-ai/deepseek-v3,chr,Cherokee,Cher,syllabary,0.0,0.2,,within_script_only,0.2
deepseek-ai/deepseek-v3,cic,Chickasaw,Latn,alphabet,0.9474,0.9579,,direct,0.010499999999999954
deepseek-ai/deepseek-v3,ckb,Central Kurdish,Arab,abjad,0.9394,0.9515,,direct,0.0121
deepseek-ai/deepseek-v3,co,Corsican,Latn,alphabet,1.0,1.0,,direct,0.0
deepseek-ai/deepseek-v3,cop,Coptic,Copt,alphabet,0.0,0.2,,direct,0.2
deepseek-ai/deepseek-v3,cs,Czech,Latn,alphabet,1.0,1.0,,direct,0.0
deepseek-ai/deepseek-v3,csw,Swampy Cree,Cans,syllabary,0.0,0.2,,within_script_only,0.2
deepseek-ai/deepseek-v3,cu,Church Slavic,Cyrl,alphabet,0.4861,0.5889,,direct,0.1028
deepseek-ai/deepseek-v3,cv,Chuvash,Cyrl,alphabet,0.8919,0.9135,,direct,0.021599999999999953
deepseek-ai/deepseek-v3,cy,Welsh,Latn,alphabet,0.8776,0.902,,direct,0.024399999999999977
deepseek-ai/deepseek-v3,da,Danish,Latn,alphabet,1.0,1.0,,direct,0.0
deepseek-ai/deepseek-v3,dav,Taita,Latn,alphabet,1.0,1.0,,direct,0.0
deepseek-ai/deepseek-v3,de,German,Latn,alphabet,1.0,1.0,,direct,0.0
deepseek-ai/deepseek-v3,dje,Zarma,Latn,alphabet,0.9688,0.975,,direct,0.006199999999999983
deepseek-ai/deepseek-v3,doi,Dogri,Deva,abugida,0.7643,0.8071,,direct,0.04280000000000006
deepseek-ai/deepseek-v3,dsb,Lower Sorbian,Latn,alphabet,0.973,0.9784,,direct,0.005400000000000071
deepseek-ai/deepseek-v3,dua,Duala,Latn,alphabet,0.9394,0.9515,,direct,0.0121
deepseek-ai/deepseek-v3,dv,Divehi,Thaa,abjad,0.0,0.2,,direct,0.2
deepseek-ai/deepseek-v3,dyo,Jola-Fonyi,Latn,alphabet,1.0,1.0,,direct,0.0
deepseek-ai/deepseek-v3,dz,Dzongkha,Tibt,abugida,0.2759,0.4207,,direct,0.14480000000000004
deepseek-ai/deepseek-v3,ebu,Embu,Latn,alphabet,1.0,1.0,,direct,0.0
deepseek-ai/deepseek-v3,ee,Ewe,Latn,alphabet,0.9583,0.9667,,direct,0.008399999999999963
deepseek-ai/deepseek-v3,el,Greek,Grek,alphabet,0.9444,0.9556,,direct,0.011199999999999988
deepseek-ai/deepseek-v3,en,English,Latn,alphabet,1.0,1.0,,direct,0.0
deepseek-ai/deepseek-v3,eo,Esperanto,Latn,alphabet,0.8821,0.9036,,direct,0.021499999999999964
deepseek-ai/deepseek-v3,es,Spanish,Latn,alphabet,1.0,1.0,,direct,0.0
deepseek-ai/deepseek-v3,et,Estonian,Latn,alphabet,1.0,1.0,,direct,0.0
deepseek-ai/deepseek-v3,eu,Basque,Latn,alphabet,1.0,1.0,,direct,0.0
deepseek-ai/deepseek-v3,ewo,Ewondo,Latn,alphabet,0.9615,0.9692,,direct,0.007699999999999929
deepseek-ai/deepseek-v3,fa,Persian,Arab,abjad,1.0,1.0,,direct,0.0
deepseek-ai/deepseek-v3,ff,Fula,Latn,alphabet,0.8889,0.9111,,direct,0.022199999999999998
deepseek-ai/deepseek-v3,fi,Finnish,Latn,alphabet,1.0,1.0,,direct,0.0
deepseek-ai/deepseek-v3,fil,Filipino,Latn,alphabet,1.0,1.0,,direct,0.0
deepseek-ai/deepseek-v3,fo,Faroese,Latn,alphabet,1.0,1.0,,direct,0.0
deepseek-ai/deepseek-v3,fr,French,Latn,alphabet,1.0,1.0,,direct,0.0
deepseek-ai/deepseek-v3,frr,Northern Frisian,Latn,alphabet,1.0,1.0,,direct,0.0
deepseek-ai/deepseek-v3,fur,Friulian,Latn,alphabet,1.0,1.0,,direct,0.0
deepseek-ai/deepseek-v3,fy,Western Frisian,Latn,alphabet,1.0,1.0,,direct,0.0
deepseek-ai/deepseek-v3,ga,Irish,Latn,alphabet,1.0,1.0,,direct,0.0
deepseek-ai/deepseek-v3,gaa,Ga,Latn,alphabet,1.0,1.0,,direct,0.0
deepseek-ai/deepseek-v3,gd,Scottish Gaelic,Latn,alphabet,1.0,1.0,,direct,0.0
deepseek-ai/deepseek-v3,gez,Geez,Ethi,syllabary,0.0,0.2,,within_script_only,0.2
deepseek-ai/deepseek-v3,gl,Galician,Latn,alphabet,1.0,1.0,,direct,0.0
deepseek-ai/deepseek-v3,gn,Guarani,Latn,alphabet,0.9667,0.9733,,direct,0.00660000000000005
deepseek-ai/deepseek-v3,gsw,Swiss German,Latn,alphabet,1.0,1.0,,direct,0.0
deepseek-ai/deepseek-v3,gu,Gujarati,Gujr,abugida,0.3662,0.4868,,direct,0.12059999999999998
deepseek-ai/deepseek-v3,guz,Gusii,Latn,alphabet,1.0,1.0,,direct,0.0
deepseek-ai/deepseek-v3,gv,Manx,Latn,alphabet,1.0,1.0,,direct,0.0
deepseek-ai/deepseek-v3,ha,Hausa,Latn,alphabet,0.8519,0.8815,,direct,0.02959999999999996
deepseek-ai/deepseek-v3,haw,Hawaiian,Latn,alphabet,1.0,1.0,,direct,0.0
deepseek-ai/deepseek-v3,he,Hebrew,Hebr,abjad,0.9889,0.9889,,direct,0.0
deepseek-ai/deepseek-v3,hi,Hindi,Deva,abugida,0.8134,0.8463,,direct,0.03290000000000004
deepseek-ai/deepseek-v3,hnj,Hmong Njua,Hmnp,alphabet,0.0,0.2,,direct,0.2
deepseek-ai/deepseek-v3,hr,Croatian,Latn,alphabet,1.0,1.0,,direct,0.0
deepseek-ai/deepseek-v3,hsb,Upper Sorbian,Latn,alphabet,1.0,1.0,,direct,0.0
deepseek-ai/deepseek-v3,ht,Haitian Creole,Latn,alphabet,1.0,1.0,,direct,0.0
deepseek-ai/deepseek-v3,hu,Hungarian,Latn,alphabet,1.0,1.0,,direct,0.0
deepseek-ai/deepseek-v3,hy,Armenian,Armn,alphabet,0.8711,0.8921,,direct,0.02100000000000002
deepseek-ai/deepseek-v3,ia,Interlingua,Latn,alphabet,1.0,1.0,,direct,0.0
deepseek-ai/deepseek-v3,id,Indonesian,Latn,alphabet,1.0,1.0,,direct,0.0
deepseek-ai/deepseek-v3,ie,Interlingue,Latn,alphabet,1.0,1.0,,direct,0.0
deepseek-ai/deepseek-v3,ig,Igbo,Latn,alphabet,0.9643,0.9714,,direct,0.007099999999999995
deepseek-ai/deepseek-v3,ii,Sichuan Yi,Yiii,syllabary,0.0,0.2,,within_script_only,0.2
deepseek-ai/deepseek-v3,io,Ido,Latn,alphabet,1.0,1.0,,direct,0.0
deepseek-ai/deepseek-v3,is,Icelandic,Latn,alphabet,1.0,1.0,,direct,0.0
deepseek-ai/deepseek-v3,it,Italian,Latn,alphabet,1.0,1.0,,direct,0.0
deepseek-ai/deepseek-v3,iu,Inuktitut,Cans,syllabary,0.0,0.2,,within_script_only,0.2
deepseek-ai/deepseek-v3,ja,Japanese,Jpan,mixed_logographic,0.8874,0.9099,,within_script_only,0.022500000000000075
deepseek-ai/deepseek-v3,jbo,Lojban,Latn,alphabet,1.0,1.0,,direct,0.0
deepseek-ai/deepseek-v3,jgo,Ngomba,Latn,alphabet,0.8667,0.8933,,direct,0.026599999999999957
deepseek-ai/deepseek-v3,jmc,Machame,Latn,alphabet,1.0,1.0,,direct,0.0
deepseek-ai/deepseek-v3,jv,Javanese,Latn,alphabet,1.0,1.0,,direct,0.0
deepseek-ai/deepseek-v3,ka,Georgian,Geor,alphabet,0.6091,0.6818,,direct,0.07269999999999999
deepseek-ai/deepseek-v3,kaa,Kara-Kalpak,Cyrl,alphabet,1.0,1.0,,direct,0.0
deepseek-ai/deepseek-v3,kab,Kabyle,Latn,alphabet,0.9412,0.9529,,direct,0.011699999999999933
deepseek-ai/deepseek-v3,kaj,Jju,Latn,alphabet,1.0,1.0,,direct,0.0
deepseek-ai/deepseek-v3,kam,Kamba,Latn,alphabet,1.0,1.0,,direct,0.0
deepseek-ai/deepseek-v3,kcg,Tyap,Latn,alphabet,0.96,0.968,,direct,0.008000000000000007
deepseek-ai/deepseek-v3,kde,Makonde,Latn,alphabet,1.0,1.0,,direct,0.0
deepseek-ai/deepseek-v3,kea,Kabuverdianu,Latn,alphabet,1.0,1.0,,direct,0.0
deepseek-ai/deepseek-v3,ken,Kenyang,Latn,alphabet,0.9268,0.9415,,direct,0.014700000000000046
deepseek-ai/deepseek-v3,kgp,Kaingang,Latn,alphabet,0.9615,0.9692,,direct,0.007699999999999929
deepseek-ai/deepseek-v3,khq,Koyra Chiini,Latn,alphabet,0.9688,0.975,,direct,0.006199999999999983
deepseek-ai/deepseek-v3,ki,Kikuyu,Latn,alphabet,1.0,1.0,,direct,0.0
deepseek-ai/deepseek-v3,kk,Kazakh,Cyrl,alphabet,1.0,1.0,,direct,0.0
deepseek-ai/deepseek-v3,kkj,Kako,Latn,alphabet,0.9362,0.9489,,direct,0.012699999999999934
deepseek-ai/deepseek-v3,kl,Kalaallisut,Latn,alphabet,1.0,1.0,,direct,0.0
deepseek-ai/deepseek-v3,kln,Kalenjin,Latn,alphabet,1.0,1.0,,direct,0.0
deepseek-ai/deepseek-v3,km,Khmer,Khmr,abugida,0.2319,0.3847,,direct,0.1528
deepseek-ai/deepseek-v3,kn,Kannada,Knda,abugida,0.4761,0.5775,,direct,0.10139999999999999
deepseek-ai/deepseek-v3,ko,Korean,Kore,featural_syllabary,0.0386,0.2306,0.2,within_script_only,0.192
deepseek-ai/deepseek-v3,kok,Konkani,Deva,abugida,0.8377,0.8662,,direct,0.02849999999999997
deepseek-ai/deepseek-v3,kpe,Kpelle,Latn,alphabet,0.931,0.9448,,direct,0.013799999999999923
deepseek-ai/deepseek-v3,ks,Kashmiri,Arab,abjad,0.9348,0.9478,,direct,0.013000000000000012
deepseek-ai/deepseek-v3,ksb,Shambala,Latn,alphabet,1.0,1.0,,direct,0.0
deepseek-ai/deepseek-v3,ksf,Bafia,Latn,alphabet,0.9706,0.9765,,direct,0.005900000000000016
deepseek-ai/deepseek-v3,ksh,Colognian,Latn,alphabet,1.0,1.0,,direct,0.0
deepseek-ai/deepseek-v3,ku,Kurdish,Latn,alphabet,1.0,1.0,,direct,0.0
deepseek-ai/deepseek-v3,kw,Cornish,Latn,alphabet,1.0,1.0,,direct,0.0
deepseek-ai/deepseek-v3,kxv,Kuvi,Latn,alphabet,0.9394,0.9515,,direct,0.0121
deepseek-ai/deepseek-v3,ky,Kyrgyz,Cyrl,alphabet,1.0,1.0,,direct,0.0
deepseek-ai/deepseek-v3,la,Latin,Latn,alphabet,1.0,1.0,,direct,0.0
deepseek-ai/deepseek-v3,lag,Langi,Latn,alphabet,0.9394,0.9515,,direct,0.0121
deepseek-ai/deepseek-v3,lb,Luxembourgish,Latn,alphabet,1.0,1.0,,direct,0.0
deepseek-ai/deepseek-v3,lg,Ganda,Latn,alphabet,1.0,1.0,,direct,0.0
deepseek-ai/deepseek-v3,lij,Ligurian,Latn,alphabet,1.0,1.0,,direct,0.0
deepseek-ai/deepseek-v3,lkt,Lakota,Latn,alphabet,0.9333,0.9467,,direct,0.013399999999999967
deepseek-ai/deepseek-v3,lld,lld,Latn,alphabet,1.0,1.0,,direct,0.0
deepseek-ai/deepseek-v3,lmo,Lombard,Latn,alphabet,1.0,1.0,,direct,0.0
deepseek-ai/deepseek-v3,ln,Lingala,Latn,alphabet,0.9756,0.9805,,direct,0.0049000000000000155
deepseek-ai/deepseek-v3,lo,Lao,Laoo,abugida,0.0364,0.2291,,direct,0.19269999999999998
deepseek-ai/deepseek-v3,lrc,Northern Luri,Arab,abjad,0.8837,0.907,,direct,0.023299999999999987
deepseek-ai/deepseek-v3,lt,Lithuanian,Latn,alphabet,1.0,1.0,,direct,0.0
deepseek-ai/deepseek-v3,ltg,Latgalian,Latn,alphabet,0.9429,0.9543,,direct,0.011400000000000077
deepseek-ai/deepseek-v3,lu,Luba-Katanga,Latn,alphabet,1.0,1.0,,direct,0.0
deepseek-ai/deepseek-v3,luo,Luo,Latn,alphabet,1.0,1.0,,direct,0.0
deepseek-ai/deepseek-v3,luy,Luyia,Latn,alphabet,1.0,1.0,,direct,0.0
deepseek-ai/deepseek-v3,lv,Latvian,Latn,alphabet,0.9394,0.9515,,direct,0.0121
deepseek-ai/deepseek-v3,mai,Maithili,Deva,abugida,0.9356,0.9444,,direct,0.00880000000000003
deepseek-ai/deepseek-v3,mas,Masai,Latn,alphabet,0.9574,0.966,,direct,0.008599999999999941
deepseek-ai/deepseek-v3,mdf,Moksha,Cyrl,alphabet,1.0,1.0,,direct,0.0
deepseek-ai/deepseek-v3,mer,Meru,Latn,alphabet,1.0,1.0,,direct,0.0
deepseek-ai/deepseek-v3,mfe,Morisyen,Latn,alphabet,1.0,1.0,,direct,0.0
deepseek-ai/deepseek-v3,mg,Malagasy,Latn,alphabet,1.0,1.0,,direct,0.0
deepseek-ai/deepseek-v3,mgh,Makhuwa-Meetto,Latn,alphabet,1.0,1.0,,direct,0.0
deepseek-ai/deepseek-v3,mgo,Metaʼ,Latn,alphabet,1.0,1.0,,direct,0.0
deepseek-ai/deepseek-v3,mhn,mhn,Latn,alphabet,1.0,1.0,,direct,0.0
deepseek-ai/deepseek-v3,mi,Māori,Latn,alphabet,1.0,1.0,,direct,0.0
deepseek-ai/deepseek-v3,mic,Mi'kmaw,Latn,alphabet,0.9545,0.9636,,direct,0.009099999999999997
deepseek-ai/deepseek-v3,mk,Macedonian,Cyrl,alphabet,0.9677,0.9742,,direct,0.00649999999999995
deepseek-ai/deepseek-v3,ml,Malayalam,Mlym,abugida,0.3549,0.4804,,direct,0.1255
deepseek-ai/deepseek-v3,mn,Mongolian,Cyrl,alphabet,1.0,1.0,,direct,0.0
deepseek-ai/deepseek-v3,mni,Manipuri,Beng,abugida,0.9169,0.9305,,direct,0.013599999999999945
deepseek-ai/deepseek-v3,moh,Mohawk,Latn,alphabet,1.0,1.0,,direct,0.0
deepseek-ai/deepseek-v3,mr,Marathi,Deva,abugida,0.825,0.8562,,direct,0.031200000000000006
deepseek-ai/deepseek-v3,ms,Malay,Latn,alphabet,1.0,1.0,,direct,0.0
deepseek-ai/deepseek-v3,mt,Maltese,Latn,alphabet,0.9394,0.9515,,direct,0.0121
deepseek-ai/deepseek-v3,mua,Mundang,Latn,alphabet,0.8788,0.903,,direct,0.0242
deepseek-ai/deepseek-v3,mus,Muscogee,Latn,alphabet,1.0,1.0,,direct,0.0
deepseek-ai/deepseek-v3,my,Burmese,Mymr,abugida,0.4133,0.5267,,direct,0.11339999999999995
deepseek-ai/deepseek-v3,myv,Erzya,Cyrl,alphabet,1.0,1.0,,direct,0.0
deepseek-ai/deepseek-v3,mzn,Mazanderani,Arab,abjad,1.0,1.0,,direct,0.0
deepseek-ai/deepseek-v3,naq,Nama,Latn,alphabet,0.871,0.8968,,direct,0.025800000000000045
deepseek-ai/deepseek-v3,nd,North Ndebele,Latn,alphabet,1.0,1.0,,direct,0.0
deepseek-ai/deepseek-v3,nds,Low German,Latn,alphabet,1.0,1.0,,direct,0.0
deepseek-ai/deepseek-v3,ne,Nepali,Deva,abugida,0.8134,0.8463,,direct,0.03290000000000004
deepseek-ai/deepseek-v3,nl,Dutch,Latn,alphabet,1.0,1.0,,direct,0.0
deepseek-ai/deepseek-v3,nmg,Kwasio,Latn,alphabet,0.9298,0.9439,,direct,0.014100000000000001
deepseek-ai/deepseek-v3,nnh,Ngiemboon,Latn,alphabet,0.9259,0.9407,,direct,0.014800000000000035
deepseek-ai/deepseek-v3,no,Norwegian,Latn,alphabet,1.0,1.0,,direct,0.0
deepseek-ai/deepseek-v3,nqo,N’Ko,Nkoo,alphabet,0.0,0.2,,direct,0.2
deepseek-ai/deepseek-v3,nr,South Ndebele,Latn,alphabet,1.0,1.0,,direct,0.0
deepseek-ai/deepseek-v3,nso,Northern Sotho,Latn,alphabet,1.0,1.0,,direct,0.0
deepseek-ai/deepseek-v3,nus,Nuer,Latn,alphabet,0.9722,0.9778,,direct,0.005600000000000049
deepseek-ai/deepseek-v3,nv,Navajo,Latn,alphabet,0.9677,0.9742,,direct,0.00649999999999995
deepseek-ai/deepseek-v3,ny,Nyanja,Latn,alphabet,0.9583,0.9667,,direct,0.008399999999999963
deepseek-ai/deepseek-v3,nyn,Nyankole,Latn,alphabet,1.0,1.0,,direct,0.0
deepseek-ai/deepseek-v3,oc,Occitan,Latn,alphabet,1.0,1.0,,direct,0.0
deepseek-ai/deepseek-v3,om,Oromo,Latn,alphabet,1.0,1.0,,direct,0.0
deepseek-ai/deepseek-v3,or,Odia,Orya,abugida,0.1565,0.3242,,direct,0.1677
deepseek-ai/deepseek-v3,os,Ossetic,Cyrl,alphabet,0.9706,0.9765,,direct,0.005900000000000016
deepseek-ai/deepseek-v3,osa,Osage,Osge,alphabet,0.075,0.26,,direct,0.185
deepseek-ai/deepseek-v3,pa,Punjabi,Guru,abugida,0.3456,0.4721,,direct,0.1265
deepseek-ai/deepseek-v3,pap,Papiamento,Latn,alphabet,1.0,1.0,,direct,0.0
deepseek-ai/deepseek-v3,pcm,Nigerian Pidgin,Latn,alphabet,0.9688,0.975,,direct,0.006199999999999983
deepseek-ai/deepseek-v3,pis,Pijin,Latn,alphabet,1.0,1.0,,direct,0.0
deepseek-ai/deepseek-v3,pl,Polish,Latn,alphabet,1.0,1.0,,direct,0.0
deepseek-ai/deepseek-v3,prg,Prussian,Latn,alphabet,0.8974,0.9179,,direct,0.020500000000000074
deepseek-ai/deepseek-v3,ps,Pashto,Arab,abjad,0.8167,0.8533,,direct,0.036599999999999966
deepseek-ai/deepseek-v3,pt,Portuguese,Latn,alphabet,1.0,1.0,,direct,0.0
deepseek-ai/deepseek-v3,qu,Quechua,Latn,alphabet,1.0,1.0,,direct,0.0
deepseek-ai/deepseek-v3,quc,Kʼicheʼ,Latn,alphabet,1.0,1.0,,direct,0.0
deepseek-ai/deepseek-v3,raj,Rajasthani,Deva,abugida,0.9143,0.9265,,direct,0.012199999999999989
deepseek-ai/deepseek-v3,rhg,Rohingya,Rohg,abjad,0.0,0.2,,direct,0.2
deepseek-ai/deepseek-v3,rif,Riffian,Latn,alphabet,0.9677,0.9742,,direct,0.00649999999999995
deepseek-ai/deepseek-v3,rm,Romansh,Latn,alphabet,1.0,1.0,,direct,0.0
deepseek-ai/deepseek-v3,rn,Rundi,Latn,alphabet,1.0,1.0,,direct,0.0
deepseek-ai/deepseek-v3,ro,Romanian,Latn,alphabet,1.0,1.0,,direct,0.0
deepseek-ai/deepseek-v3,rof,Rombo,Latn,alphabet,1.0,1.0,,direct,0.0
deepseek-ai/deepseek-v3,ru,Russian,Cyrl,alphabet,1.0,1.0,,direct,0.0
deepseek-ai/deepseek-v3,rw,Kinyarwanda,Latn,alphabet,1.0,1.0,,direct,0.0
deepseek-ai/deepseek-v3,rwk,Rwa,Latn,alphabet,1.0,1.0,,direct,0.0
deepseek-ai/deepseek-v3,sa,Sanskrit,Deva,abugida,0.7643,0.8071,,direct,0.04280000000000006
deepseek-ai/deepseek-v3,sah,Yakut,Cyrl,alphabet,0.9231,0.9385,,direct,0.01539999999999997
deepseek-ai/deepseek-v3,saq,Samburu,Latn,alphabet,1.0,1.0,,direct,0.0
deepseek-ai/deepseek-v3,sat,Santali,Olck,alphabet,0.1111,0.2889,,direct,0.17779999999999999
deepseek-ai/deepseek-v3,sbp,Sangu,Latn,alphabet,1.0,1.0,,direct,0.0
deepseek-ai/deepseek-v3,sc,Sardinian,Latn,alphabet,1.0,1.0,,direct,0.0
deepseek-ai/deepseek-v3,scn,Sicilian,Latn,alphabet,1.0,1.0,,direct,0.0
deepseek-ai/deepseek-v3,sd,Sindhi,Arab,abjad,0.6538,0.7231,,direct,0.06929999999999992
deepseek-ai/deepseek-v3,sdh,Southern Kurdish,Arab,abjad,0.9118,0.9294,,direct,0.01759999999999995
deepseek-ai/deepseek-v3,se,Northern Sami,Latn,alphabet,0.9655,0.9724,,direct,0.006900000000000017
deepseek-ai/deepseek-v3,seh,Sena,Latn,alphabet,1.0,1.0,,direct,0.0
deepseek-ai/deepseek-v3,ses,Koyraboro Senni,Latn,alphabet,0.9688,0.975,,direct,0.006199999999999983
deepseek-ai/deepseek-v3,sg,Sango,Latn,alphabet,1.0,1.0,,direct,0.0
deepseek-ai/deepseek-v3,shi,Tachelhit,Tfng,alphabet,0.0,0.2,,direct,0.2
deepseek-ai/deepseek-v3,shn,Shan,Mymr,abugida,0.4,0.5174,,direct,0.11739999999999995
deepseek-ai/deepseek-v3,si,Sinhala,Sinh,abugida,0.2973,0.4378,,direct,0.1405
deepseek-ai/deepseek-v3,sid,Sidamo,Latn,alphabet,1.0,1.0,,direct,0.0
deepseek-ai/deepseek-v3,sk,Slovak,Latn,alphabet,0.9535,0.9628,,direct,0.009299999999999975
deepseek-ai/deepseek-v3,skr,skr,Arab,abjad,0.8571,0.8857,,direct,0.02860000000000007
deepseek-ai/deepseek-v3,sl,Slovenian,Latn,alphabet,1.0,1.0,,direct,0.0
deepseek-ai/deepseek-v3,sma,Southern Sami,Latn,alphabet,1.0,1.0,,direct,0.0
deepseek-ai/deepseek-v3,smj,Lule Sami,Latn,alphabet,1.0,1.0,,direct,0.0
deepseek-ai/deepseek-v3,smn,Inari Sami,Latn,alphabet,1.0,1.0,,direct,0.0
deepseek-ai/deepseek-v3,sms,Skolt Sami,Latn,alphabet,0.8889,0.9111,,direct,0.022199999999999998
deepseek-ai/deepseek-v3,sn,Shona,Latn,alphabet,1.0,1.0,,direct,0.0
deepseek-ai/deepseek-v3,so,Somali,Latn,alphabet,1.0,1.0,,direct,0.0
deepseek-ai/deepseek-v3,sq,Albanian,Latn,alphabet,1.0,1.0,,direct,0.0
deepseek-ai/deepseek-v3,sr,Serbian,Cyrl,alphabet,0.9667,0.9733,,direct,0.00660000000000005
deepseek-ai/deepseek-v3,ss,Swati,Latn,alphabet,1.0,1.0,,direct,0.0
deepseek-ai/deepseek-v3,ssy,Saho,Latn,alphabet,1.0,1.0,,direct,0.0
deepseek-ai/deepseek-v3,st,Southern Sotho,Latn,alphabet,1.0,1.0,,direct,0.0
deepseek-ai/deepseek-v3,su,Sundanese,Latn,alphabet,1.0,1.0,,direct,0.0
deepseek-ai/deepseek-v3,sv,Swedish,Latn,alphabet,1.0,1.0,,direct,0.0
deepseek-ai/deepseek-v3,sw,Swahili,Latn,alphabet,1.0,1.0,,direct,0.0
deepseek-ai/deepseek-v3,syr,Syriac,Syrc,abjad,0.0,0.2,,direct,0.2
deepseek-ai/deepseek-v3,szl,Silesian,Latn,alphabet,1.0,1.0,,direct,0.0
deepseek-ai/deepseek-v3,ta,Tamil,Taml,abugida,0.6915,0.7468,,direct,0.055300000000000016
deepseek-ai/deepseek-v3,te,Telugu,Telu,abugida,0.4871,0.5871,,direct,0.09999999999999998
deepseek-ai/deepseek-v3,teo,Teso,Latn,alphabet,1.0,1.0,,direct,0.0
deepseek-ai/deepseek-v3,tg,Tajik,Cyrl,alphabet,0.9143,0.9314,,direct,0.017100000000000004
deepseek-ai/deepseek-v3,th,Thai,Thai,abugida,0.9041,0.9233,,direct,0.019199999999999995
deepseek-ai/deepseek-v3,ti,Tigrinya,Ethi,syllabary,0.0,0.2,,within_script_only,0.2
deepseek-ai/deepseek-v3,tig,Tigre,Ethi,syllabary,0.0,0.2,,within_script_only,0.2
deepseek-ai/deepseek-v3,tk,Turkmen,Latn,alphabet,1.0,1.0,,direct,0.0
deepseek-ai/deepseek-v3,tn,Tswana,Latn,alphabet,1.0,1.0,,direct,0.0
deepseek-ai/deepseek-v3,to,Tongan,Latn,alphabet,1.0,1.0,,direct,0.0
deepseek-ai/deepseek-v3,tok,Toki Pona,Latn,alphabet,1.0,1.0,,direct,0.0
deepseek-ai/deepseek-v3,tpi,Tok Pisin,Latn,alphabet,1.0,1.0,,direct,0.0
deepseek-ai/deepseek-v3,tr,Turkish,Latn,alphabet,1.0,1.0,,direct,0.0
deepseek-ai/deepseek-v3,trv,Taroko,Latn,alphabet,1.0,1.0,,direct,0.0
deepseek-ai/deepseek-v3,trw,Torwali,Arab,abjad,0.875,0.9,,direct,0.025000000000000022
deepseek-ai/deepseek-v3,ts,Tsonga,Latn,alphabet,1.0,1.0,,direct,0.0
deepseek-ai/deepseek-v3,tt,Tatar,Cyrl,alphabet,0.9923,0.9923,,direct,0.0
deepseek-ai/deepseek-v3,twq,Tasawaq,Latn,alphabet,0.9688,0.975,,direct,0.006199999999999983
deepseek-ai/deepseek-v3,tyv,Tuvinian,Cyrl,alphabet,1.0,1.0,,direct,0.0
deepseek-ai/deepseek-v3,tzm,Central Atlas Tamazight,Latn,alphabet,0.9677,0.9742,,direct,0.00649999999999995
deepseek-ai/deepseek-v3,ug,Uyghur,Arab,abjad,0.9118,0.9294,,direct,0.01759999999999995
deepseek-ai/deepseek-v3,uk,Ukrainian,Cyrl,alphabet,0.9706,0.9765,,direct,0.005900000000000016
deepseek-ai/deepseek-v3,ur,Urdu,Arab,abjad,1.0,1.0,,direct,0.0
deepseek-ai/deepseek-v3,uz,Uzbek,Latn,alphabet,1.0,1.0,,direct,0.0
deepseek-ai/deepseek-v3,vai,Vai,Vaii,syllabary,0.0,0.2,,within_script_only,0.2
deepseek-ai/deepseek-v3,ve,Venda,Latn,alphabet,0.8214,0.8571,,direct,0.035699999999999954
deepseek-ai/deepseek-v3,vec,Venetian,Latn,alphabet,1.0,1.0,,direct,0.0
deepseek-ai/deepseek-v3,vi,Vietnamese,Latn,alphabet,0.918,0.9337,,direct,0.015699999999999936
deepseek-ai/deepseek-v3,vmw,Makhuwa,Latn,alphabet,1.0,1.0,,direct,0.0
deepseek-ai/deepseek-v3,vo,Volapük,Latn,alphabet,1.0,1.0,,direct,0.0
deepseek-ai/deepseek-v3,vun,Vunjo,Latn,alphabet,1.0,1.0,,direct,0.0
deepseek-ai/deepseek-v3,wa,Walloon,Latn,alphabet,1.0,1.0,,direct,0.0
deepseek-ai/deepseek-v3,wae,Walser,Latn,alphabet,1.0,1.0,,direct,0.0
deepseek-ai/deepseek-v3,wal,Wolaytta,Ethi,syllabary,0.0,0.2,,within_script_only,0.2
deepseek-ai/deepseek-v3,wbp,Warlpiri,Latn,alphabet,1.0,1.0,,direct,0.0
deepseek-ai/deepseek-v3,wo,Wolof,Latn,alphabet,1.0,1.0,,direct,0.0
deepseek-ai/deepseek-v3,xh,Xhosa,Latn,alphabet,1.0,1.0,,direct,0.0
deepseek-ai/deepseek-v3,xnr,Kangri,Deva,abugida,0.8258,0.8561,,direct,0.030299999999999994
deepseek-ai/deepseek-v3,xog,Soga,Latn,alphabet,1.0,1.0,,direct,0.0
deepseek-ai/deepseek-v3,yav,Yangben,Latn,alphabet,1.0,1.0,,direct,0.0
deepseek-ai/deepseek-v3,yi,Yiddish,Hebr,abjad,0.9029,0.9206,,direct,0.017699999999999938
deepseek-ai/deepseek-v3,yo,Yoruba,Latn,alphabet,0.925,0.94,,direct,0.014999999999999902
deepseek-ai/deepseek-v3,yrl,Nheengatu,Latn,alphabet,1.0,1.0,,direct,0.0
deepseek-ai/deepseek-v3,yue,Cantonese,Hant,logographic,0.9263,0.9411,,within_script_only,0.014800000000000035
deepseek-ai/deepseek-v3,za,Zhuang,Latn,alphabet,1.0,1.0,,direct,0.0
deepseek-ai/deepseek-v3,zgh,Standard Moroccan Tamazight,Tfng,alphabet,0.0,0.2,,direct,0.2
deepseek-ai/deepseek-v3,zh,Chinese,Hans,logographic,0.991,0.9928,,within_script_only,0.0018000000000000238
deepseek-ai/deepseek-v3,zu,Zulu,Latn,alphabet,1.0,1.0,,direct,0.0
facebook/nllb-200-distilled-600M,aa,Afar,Latn,alphabet,1.0,1.0,,direct,0.0
facebook/nllb-200-distilled-600M,ab,Abkhazian,Cyrl,alphabet,0.8,0.8,,direct,0.0
facebook/nllb-200-distilled-600M,af,Afrikaans,Latn,alphabet,1.0,1.0,,direct,0.0
facebook/nllb-200-distilled-600M,agq,Aghem,Latn,alphabet,1.0,1.0,,direct,0.0
facebook/nllb-200-distilled-600M,ak,Akan,Latn,alphabet,1.0,1.0,,direct,0.0
facebook/nllb-200-distilled-600M,am,Amharic,Ethi,syllabary,0.9043,0.9043,,within_script_only,0.0
facebook/nllb-200-distilled-600M,an,Aragonese,Latn,alphabet,1.0,1.0,,direct,0.0
facebook/nllb-200-distilled-600M,ann,Obolo,Latn,alphabet,1.0,1.0,,direct,0.0
facebook/nllb-200-distilled-600M,apc,apc,Arab,abjad,1.0,1.0,,direct,0.0
facebook/nllb-200-distilled-600M,ar,Arabic,Arab,abjad,1.0,1.0,,direct,0.0
facebook/nllb-200-distilled-600M,arn,Mapuche,Latn,alphabet,0.96,0.96,,direct,0.0
facebook/nllb-200-distilled-600M,as,Assamese,Beng,abugida,1.0,1.0,,direct,0.0
facebook/nllb-200-distilled-600M,asa,Asu,Latn,alphabet,1.0,1.0,,direct,0.0
facebook/nllb-200-distilled-600M,ast,Asturian,Latn,alphabet,1.0,1.0,,direct,0.0
facebook/nllb-200-distilled-600M,az,Azerbaijani,Latn,alphabet,1.0,1.0,,direct,0.0
facebook/nllb-200-distilled-600M,ba,Bashkir,Cyrl,alphabet,1.0,1.0,,direct,0.0
facebook/nllb-200-distilled-600M,bal,Baluchi,Arab,abjad,1.0,1.0,,direct,0.0
facebook/nllb-200-distilled-600M,bas,Basaa,Latn,alphabet,0.9677,0.9677,,direct,0.0
facebook/nllb-200-distilled-600M,be,Belarusian,Cyrl,alphabet,1.0,1.0,,direct,0.0
facebook/nllb-200-distilled-600M,bem,Bemba,Latn,alphabet,1.0,1.0,,direct,0.0
facebook/nllb-200-distilled-600M,bew,Betawi,Latn,alphabet,1.0,1.0,,direct,0.0
facebook/nllb-200-distilled-600M,bez,Bena,Latn,alphabet,1.0,1.0,,direct,0.0
facebook/nllb-200-distilled-600M,bg,Bulgarian,Cyrl,alphabet,1.0,1.0,,direct,0.0
facebook/nllb-200-distilled-600M,bgc,Haryanvi,Deva,abugida,1.0,1.0,,direct,0.0
facebook/nllb-200-distilled-600M,bgn,Western Balochi,Arab,abjad,1.0,1.0,,direct,0.0
facebook/nllb-200-distilled-600M,bho,Bhojpuri,Deva,abugida,1.0,1.0,,direct,0.0
facebook/nllb-200-distilled-600M,blo,Anii,Latn,alphabet,1.0,1.0,,direct,0.0
facebook/nllb-200-distilled-600M,blt,Tai Dam,Tavt,abugida,0.0,0.0,,direct,0.0
facebook/nllb-200-distilled-600M,bm,Bambara,Latn,alphabet,1.0,1.0,,direct,0.0
facebook/nllb-200-distilled-600M,bn,Bangla,Beng,abugida,0.8676,0.8676,,direct,0.0
facebook/nllb-200-distilled-600M,bo,Tibetan,Tibt,abugida,0.6897,0.6897,,direct,0.0
facebook/nllb-200-distilled-600M,br,Breton,Latn,alphabet,1.0,1.0,,direct,0.0
facebook/nllb-200-distilled-600M,brx,Bodo,Deva,abugida,1.0,1.0,,direct,0.0
facebook/nllb-200-distilled-600M,bs,Bosnian,Latn,alphabet,1.0,1.0,,direct,0.0
facebook/nllb-200-distilled-600M,bss,Akoose,Latn,alphabet,1.0,1.0,,direct,0.0
facebook/nllb-200-distilled-600M,byn,Blin,Ethi,syllabary,0.8789,0.8789,,within_script_only,0.0
facebook/nllb-200-distilled-600M,ca,Catalan,Latn,alphabet,1.0,1.0,,direct,0.0
facebook/nllb-200-distilled-600M,cad,Caddo,Latn,alphabet,0.9667,0.9667,,direct,0.0
facebook/nllb-200-distilled-600M,cch,Atsam,Latn,alphabet,0.9643,0.9643,,direct,0.0
facebook/nllb-200-distilled-600M,ccp,Chakma,Cakm,abugida,0.0,0.0,,direct,0.0
facebook/nllb-200-distilled-600M,ce,Chechen,Cyrl,alphabet,0.9706,0.9706,,direct,0.0
facebook/nllb-200-distilled-600M,ceb,Cebuano,Latn,alphabet,1.0,1.0,,direct,0.0
facebook/nllb-200-distilled-600M,cgg,Chiga,Latn,alphabet,1.0,1.0,,direct,0.0
facebook/nllb-200-distilled-600M,cho,Choctaw,Latn,alphabet,1.0,1.0,,direct,0.0
facebook/nllb-200-distilled-600M,chr,Cherokee,Cher,syllabary,0.0,0.0,,within_script_only,0.0
facebook/nllb-200-distilled-600M,cic,Chickasaw,Latn,alphabet,1.0,1.0,,direct,0.0
facebook/nllb-200-distilled-600M,ckb,Central Kurdish,Arab,abjad,1.0,1.0,,direct,0.0
facebook/nllb-200-distilled-600M,co,Corsican,Latn,alphabet,1.0,1.0,,direct,0.0
facebook/nllb-200-distilled-600M,cop,Coptic,Copt,alphabet,0.0,0.0,,direct,0.0
facebook/nllb-200-distilled-600M,cs,Czech,Latn,alphabet,1.0,1.0,,direct,0.0
facebook/nllb-200-distilled-600M,csw,Swampy Cree,Cans,syllabary,0.0,0.0,,within_script_only,0.0
facebook/nllb-200-distilled-600M,cu,Church Slavic,Cyrl,alphabet,0.4861,0.4861,,direct,0.0
facebook/nllb-200-distilled-600M,cv,Chuvash,Cyrl,alphabet,0.9189,0.9189,,direct,0.0
facebook/nllb-200-distilled-600M,cy,Welsh,Latn,alphabet,0.9388,0.9388,,direct,0.0
facebook/nllb-200-distilled-600M,da,Danish,Latn,alphabet,1.0,1.0,,direct,0.0
facebook/nllb-200-distilled-600M,dav,Taita,Latn,alphabet,1.0,1.0,,direct,0.0
facebook/nllb-200-distilled-600M,de,German,Latn,alphabet,1.0,1.0,,direct,0.0
facebook/nllb-200-distilled-600M,dje,Zarma,Latn,alphabet,1.0,1.0,,direct,0.0
facebook/nllb-200-distilled-600M,doi,Dogri,Deva,abugida,0.9286,0.9286,,direct,0.0
facebook/nllb-200-distilled-600M,dsb,Lower Sorbian,Latn,alphabet,1.0,1.0,,direct,0.0
facebook/nllb-200-distilled-600M,dua,Duala,Latn,alphabet,1.0,1.0,,direct,0.0
facebook/nllb-200-distilled-600M,dv,Divehi,Thaa,abjad,0.0286,0.0286,,direct,0.0
facebook/nllb-200-distilled-600M,dyo,Jola-Fonyi,Latn,alphabet,1.0,1.0,,direct,0.0
facebook/nllb-200-distilled-600M,dz,Dzongkha,Tibt,abugida,0.8966,0.8966,,direct,0.0
facebook/nllb-200-distilled-600M,ebu,Embu,Latn,alphabet,1.0,1.0,,direct,0.0
facebook/nllb-200-distilled-600M,ee,Ewe,Latn,alphabet,1.0,1.0,,direct,0.0
facebook/nllb-200-distilled-600M,el,Greek,Grek,alphabet,1.0,1.0,,direct,0.0
facebook/nllb-200-distilled-600M,en,English,Latn,alphabet,1.0,1.0,,direct,0.0
facebook/nllb-200-distilled-600M,eo,Esperanto,Latn,alphabet,1.0,1.0,,direct,0.0
facebook/nllb-200-distilled-600M,es,Spanish,Latn,alphabet,1.0,1.0,,direct,0.0
facebook/nllb-200-distilled-600M,et,Estonian,Latn,alphabet,1.0,1.0,,direct,0.0
facebook/nllb-200-distilled-600M,eu,Basque,Latn,alphabet,1.0,1.0,,direct,0.0
facebook/nllb-200-distilled-600M,ewo,Ewondo,Latn,alphabet,1.0,1.0,,direct,0.0
facebook/nllb-200-distilled-600M,fa,Persian,Arab,abjad,1.0,1.0,,direct,0.0
facebook/nllb-200-distilled-600M,ff,Fula,Latn,alphabet,1.0,1.0,,direct,0.0
facebook/nllb-200-distilled-600M,fi,Finnish,Latn,alphabet,1.0,1.0,,direct,0.0
facebook/nllb-200-distilled-600M,fil,Filipino,Latn,alphabet,1.0,1.0,,direct,0.0
facebook/nllb-200-distilled-600M,fo,Faroese,Latn,alphabet,1.0,1.0,,direct,0.0
facebook/nllb-200-distilled-600M,fr,French,Latn,alphabet,1.0,1.0,,direct,0.0
facebook/nllb-200-distilled-600M,frr,Northern Frisian,Latn,alphabet,1.0,1.0,,direct,0.0
facebook/nllb-200-distilled-600M,fur,Friulian,Latn,alphabet,1.0,1.0,,direct,0.0
facebook/nllb-200-distilled-600M,fy,Western Frisian,Latn,alphabet,1.0,1.0,,direct,0.0
facebook/nllb-200-distilled-600M,ga,Irish,Latn,alphabet,1.0,1.0,,direct,0.0
facebook/nllb-200-distilled-600M,gaa,Ga,Latn,alphabet,1.0,1.0,,direct,0.0
facebook/nllb-200-distilled-600M,gd,Scottish Gaelic,Latn,alphabet,1.0,1.0,,direct,0.0
facebook/nllb-200-distilled-600M,gez,Geez,Ethi,syllabary,0.8779,0.8779,,within_script_only,0.0
facebook/nllb-200-distilled-600M,gl,Galician,Latn,alphabet,1.0,1.0,,direct,0.0
facebook/nllb-200-distilled-600M,gn,Guarani,Latn,alphabet,1.0,1.0,,direct,0.0
facebook/nllb-200-distilled-600M,gsw,Swiss German,Latn,alphabet,1.0,1.0,,direct,0.0
facebook/nllb-200-distilled-600M,gu,Gujarati,Gujr,abugida,0.8971,0.8971,,direct,0.0
facebook/nllb-200-distilled-600M,guz,Gusii,Latn,alphabet,1.0,1.0,,direct,0.0
facebook/nllb-200-distilled-600M,gv,Manx,Latn,alphabet,1.0,1.0,,direct,0.0
facebook/nllb-200-distilled-600M,ha,Hausa,Latn,alphabet,1.0,1.0,,direct,0.0
facebook/nllb-200-distilled-600M,haw,Hawaiian,Latn,alphabet,1.0,1.0,,direct,0.0
facebook/nllb-200-distilled-600M,he,Hebrew,Hebr,abjad,1.0,1.0,,direct,0.0
facebook/nllb-200-distilled-600M,hi,Hindi,Deva,abugida,0.9851,0.9851,,direct,0.0
facebook/nllb-200-distilled-600M,hnj,Hmong Njua,Hmnp,alphabet,0.0,0.0,,direct,0.0
facebook/nllb-200-distilled-600M,hr,Croatian,Latn,alphabet,1.0,1.0,,direct,0.0
facebook/nllb-200-distilled-600M,hsb,Upper Sorbian,Latn,alphabet,1.0,1.0,,direct,0.0
facebook/nllb-200-distilled-600M,ht,Haitian Creole,Latn,alphabet,1.0,1.0,,direct,0.0
facebook/nllb-200-distilled-600M,hu,Hungarian,Latn,alphabet,1.0,1.0,,direct,0.0
facebook/nllb-200-distilled-600M,hy,Armenian,Armn,alphabet,1.0,1.0,,direct,0.0
facebook/nllb-200-distilled-600M,ia,Interlingua,Latn,alphabet,1.0,1.0,,direct,0.0
facebook/nllb-200-distilled-600M,id,Indonesian,Latn,alphabet,1.0,1.0,,direct,0.0
facebook/nllb-200-distilled-600M,ie,Interlingue,Latn,alphabet,1.0,1.0,,direct,0.0
facebook/nllb-200-distilled-600M,ig,Igbo,Latn,alphabet,1.0,1.0,,direct,0.0
facebook/nllb-200-distilled-600M,ii,Sichuan Yi,Yiii,syllabary,0.0,0.0,,within_script_only,0.0
facebook/nllb-200-distilled-600M,io,Ido,Latn,alphabet,1.0,1.0,,direct,0.0
facebook/nllb-200-distilled-600M,is,Icelandic,Latn,alphabet,1.0,1.0,,direct,0.0
facebook/nllb-200-distilled-600M,it,Italian,Latn,alphabet,1.0,1.0,,direct,0.0
facebook/nllb-200-distilled-600M,iu,Inuktitut,Cans,syllabary,0.0,0.0,,within_script_only,0.0
facebook/nllb-200-distilled-600M,ja,Japanese,Jpan,mixed_logographic,0.9537,0.9537,,within_script_only,0.0
facebook/nllb-200-distilled-600M,jbo,Lojban,Latn,alphabet,1.0,1.0,,direct,0.0
facebook/nllb-200-distilled-600M,jgo,Ngomba,Latn,alphabet,0.9778,0.9778,,direct,0.0
facebook/nllb-200-distilled-600M,jmc,Machame,Latn,alphabet,1.0,1.0,,direct,0.0
facebook/nllb-200-distilled-600M,jv,Javanese,Latn,alphabet,1.0,1.0,,direct,0.0
facebook/nllb-200-distilled-600M,ka,Georgian,Geor,alphabet,1.0,1.0,,direct,0.0
facebook/nllb-200-distilled-600M,kaa,Kara-Kalpak,Cyrl,alphabet,1.0,1.0,,direct,0.0
facebook/nllb-200-distilled-600M,kab,Kabyle,Latn,alphabet,1.0,1.0,,direct,0.0
facebook/nllb-200-distilled-600M,kaj,Jju,Latn,alphabet,1.0,1.0,,direct,0.0
facebook/nllb-200-distilled-600M,kam,Kamba,Latn,alphabet,1.0,1.0,,direct,0.0
facebook/nllb-200-distilled-600M,kcg,Tyap,Latn,alphabet,1.0,1.0,,direct,0.0
facebook/nllb-200-distilled-600M,kde,Makonde,Latn,alphabet,1.0,1.0,,direct,0.0
facebook/nllb-200-distilled-600M,kea,Kabuverdianu,Latn,alphabet,1.0,1.0,,direct,0.0
facebook/nllb-200-distilled-600M,ken,Kenyang,Latn,alphabet,1.0,1.0,,direct,0.0
facebook/nllb-200-distilled-600M,kgp,Kaingang,Latn,alphabet,1.0,1.0,,direct,0.0
facebook/nllb-200-distilled-600M,khq,Koyra Chiini,Latn,alphabet,1.0,1.0,,direct,0.0
facebook/nllb-200-distilled-600M,ki,Kikuyu,Latn,alphabet,1.0,1.0,,direct,0.0
facebook/nllb-200-distilled-600M,kk,Kazakh,Cyrl,alphabet,1.0,1.0,,direct,0.0
facebook/nllb-200-distilled-600M,kkj,Kako,Latn,alphabet,1.0,1.0,,direct,0.0
facebook/nllb-200-distilled-600M,kl,Kalaallisut,Latn,alphabet,1.0,1.0,,direct,0.0
facebook/nllb-200-distilled-600M,kln,Kalenjin,Latn,alphabet,1.0,1.0,,direct,0.0
facebook/nllb-200-distilled-600M,km,Khmer,Khmr,abugida,0.9444,0.9444,,direct,0.0
facebook/nllb-200-distilled-600M,kn,Kannada,Knda,abugida,0.8592,0.8592,,direct,0.0
facebook/nllb-200-distilled-600M,ko,Korean,Kore,featural_syllabary,0.1141,0.1141,0.194,within_script_only,0.0
facebook/nllb-200-distilled-600M,kok,Konkani,Deva,abugida,0.987,0.987,,direct,0.0
facebook/nllb-200-distilled-600M,kpe,Kpelle,Latn,alphabet,1.0,1.0,,direct,0.0
facebook/nllb-200-distilled-600M,ks,Kashmiri,Arab,abjad,1.0,1.0,,direct,0.0
facebook/nllb-200-distilled-600M,ksb,Shambala,Latn,alphabet,1.0,1.0,,direct,0.0
facebook/nllb-200-distilled-600M,ksf,Bafia,Latn,alphabet,1.0,1.0,,direct,0.0
facebook/nllb-200-distilled-600M,ksh,Colognian,Latn,alphabet,1.0,1.0,,direct,0.0
facebook/nllb-200-distilled-600M,ku,Kurdish,Latn,alphabet,1.0,1.0,,direct,0.0
facebook/nllb-200-distilled-600M,kw,Cornish,Latn,alphabet,1.0,1.0,,direct,0.0
facebook/nllb-200-distilled-600M,kxv,Kuvi,Latn,alphabet,1.0,1.0,,direct,0.0
facebook/nllb-200-distilled-600M,ky,Kyrgyz,Cyrl,alphabet,1.0,1.0,,direct,0.0
facebook/nllb-200-distilled-600M,la,Latin,Latn,alphabet,1.0,1.0,,direct,0.0
facebook/nllb-200-distilled-600M,lag,Langi,Latn,alphabet,1.0,1.0,,direct,0.0
facebook/nllb-200-distilled-600M,lb,Luxembourgish,Latn,alphabet,1.0,1.0,,direct,0.0
facebook/nllb-200-distilled-600M,lg,Ganda,Latn,alphabet,1.0,1.0,,direct,0.0
facebook/nllb-200-distilled-600M,lij,Ligurian,Latn,alphabet,1.0,1.0,,direct,0.0
facebook/nllb-200-distilled-600M,lkt,Lakota,Latn,alphabet,0.9667,0.9667,,direct,0.0
facebook/nllb-200-distilled-600M,lld,lld,Latn,alphabet,1.0,1.0,,direct,0.0
facebook/nllb-200-distilled-600M,lmo,Lombard,Latn,alphabet,1.0,1.0,,direct,0.0
facebook/nllb-200-distilled-600M,ln,Lingala,Latn,alphabet,1.0,1.0,,direct,0.0
facebook/nllb-200-distilled-600M,lo,Lao,Laoo,abugida,0.9455,0.9455,,direct,0.0
facebook/nllb-200-distilled-600M,lrc,Northern Luri,Arab,abjad,0.9767,0.9767,,direct,0.0
facebook/nllb-200-distilled-600M,lt,Lithuanian,Latn,alphabet,1.0,1.0,,direct,0.0
facebook/nllb-200-distilled-600M,ltg,Latgalian,Latn,alphabet,1.0,1.0,,direct,0.0
facebook/nllb-200-distilled-600M,lu,Luba-Katanga,Latn,alphabet,1.0,1.0,,direct,0.0
facebook/nllb-200-distilled-600M,luo,Luo,Latn,alphabet,1.0,1.0,,direct,0.0
facebook/nllb-200-distilled-600M,luy,Luyia,Latn,alphabet,1.0,1.0,,direct,0.0
facebook/nllb-200-distilled-600M,lv,Latvian,Latn,alphabet,1.0,1.0,,direct,0.0
facebook/nllb-200-distilled-600M,mai,Maithili,Deva,abugida,1.0,1.0,,direct,0.0
facebook/nllb-200-distilled-600M,mas,Masai,Latn,alphabet,1.0,1.0,,direct,0.0
facebook/nllb-200-distilled-600M,mdf,Moksha,Cyrl,alphabet,1.0,1.0,,direct,0.0
facebook/nllb-200-distilled-600M,mer,Meru,Latn,alphabet,1.0,1.0,,direct,0.0
facebook/nllb-200-distilled-600M,mfe,Morisyen,Latn,alphabet,1.0,1.0,,direct,0.0
facebook/nllb-200-distilled-600M,mg,Malagasy,Latn,alphabet,1.0,1.0,,direct,0.0
facebook/nllb-200-distilled-600M,mgh,Makhuwa-Meetto,Latn,alphabet,1.0,1.0,,direct,0.0
facebook/nllb-200-distilled-600M,mgo,Metaʼ,Latn,alphabet,1.0,1.0,,direct,0.0
facebook/nllb-200-distilled-600M,mhn,mhn,Latn,alphabet,1.0,1.0,,direct,0.0
facebook/nllb-200-distilled-600M,mi,Māori,Latn,alphabet,1.0,1.0,,direct,0.0
facebook/nllb-200-distilled-600M,mic,Mi'kmaw,Latn,alphabet,1.0,1.0,,direct,0.0
facebook/nllb-200-distilled-600M,mk,Macedonian,Cyrl,alphabet,1.0,1.0,,direct,0.0
facebook/nllb-200-distilled-600M,ml,Malayalam,Mlym,abugida,0.9608,0.9608,,direct,0.0
facebook/nllb-200-distilled-600M,mn,Mongolian,Cyrl,alphabet,1.0,1.0,,direct,0.0
facebook/nllb-200-distilled-600M,mni,Manipuri,Beng,abugida,1.0,1.0,,direct,0.0
facebook/nllb-200-distilled-600M,moh,Mohawk,Latn,alphabet,1.0,1.0,,direct,0.0
facebook/nllb-200-distilled-600M,mr,Marathi,Deva,abugida,0.9844,0.9844,,direct,0.0
facebook/nllb-200-distilled-600M,ms,Malay,Latn,alphabet,1.0,1.0,,direct,0.0
facebook/nllb-200-distilled-600M,mt,Maltese,Latn,alphabet,1.0,1.0,,direct,0.0
facebook/nllb-200-distilled-600M,mua,Mundang,Latn,alphabet,0.9697,0.9697,,direct,0.0
facebook/nllb-200-distilled-600M,mus,Muscogee,Latn,alphabet,1.0,1.0,,direct,0.0
facebook/nllb-200-distilled-600M,my,Burmese,Mymr,abugida,0.9667,0.9667,,direct,0.0
facebook/nllb-200-distilled-600M,myv,Erzya,Cyrl,alphabet,1.0,1.0,,direct,0.0
facebook/nllb-200-distilled-600M,mzn,Mazanderani,Arab,abjad,1.0,1.0,,direct,0.0
facebook/nllb-200-distilled-600M,naq,Nama,Latn,alphabet,0.871,0.871,,direct,0.0
facebook/nllb-200-distilled-600M,nd,North Ndebele,Latn,alphabet,1.0,1.0,,direct,0.0
facebook/nllb-200-distilled-600M,nds,Low German,Latn,alphabet,1.0,1.0,,direct,0.0
facebook/nllb-200-distilled-600M,ne,Nepali,Deva,abugida,0.9851,0.9851,,direct,0.0
facebook/nllb-200-distilled-600M,nl,Dutch,Latn,alphabet,1.0,1.0,,direct,0.0
facebook/nllb-200-distilled-600M,nmg,Kwasio,Latn,alphabet,1.0,1.0,,direct,0.0
facebook/nllb-200-distilled-600M,nnh,Ngiemboon,Latn,alphabet,0.9815,0.9815,,direct,0.0
facebook/nllb-200-distilled-600M,no,Norwegian,Latn,alphabet,1.0,1.0,,direct,0.0
facebook/nllb-200-distilled-600M,nqo,N’Ko,Nkoo,alphabet,0.0,0.0,,direct,0.0
facebook/nllb-200-distilled-600M,nr,South Ndebele,Latn,alphabet,1.0,1.0,,direct,0.0
facebook/nllb-200-distilled-600M,nso,Northern Sotho,Latn,alphabet,1.0,1.0,,direct,0.0
facebook/nllb-200-distilled-600M,nus,Nuer,Latn,alphabet,1.0,1.0,,direct,0.0
facebook/nllb-200-distilled-600M,nv,Navajo,Latn,alphabet,0.9355,0.9355,,direct,0.0
facebook/nllb-200-distilled-600M,ny,Nyanja,Latn,alphabet,1.0,1.0,,direct,0.0
facebook/nllb-200-distilled-600M,nyn,Nyankole,Latn,alphabet,1.0,1.0,,direct,0.0
facebook/nllb-200-distilled-600M,oc,Occitan,Latn,alphabet,1.0,1.0,,direct,0.0
facebook/nllb-200-distilled-600M,om,Oromo,Latn,alphabet,1.0,1.0,,direct,0.0
facebook/nllb-200-distilled-600M,or,Odia,Orya,abugida,1.0,1.0,,direct,0.0
facebook/nllb-200-distilled-600M,os,Ossetic,Cyrl,alphabet,0.9706,0.9706,,direct,0.0
facebook/nllb-200-distilled-600M,osa,Osage,Osge,alphabet,0.075,0.075,,direct,0.0
facebook/nllb-200-distilled-600M,pa,Punjabi,Guru,abugida,0.8676,0.8676,,direct,0.0
facebook/nllb-200-distilled-600M,pap,Papiamento,Latn,alphabet,1.0,1.0,,direct,0.0
facebook/nllb-200-distilled-600M,pcm,Nigerian Pidgin,Latn,alphabet,1.0,1.0,,direct,0.0
facebook/nllb-200-distilled-600M,pis,Pijin,Latn,alphabet,1.0,1.0,,direct,0.0
facebook/nllb-200-distilled-600M,pl,Polish,Latn,alphabet,1.0,1.0,,direct,0.0
facebook/nllb-200-distilled-600M,prg,Prussian,Latn,alphabet,0.9744,0.9744,,direct,0.0
facebook/nllb-200-distilled-600M,ps,Pashto,Arab,abjad,1.0,1.0,,direct,0.0
facebook/nllb-200-distilled-600M,pt,Portuguese,Latn,alphabet,1.0,1.0,,direct,0.0
facebook/nllb-200-distilled-600M,qu,Quechua,Latn,alphabet,1.0,1.0,,direct,0.0
facebook/nllb-200-distilled-600M,quc,Kʼicheʼ,Latn,alphabet,1.0,1.0,,direct,0.0
facebook/nllb-200-distilled-600M,raj,Rajasthani,Deva,abugida,1.0,1.0,,direct,0.0
facebook/nllb-200-distilled-600M,rhg,Rohingya,Rohg,abjad,0.0,0.0,,direct,0.0
facebook/nllb-200-distilled-600M,rif,Riffian,Latn,alphabet,1.0,1.0,,direct,0.0
facebook/nllb-200-distilled-600M,rm,Romansh,Latn,alphabet,1.0,1.0,,direct,0.0
facebook/nllb-200-distilled-600M,rn,Rundi,Latn,alphabet,1.0,1.0,,direct,0.0
facebook/nllb-200-distilled-600M,ro,Romanian,Latn,alphabet,1.0,1.0,,direct,0.0
facebook/nllb-200-distilled-600M,rof,Rombo,Latn,alphabet,1.0,1.0,,direct,0.0
facebook/nllb-200-distilled-600M,ru,Russian,Cyrl,alphabet,1.0,1.0,,direct,0.0
facebook/nllb-200-distilled-600M,rw,Kinyarwanda,Latn,alphabet,1.0,1.0,,direct,0.0
facebook/nllb-200-distilled-600M,rwk,Rwa,Latn,alphabet,1.0,1.0,,direct,0.0
facebook/nllb-200-distilled-600M,sa,Sanskrit,Deva,abugida,0.9286,0.9286,,direct,0.0
facebook/nllb-200-distilled-600M,sah,Yakut,Cyrl,alphabet,0.9231,0.9231,,direct,0.0
facebook/nllb-200-distilled-600M,saq,Samburu,Latn,alphabet,1.0,1.0,,direct,0.0
facebook/nllb-200-distilled-600M,sat,Santali,Olck,alphabet,0.9722,0.9722,,direct,0.0
facebook/nllb-200-distilled-600M,sbp,Sangu,Latn,alphabet,1.0,1.0,,direct,0.0
facebook/nllb-200-distilled-600M,sc,Sardinian,Latn,alphabet,1.0,1.0,,direct,0.0
facebook/nllb-200-distilled-600M,scn,Sicilian,Latn,alphabet,1.0,1.0,,direct,0.0
facebook/nllb-200-distilled-600M,sd,Sindhi,Arab,abjad,1.0,1.0,,direct,0.0
facebook/nllb-200-distilled-600M,sdh,Southern Kurdish,Arab,abjad,1.0,1.0,,direct,0.0
facebook/nllb-200-distilled-600M,se,Northern Sami,Latn,alphabet,1.0,1.0,,direct,0.0
facebook/nllb-200-distilled-600M,seh,Sena,Latn,alphabet,1.0,1.0,,direct,0.0
facebook/nllb-200-distilled-600M,ses,Koyraboro Senni,Latn,alphabet,1.0,1.0,,direct,0.0
facebook/nllb-200-distilled-600M,sg,Sango,Latn,alphabet,1.0,1.0,,direct,0.0
facebook/nllb-200-distilled-600M,shi,Tachelhit,Tfng,alphabet,0.9688,0.9688,,direct,0.0
facebook/nllb-200-distilled-600M,shn,Shan,Mymr,abugida,0.8696,0.8696,,direct,0.0
facebook/nllb-200-distilled-600M,si,Sinhala,Sinh,abugida,0.8784,0.8784,,direct,0.0
facebook/nllb-200-distilled-600M,sid,Sidamo,Latn,alphabet,1.0,1.0,,direct,0.0
facebook/nllb-200-distilled-600M,sk,Slovak,Latn,alphabet,1.0,1.0,,direct,0.0
facebook/nllb-200-distilled-600M,skr,skr,Arab,abjad,0.9592,0.9592,,direct,0.0
facebook/nllb-200-distilled-600M,sl,Slovenian,Latn,alphabet,1.0,1.0,,direct,0.0
facebook/nllb-200-distilled-600M,sma,Southern Sami,Latn,alphabet,1.0,1.0,,direct,0.0
facebook/nllb-200-distilled-600M,smj,Lule Sami,Latn,alphabet,1.0,1.0,,direct,0.0
facebook/nllb-200-distilled-600M,smn,Inari Sami,Latn,alphabet,1.0,1.0,,direct,0.0
facebook/nllb-200-distilled-600M,sms,Skolt Sami,Latn,alphabet,0.9167,0.9167,,direct,0.0
facebook/nllb-200-distilled-600M,sn,Shona,Latn,alphabet,1.0,1.0,,direct,0.0
facebook/nllb-200-distilled-600M,so,Somali,Latn,alphabet,1.0,1.0,,direct,0.0
facebook/nllb-200-distilled-600M,sq,Albanian,Latn,alphabet,1.0,1.0,,direct,0.0
facebook/nllb-200-distilled-600M,sr,Serbian,Cyrl,alphabet,1.0,1.0,,direct,0.0
facebook/nllb-200-distilled-600M,ss,Swati,Latn,alphabet,1.0,1.0,,direct,0.0
facebook/nllb-200-distilled-600M,ssy,Saho,Latn,alphabet,1.0,1.0,,direct,0.0
facebook/nllb-200-distilled-600M,st,Southern Sotho,Latn,alphabet,1.0,1.0,,direct,0.0
facebook/nllb-200-distilled-600M,su,Sundanese,Latn,alphabet,1.0,1.0,,direct,0.0
facebook/nllb-200-distilled-600M,sv,Swedish,Latn,alphabet,1.0,1.0,,direct,0.0
facebook/nllb-200-distilled-600M,sw,Swahili,Latn,alphabet,1.0,1.0,,direct,0.0
facebook/nllb-200-distilled-600M,syr,Syriac,Syrc,abjad,0.0,0.0,,direct,0.0
facebook/nllb-200-distilled-600M,szl,Silesian,Latn,alphabet,1.0,1.0,,direct,0.0
facebook/nllb-200-distilled-600M,ta,Tamil,Taml,abugida,0.9787,0.9787,,direct,0.0
facebook/nllb-200-distilled-600M,te,Telugu,Telu,abugida,0.8857,0.8857,,direct,0.0
facebook/nllb-200-distilled-600M,teo,Teso,Latn,alphabet,1.0,1.0,,direct,0.0
facebook/nllb-200-distilled-600M,tg,Tajik,Cyrl,alphabet,1.0,1.0,,direct,0.0
facebook/nllb-200-distilled-600M,th,Thai,Thai,abugida,0.9315,0.9315,,direct,0.0
facebook/nllb-200-distilled-600M,ti,Tigrinya,Ethi,syllabary,0.897,0.897,,within_script_only,0.0
facebook/nllb-200-distilled-600M,tig,Tigre,Ethi,syllabary,0.6173,0.6173,,within_script_only,0.0
facebook/nllb-200-distilled-600M,tk,Turkmen,Latn,alphabet,1.0,1.0,,direct,0.0
facebook/nllb-200-distilled-600M,tn,Tswana,Latn,alphabet,1.0,1.0,,direct,0.0
facebook/nllb-200-distilled-600M,to,Tongan,Latn,alphabet,1.0,1.0,,direct,0.0
facebook/nllb-200-distilled-600M,tok,Toki Pona,Latn,alphabet,1.0,1.0,,direct,0.0
facebook/nllb-200-distilled-600M,tpi,Tok Pisin,Latn,alphabet,1.0,1.0,,direct,0.0
facebook/nllb-200-distilled-600M,tr,Turkish,Latn,alphabet,1.0,1.0,,direct,0.0
facebook/nllb-200-distilled-600M,trv,Taroko,Latn,alphabet,1.0,1.0,,direct,0.0
facebook/nllb-200-distilled-600M,trw,Torwali,Arab,abjad,0.9375,0.9375,,direct,0.0
facebook/nllb-200-distilled-600M,ts,Tsonga,Latn,alphabet,1.0,1.0,,direct,0.0
facebook/nllb-200-distilled-600M,tt,Tatar,Cyrl,alphabet,1.0,1.0,,direct,0.0
facebook/nllb-200-distilled-600M,twq,Tasawaq,Latn,alphabet,1.0,1.0,,direct,0.0
facebook/nllb-200-distilled-600M,tyv,Tuvinian,Cyrl,alphabet,1.0,1.0,,direct,0.0
facebook/nllb-200-distilled-600M,tzm,Central Atlas Tamazight,Latn,alphabet,0.9677,0.9677,,direct,0.0
facebook/nllb-200-distilled-600M,ug,Uyghur,Arab,abjad,1.0,1.0,,direct,0.0
facebook/nllb-200-distilled-600M,uk,Ukrainian,Cyrl,alphabet,1.0,1.0,,direct,0.0
facebook/nllb-200-distilled-600M,ur,Urdu,Arab,abjad,1.0,1.0,,direct,0.0
facebook/nllb-200-distilled-600M,uz,Uzbek,Latn,alphabet,1.0,1.0,,direct,0.0
facebook/nllb-200-distilled-600M,vai,Vai,Vaii,syllabary,0.0,0.0,,within_script_only,0.0
facebook/nllb-200-distilled-600M,ve,Venda,Latn,alphabet,1.0,1.0,,direct,0.0
facebook/nllb-200-distilled-600M,vec,Venetian,Latn,alphabet,1.0,1.0,,direct,0.0
facebook/nllb-200-distilled-600M,vi,Vietnamese,Latn,alphabet,1.0,1.0,,direct,0.0
facebook/nllb-200-distilled-600M,vmw,Makhuwa,Latn,alphabet,1.0,1.0,,direct,0.0
facebook/nllb-200-distilled-600M,vo,Volapük,Latn,alphabet,1.0,1.0,,direct,0.0
facebook/nllb-200-distilled-600M,vun,Vunjo,Latn,alphabet,1.0,1.0,,direct,0.0
facebook/nllb-200-distilled-600M,wa,Walloon,Latn,alphabet,1.0,1.0,,direct,0.0
facebook/nllb-200-distilled-600M,wae,Walser,Latn,alphabet,1.0,1.0,,direct,0.0
facebook/nllb-200-distilled-600M,wal,Wolaytta,Ethi,syllabary,0.625,0.625,,within_script_only,0.0
facebook/nllb-200-distilled-600M,wbp,Warlpiri,Latn,alphabet,1.0,1.0,,direct,0.0
facebook/nllb-200-distilled-600M,wo,Wolof,Latn,alphabet,1.0,1.0,,direct,0.0
facebook/nllb-200-distilled-600M,xh,Xhosa,Latn,alphabet,1.0,1.0,,direct,0.0
facebook/nllb-200-distilled-600M,xnr,Kangri,Deva,abugida,0.9697,0.9697,,direct,0.0
facebook/nllb-200-distilled-600M,xog,Soga,Latn,alphabet,1.0,1.0,,direct,0.0
facebook/nllb-200-distilled-600M,yav,Yangben,Latn,alphabet,1.0,1.0,,direct,0.0
facebook/nllb-200-distilled-600M,yi,Yiddish,Hebr,abjad,1.0,1.0,,direct,0.0
facebook/nllb-200-distilled-600M,yo,Yoruba,Latn,alphabet,1.0,1.0,,direct,0.0
facebook/nllb-200-distilled-600M,yrl,Nheengatu,Latn,alphabet,1.0,1.0,,direct,0.0
facebook/nllb-200-distilled-600M,yue,Cantonese,Hant,logographic,0.8368,0.8368,,within_script_only,0.0
facebook/nllb-200-distilled-600M,za,Zhuang,Latn,alphabet,1.0,1.0,,direct,0.0
facebook/nllb-200-distilled-600M,zgh,Standard Moroccan Tamazight,Tfng,alphabet,0.9688,0.9688,,direct,0.0
facebook/nllb-200-distilled-600M,zh,Chinese,Hans,logographic,0.8905,0.8905,,within_script_only,0.0
facebook/nllb-200-distilled-600M,zu,Zulu,Latn,alphabet,1.0,1.0,,direct,0.0
facebook/xglm-564M,aa,Afar,Latn,alphabet,1.0,1.0,,direct,0.0
facebook/xglm-564M,ab,Abkhazian,Cyrl,alphabet,0.75,0.75,,direct,0.0
facebook/xglm-564M,af,Afrikaans,Latn,alphabet,1.0,1.0,,direct,0.0
facebook/xglm-564M,agq,Aghem,Latn,alphabet,0.9423,0.9423,,direct,0.0
facebook/xglm-564M,ak,Akan,Latn,alphabet,1.0,1.0,,direct,0.0
facebook/xglm-564M,am,Amharic,Ethi,syllabary,0.7908,0.7908,,within_script_only,0.0
facebook/xglm-564M,an,Aragonese,Latn,alphabet,1.0,1.0,,direct,0.0
facebook/xglm-564M,ann,Obolo,Latn,alphabet,1.0,1.0,,direct,0.0
facebook/xglm-564M,apc,apc,Arab,abjad,1.0,1.0,,direct,0.0
facebook/xglm-564M,ar,Arabic,Arab,abjad,1.0,1.0,,direct,0.0
facebook/xglm-564M,arn,Mapuche,Latn,alphabet,0.96,0.96,,direct,0.0
facebook/xglm-564M,as,Assamese,Beng,abugida,0.9492,0.9492,,direct,0.0
facebook/xglm-564M,asa,Asu,Latn,alphabet,1.0,1.0,,direct,0.0
facebook/xglm-564M,ast,Asturian,Latn,alphabet,1.0,1.0,,direct,0.0
facebook/xglm-564M,az,Azerbaijani,Latn,alphabet,1.0,1.0,,direct,0.0
facebook/xglm-564M,ba,Bashkir,Cyrl,alphabet,0.9286,0.9286,,direct,0.0
facebook/xglm-564M,bal,Baluchi,Arab,abjad,1.0,1.0,,direct,0.0
facebook/xglm-564M,bas,Basaa,Latn,alphabet,0.9355,0.9355,,direct,0.0
facebook/xglm-564M,be,Belarusian,Cyrl,alphabet,1.0,1.0,,direct,0.0
facebook/xglm-564M,bem,Bemba,Latn,alphabet,1.0,1.0,,direct,0.0
facebook/xglm-564M,bew,Betawi,Latn,alphabet,1.0,1.0,,direct,0.0
facebook/xglm-564M,bez,Bena,Latn,alphabet,1.0,1.0,,direct,0.0
facebook/xglm-564M,bg,Bulgarian,Cyrl,alphabet,1.0,1.0,,direct,0.0
facebook/xglm-564M,bgc,Haryanvi,Deva,abugida,1.0,1.0,,direct,0.0
facebook/xglm-564M,bgn,Western Balochi,Arab,abjad,1.0,1.0,,direct,0.0
facebook/xglm-564M,bho,Bhojpuri,Deva,abugida,1.0,1.0,,direct,0.0
facebook/xglm-564M,blo,Anii,Latn,alphabet,0.9388,0.9388,,direct,0.0
facebook/xglm-564M,blt,Tai Dam,Tavt,abugida,0.0,0.0,,direct,0.0
facebook/xglm-564M,bm,Bambara,Latn,alphabet,1.0,1.0,,direct,0.0
facebook/xglm-564M,bn,Bangla,Beng,abugida,0.8235,0.8235,,direct,0.0
facebook/xglm-564M,bo,Tibetan,Tibt,abugida,0.046,0.046,,direct,0.0
facebook/xglm-564M,br,Breton,Latn,alphabet,1.0,1.0,,direct,0.0
facebook/xglm-564M,brx,Bodo,Deva,abugida,0.9836,0.9836,,direct,0.0
facebook/xglm-564M,bs,Bosnian,Latn,alphabet,1.0,1.0,,direct,0.0
facebook/xglm-564M,bss,Akoose,Latn,alphabet,0.9423,0.9423,,direct,0.0
facebook/xglm-564M,byn,Blin,Ethi,syllabary,0.7578,0.7578,,within_script_only,0.0
facebook/xglm-564M,ca,Catalan,Latn,alphabet,1.0,1.0,,direct,0.0
facebook/xglm-564M,cad,Caddo,Latn,alphabet,0.9333,0.9333,,direct,0.0
facebook/xglm-564M,cch,Atsam,Latn,alphabet,0.9643,0.9643,,direct,0.0
facebook/xglm-564M,ccp,Chakma,Cakm,abugida,0.0,0.0,,direct,0.0
facebook/xglm-564M,ce,Chechen,Cyrl,alphabet,0.9706,0.9706,,direct,0.0
facebook/xglm-564M,ceb,Cebuano,Latn,alphabet,1.0,1.0,,direct,0.0
facebook/xglm-564M,cgg,Chiga,Latn,alphabet,1.0,1.0,,direct,0.0
facebook/xglm-564M,cho,Choctaw,Latn,alphabet,1.0,1.0,,direct,0.0
facebook/xglm-564M,chr,Cherokee,Cher,syllabary,0.0,0.0,,within_script_only,0.0
facebook/xglm-564M,cic,Chickasaw,Latn,alphabet,1.0,1.0,,direct,0.0
facebook/xglm-564M,ckb,Central Kurdish,Arab,abjad,1.0,1.0,,direct,0.0
facebook/xglm-564M,co,Corsican,Latn,alphabet,1.0,1.0,,direct,0.0
facebook/xglm-564M,cop,Coptic,Copt,alphabet,0.0312,0.0312,,direct,0.0
facebook/xglm-564M,cs,Czech,Latn,alphabet,1.0,1.0,,direct,0.0
facebook/xglm-564M,csw,Swampy Cree,Cans,syllabary,0.7732,0.7732,,within_script_only,0.0
facebook/xglm-564M,cu,Church Slavic,Cyrl,alphabet,0.5,0.5,,direct,0.0
facebook/xglm-564M,cv,Chuvash,Cyrl,alphabet,0.8919,0.8919,,direct,0.0
facebook/xglm-564M,cy,Welsh,Latn,alphabet,0.9388,0.9388,,direct,0.0
facebook/xglm-564M,da,Danish,Latn,alphabet,1.0,1.0,,direct,0.0
facebook/xglm-564M,dav,Taita,Latn,alphabet,1.0,1.0,,direct,0.0
facebook/xglm-564M,de,German,Latn,alphabet,1.0,1.0,,direct,0.0
facebook/xglm-564M,dje,Zarma,Latn,alphabet,1.0,1.0,,direct,0.0
facebook/xglm-564M,doi,Dogri,Deva,abugida,0.8857,0.8857,,direct,0.0
facebook/xglm-564M,dsb,Lower Sorbian,Latn,alphabet,1.0,1.0,,direct,0.0
facebook/xglm-564M,dua,Duala,Latn,alphabet,1.0,1.0,,direct,0.0
facebook/xglm-564M,dv,Divehi,Thaa,abjad,0.0,0.0,,direct,0.0
facebook/xglm-564M,dyo,Jola-Fonyi,Latn,alphabet,1.0,1.0,,direct,0.0
facebook/xglm-564M,dz,Dzongkha,Tibt,abugida,0.0517,0.0517,,direct,0.0
facebook/xglm-564M,ebu,Embu,Latn,alphabet,1.0,1.0,,direct,0.0
facebook/xglm-564M,ee,Ewe,Latn,alphabet,1.0,1.0,,direct,0.0
facebook/xglm-564M,el,Greek,Grek,alphabet,0.9722,0.9722,,direct,0.0
facebook/xglm-564M,en,English,Latn,alphabet,1.0,1.0,,direct,0.0
facebook/xglm-564M,eo,Esperanto,Latn,alphabet,1.0,1.0,,direct,0.0
facebook/xglm-564M,es,Spanish,Latn,alphabet,1.0,1.0,,direct,0.0
facebook/xglm-564M,et,Estonian,Latn,alphabet,1.0,1.0,,direct,0.0
facebook/xglm-564M,eu,Basque,Latn,alphabet,1.0,1.0,,direct,0.0
facebook/xglm-564M,ewo,Ewondo,Latn,alphabet,0.9615,0.9615,,direct,0.0
facebook/xglm-564M,fa,Persian,Arab,abjad,1.0,1.0,,direct,0.0
facebook/xglm-564M,ff,Fula,Latn,alphabet,1.0,1.0,,direct,0.0
facebook/xglm-564M,fi,Finnish,Latn,alphabet,1.0,1.0,,direct,0.0
facebook/xglm-564M,fil,Filipino,Latn,alphabet,1.0,1.0,,direct,0.0
facebook/xglm-564M,fo,Faroese,Latn,alphabet,1.0,1.0,,direct,0.0
facebook/xglm-564M,fr,French,Latn,alphabet,1.0,1.0,,direct,0.0
facebook/xglm-564M,frr,Northern Frisian,Latn,alphabet,1.0,1.0,,direct,0.0
facebook/xglm-564M,fur,Friulian,Latn,alphabet,1.0,1.0,,direct,0.0
facebook/xglm-564M,fy,Western Frisian,Latn,alphabet,1.0,1.0,,direct,0.0
facebook/xglm-564M,ga,Irish,Latn,alphabet,1.0,1.0,,direct,0.0
facebook/xglm-564M,gaa,Ga,Latn,alphabet,1.0,1.0,,direct,0.0
facebook/xglm-564M,gd,Scottish Gaelic,Latn,alphabet,1.0,1.0,,direct,0.0
facebook/xglm-564M,gez,Geez,Ethi,syllabary,0.8122,0.8122,,within_script_only,0.0
facebook/xglm-564M,gl,Galician,Latn,alphabet,1.0,1.0,,direct,0.0
facebook/xglm-564M,gn,Guarani,Latn,alphabet,1.0,1.0,,direct,0.0
facebook/xglm-564M,gsw,Swiss German,Latn,alphabet,1.0,1.0,,direct,0.0
facebook/xglm-564M,gu,Gujarati,Gujr,abugida,0.8235,0.8235,,direct,0.0
facebook/xglm-564M,guz,Gusii,Latn,alphabet,1.0,1.0,,direct,0.0
facebook/xglm-564M,gv,Manx,Latn,alphabet,1.0,1.0,,direct,0.0
facebook/xglm-564M,ha,Hausa,Latn,alphabet,1.0,1.0,,direct,0.0
facebook/xglm-564M,haw,Hawaiian,Latn,alphabet,1.0,1.0,,direct,0.0
facebook/xglm-564M,he,Hebrew,Hebr,abjad,1.0,1.0,,direct,0.0
facebook/xglm-564M,hi,Hindi,Deva,abugida,0.9701,0.9701,,direct,0.0
facebook/xglm-564M,hnj,Hmong Njua,Hmnp,alphabet,0.0,0.0,,direct,0.0
facebook/xglm-564M,hr,Croatian,Latn,alphabet,1.0,1.0,,direct,0.0
facebook/xglm-564M,hsb,Upper Sorbian,Latn,alphabet,1.0,1.0,,direct,0.0
facebook/xglm-564M,ht,Haitian Creole,Latn,alphabet,1.0,1.0,,direct,0.0
facebook/xglm-564M,hu,Hungarian,Latn,alphabet,1.0,1.0,,direct,0.0
facebook/xglm-564M,hy,Armenian,Armn,alphabet,1.0,1.0,,direct,0.0
facebook/xglm-564M,ia,Interlingua,Latn,alphabet,1.0,1.0,,direct,0.0
facebook/xglm-564M,id,Indonesian,Latn,alphabet,1.0,1.0,,direct,0.0
facebook/xglm-564M,ie,Interlingue,Latn,alphabet,1.0,1.0,,direct,0.0
facebook/xglm-564M,ig,Igbo,Latn,alphabet,1.0,1.0,,direct,0.0
facebook/xglm-564M,ii,Sichuan Yi,Yiii,syllabary,0.0,0.0,,within_script_only,0.0
facebook/xglm-564M,io,Ido,Latn,alphabet,1.0,1.0,,direct,0.0
facebook/xglm-564M,is,Icelandic,Latn,alphabet,1.0,1.0,,direct,0.0
facebook/xglm-564M,it,Italian,Latn,alphabet,1.0,1.0,,direct,0.0
facebook/xglm-564M,iu,Inuktitut,Cans,syllabary,0.7982,0.7982,,within_script_only,0.0
facebook/xglm-564M,ja,Japanese,Jpan,mixed_logographic,0.839,0.839,,within_script_only,0.0
facebook/xglm-564M,jbo,Lojban,Latn,alphabet,1.0,1.0,,direct,0.0
facebook/xglm-564M,jgo,Ngomba,Latn,alphabet,0.9111,0.9111,,direct,0.0
facebook/xglm-564M,jmc,Machame,Latn,alphabet,1.0,1.0,,direct,0.0
facebook/xglm-564M,jv,Javanese,Latn,alphabet,1.0,1.0,,direct,0.0
facebook/xglm-564M,ka,Georgian,Geor,alphabet,1.0,1.0,,direct,0.0
facebook/xglm-564M,kaa,Kara-Kalpak,Cyrl,alphabet,1.0,1.0,,direct,0.0
facebook/xglm-564M,kab,Kabyle,Latn,alphabet,1.0,1.0,,direct,0.0
facebook/xglm-564M,kaj,Jju,Latn,alphabet,1.0,1.0,,direct,0.0
facebook/xglm-564M,kam,Kamba,Latn,alphabet,1.0,1.0,,direct,0.0
facebook/xglm-564M,kcg,Tyap,Latn,alphabet,1.0,1.0,,direct,0.0
facebook/xglm-564M,kde,Makonde,Latn,alphabet,1.0,1.0,,direct,0.0
facebook/xglm-564M,kea,Kabuverdianu,Latn,alphabet,1.0,1.0,,direct,0.0
facebook/xglm-564M,ken,Kenyang,Latn,alphabet,0.9756,0.9756,,direct,0.0
facebook/xglm-564M,kgp,Kaingang,Latn,alphabet,1.0,1.0,,direct,0.0
facebook/xglm-564M,khq,Koyra Chiini,Latn,alphabet,1.0,1.0,,direct,0.0
facebook/xglm-564M,ki,Kikuyu,Latn,alphabet,1.0,1.0,,direct,0.0
facebook/xglm-564M,kk,Kazakh,Cyrl,alphabet,1.0,1.0,,direct,0.0
facebook/xglm-564M,kkj,Kako,Latn,alphabet,0.9787,0.9787,,direct,0.0
facebook/xglm-564M,kl,Kalaallisut,Latn,alphabet,1.0,1.0,,direct,0.0
facebook/xglm-564M,kln,Kalenjin,Latn,alphabet,1.0,1.0,,direct,0.0
facebook/xglm-564M,km,Khmer,Khmr,abugida,0.8889,0.8889,,direct,0.0
facebook/xglm-564M,kn,Kannada,Knda,abugida,0.8169,0.8169,,direct,0.0
facebook/xglm-564M,ko,Korean,Kore,featural_syllabary,0.0706,0.0706,0.0448,within_script_only,0.0
facebook/xglm-564M,kok,Konkani,Deva,abugida,0.974,0.974,,direct,0.0
facebook/xglm-564M,kpe,Kpelle,Latn,alphabet,1.0,1.0,,direct,0.0
facebook/xglm-564M,ks,Kashmiri,Arab,abjad,0.9348,0.9348,,direct,0.0
facebook/xglm-564M,ksb,Shambala,Latn,alphabet,1.0,1.0,,direct,0.0
facebook/xglm-564M,ksf,Bafia,Latn,alphabet,1.0,1.0,,direct,0.0
facebook/xglm-564M,ksh,Colognian,Latn,alphabet,1.0,1.0,,direct,0.0
facebook/xglm-564M,ku,Kurdish,Latn,alphabet,1.0,1.0,,direct,0.0
facebook/xglm-564M,kw,Cornish,Latn,alphabet,1.0,1.0,,direct,0.0
facebook/xglm-564M,kxv,Kuvi,Latn,alphabet,1.0,1.0,,direct,0.0
facebook/xglm-564M,ky,Kyrgyz,Cyrl,alphabet,1.0,1.0,,direct,0.0
facebook/xglm-564M,la,Latin,Latn,alphabet,1.0,1.0,,direct,0.0
facebook/xglm-564M,lag,Langi,Latn,alphabet,1.0,1.0,,direct,0.0
facebook/xglm-564M,lb,Luxembourgish,Latn,alphabet,1.0,1.0,,direct,0.0
facebook/xglm-564M,lg,Ganda,Latn,alphabet,1.0,1.0,,direct,0.0
facebook/xglm-564M,lij,Ligurian,Latn,alphabet,1.0,1.0,,direct,0.0
facebook/xglm-564M,lkt,Lakota,Latn,alphabet,0.9667,0.9667,,direct,0.0
facebook/xglm-564M,lld,lld,Latn,alphabet,1.0,1.0,,direct,0.0
facebook/xglm-564M,lmo,Lombard,Latn,alphabet,1.0,1.0,,direct,0.0
facebook/xglm-564M,ln,Lingala,Latn,alphabet,0.9512,0.9512,,direct,0.0
facebook/xglm-564M,lo,Lao,Laoo,abugida,0.8909,0.8909,,direct,0.0
facebook/xglm-564M,lrc,Northern Luri,Arab,abjad,0.8837,0.8837,,direct,0.0
facebook/xglm-564M,lt,Lithuanian,Latn,alphabet,1.0,1.0,,direct,0.0
facebook/xglm-564M,ltg,Latgalian,Latn,alphabet,1.0,1.0,,direct,0.0
facebook/xglm-564M,lu,Luba-Katanga,Latn,alphabet,1.0,1.0,,direct,0.0
facebook/xglm-564M,luo,Luo,Latn,alphabet,1.0,1.0,,direct,0.0
facebook/xglm-564M,luy,Luyia,Latn,alphabet,1.0,1.0,,direct,0.0
facebook/xglm-564M,lv,Latvian,Latn,alphabet,1.0,1.0,,direct,0.0
facebook/xglm-564M,mai,Maithili,Deva,abugida,1.0,1.0,,direct,0.0
facebook/xglm-564M,mas,Masai,Latn,alphabet,1.0,1.0,,direct,0.0
facebook/xglm-564M,mdf,Moksha,Cyrl,alphabet,1.0,1.0,,direct,0.0
facebook/xglm-564M,mer,Meru,Latn,alphabet,1.0,1.0,,direct,0.0
facebook/xglm-564M,mfe,Morisyen,Latn,alphabet,1.0,1.0,,direct,0.0
facebook/xglm-564M,mg,Malagasy,Latn,alphabet,1.0,1.0,,direct,0.0
facebook/xglm-564M,mgh,Makhuwa-Meetto,Latn,alphabet,1.0,1.0,,direct,0.0
facebook/xglm-564M,mgo,Metaʼ,Latn,alphabet,1.0,1.0,,direct,0.0
facebook/xglm-564M,mhn,mhn,Latn,alphabet,1.0,1.0,,direct,0.0
facebook/xglm-564M,mi,Māori,Latn,alphabet,1.0,1.0,,direct,0.0
facebook/xglm-564M,mic,Mi'kmaw,Latn,alphabet,1.0,1.0,,direct,0.0
facebook/xglm-564M,mk,Macedonian,Cyrl,alphabet,1.0,1.0,,direct,0.0
facebook/xglm-564M,ml,Malayalam,Mlym,abugida,0.902,0.902,,direct,0.0
facebook/xglm-564M,mn,Mongolian,Cyrl,alphabet,1.0,1.0,,direct,0.0
facebook/xglm-564M,mni,Manipuri,Beng,abugida,0.9492,0.9492,,direct,0.0
facebook/xglm-564M,moh,Mohawk,Latn,alphabet,1.0,1.0,,direct,0.0
facebook/xglm-564M,mr,Marathi,Deva,abugida,0.9844,0.9844,,direct,0.0
facebook/xglm-564M,ms,Malay,Latn,alphabet,1.0,1.0,,direct,0.0
facebook/xglm-564M,mt,Maltese,Latn,alphabet,0.9394,0.9394,,direct,0.0
facebook/xglm-564M,mua,Mundang,Latn,alphabet,0.9697,0.9697,,direct,0.0
facebook/xglm-564M,mus,Muscogee,Latn,alphabet,1.0,1.0,,direct,0.0
facebook/xglm-564M,my,Burmese,Mymr,abugida,0.8667,0.8667,,direct,0.0
facebook/xglm-564M,myv,Erzya,Cyrl,alphabet,1.0,1.0,,direct,0.0
facebook/xglm-564M,mzn,Mazanderani,Arab,abjad,1.0,1.0,,direct,0.0
facebook/xglm-564M,naq,Nama,Latn,alphabet,0.9355,0.9355,,direct,0.0
facebook/xglm-564M,nd,North Ndebele,Latn,alphabet,1.0,1.0,,direct,0.0
facebook/xglm-564M,nds,Low German,Latn,alphabet,1.0,1.0,,direct,0.0
facebook/xglm-564M,ne,Nepali,Deva,abugida,0.9701,0.9701,,direct,0.0
facebook/xglm-564M,nl,Dutch,Latn,alphabet,1.0,1.0,,direct,0.0
facebook/xglm-564M,nmg,Kwasio,Latn,alphabet,0.9649,0.9649,,direct,0.0
facebook/xglm-564M,nnh,Ngiemboon,Latn,alphabet,0.9259,0.9259,,direct,0.0
facebook/xglm-564M,no,Norwegian,Latn,alphabet,1.0,1.0,,direct,0.0
facebook/xglm-564M,nqo,N’Ko,Nkoo,alphabet,0.0,0.0,,direct,0.0
facebook/xglm-564M,nr,South Ndebele,Latn,alphabet,1.0,1.0,,direct,0.0
facebook/xglm-564M,nso,Northern Sotho,Latn,alphabet,1.0,1.0,,direct,0.0
facebook/xglm-564M,nus,Nuer,Latn,alphabet,1.0,1.0,,direct,0.0
facebook/xglm-564M,nv,Navajo,Latn,alphabet,0.9677,0.9677,,direct,0.0
facebook/xglm-564M,ny,Nyanja,Latn,alphabet,1.0,1.0,,direct,0.0
facebook/xglm-564M,nyn,Nyankole,Latn,alphabet,1.0,1.0,,direct,0.0
facebook/xglm-564M,oc,Occitan,Latn,alphabet,1.0,1.0,,direct,0.0
facebook/xglm-564M,om,Oromo,Latn,alphabet,1.0,1.0,,direct,0.0
facebook/xglm-564M,or,Odia,Orya,abugida,0.9194,0.9194,,direct,0.0
facebook/xglm-564M,os,Ossetic,Cyrl,alphabet,0.9706,0.9706,,direct,0.0
facebook/xglm-564M,osa,Osage,Osge,alphabet,0.1,0.1,,direct,0.0
facebook/xglm-564M,pa,Punjabi,Guru,abugida,0.8529,0.8529,,direct,0.0
facebook/xglm-564M,pap,Papiamento,Latn,alphabet,1.0,1.0,,direct,0.0
facebook/xglm-564M,pcm,Nigerian Pidgin,Latn,alphabet,1.0,1.0,,direct,0.0
facebook/xglm-564M,pis,Pijin,Latn,alphabet,1.0,1.0,,direct,0.0
facebook/xglm-564M,pl,Polish,Latn,alphabet,1.0,1.0,,direct,0.0
facebook/xglm-564M,prg,Prussian,Latn,alphabet,0.9744,0.9744,,direct,0.0
facebook/xglm-564M,ps,Pashto,Arab,abjad,1.0,1.0,,direct,0.0
facebook/xglm-564M,pt,Portuguese,Latn,alphabet,1.0,1.0,,direct,0.0
facebook/xglm-564M,qu,Quechua,Latn,alphabet,1.0,1.0,,direct,0.0
facebook/xglm-564M,quc,Kʼicheʼ,Latn,alphabet,1.0,1.0,,direct,0.0
facebook/xglm-564M,raj,Rajasthani,Deva,abugida,1.0,1.0,,direct,0.0
facebook/xglm-564M,rhg,Rohingya,Rohg,abjad,0.0,0.0,,direct,0.0
facebook/xglm-564M,rif,Riffian,Latn,alphabet,1.0,1.0,,direct,0.0
facebook/xglm-564M,rm,Romansh,Latn,alphabet,1.0,1.0,,direct,0.0
facebook/xglm-564M,rn,Rundi,Latn,alphabet,1.0,1.0,,direct,0.0
facebook/xglm-564M,ro,Romanian,Latn,alphabet,1.0,1.0,,direct,0.0
facebook/xglm-564M,rof,Rombo,Latn,alphabet,1.0,1.0,,direct,0.0
facebook/xglm-564M,ru,Russian,Cyrl,alphabet,1.0,1.0,,direct,0.0
facebook/xglm-564M,rw,Kinyarwanda,Latn,alphabet,1.0,1.0,,direct,0.0
facebook/xglm-564M,rwk,Rwa,Latn,alphabet,1.0,1.0,,direct,0.0
facebook/xglm-564M,sa,Sanskrit,Deva,abugida,0.8857,0.8857,,direct,0.0
facebook/xglm-564M,sah,Yakut,Cyrl,alphabet,1.0,1.0,,direct,0.0
facebook/xglm-564M,saq,Samburu,Latn,alphabet,1.0,1.0,,direct,0.0
facebook/xglm-564M,sat,Santali,Olck,alphabet,0.0,0.0,,direct,0.0
facebook/xglm-564M,sbp,Sangu,Latn,alphabet,1.0,1.0,,direct,0.0
facebook/xglm-564M,sc,Sardinian,Latn,alphabet,1.0,1.0,,direct,0.0
facebook/xglm-564M,scn,Sicilian,Latn,alphabet,1.0,1.0,,direct,0.0
facebook/xglm-564M,sd,Sindhi,Arab,abjad,1.0,1.0,,direct,0.0
facebook/xglm-564M,sdh,Southern Kurdish,Arab,abjad,0.9706,0.9706,,direct,0.0
facebook/xglm-564M,se,Northern Sami,Latn,alphabet,1.0,1.0,,direct,0.0
facebook/xglm-564M,seh,Sena,Latn,alphabet,1.0,1.0,,direct,0.0
facebook/xglm-564M,ses,Koyraboro Senni,Latn,alphabet,1.0,1.0,,direct,0.0
facebook/xglm-564M,sg,Sango,Latn,alphabet,1.0,1.0,,direct,0.0
facebook/xglm-564M,shi,Tachelhit,Tfng,alphabet,0.0,0.0,,direct,0.0
facebook/xglm-564M,shn,Shan,Mymr,abugida,0.8261,0.8261,,direct,0.0
facebook/xglm-564M,si,Sinhala,Sinh,abugida,0.8649,0.8649,,direct,0.0
facebook/xglm-564M,sid,Sidamo,Latn,alphabet,1.0,1.0,,direct,0.0
facebook/xglm-564M,sk,Slovak,Latn,alphabet,1.0,1.0,,direct,0.0
facebook/xglm-564M,skr,skr,Arab,abjad,0.9592,0.9592,,direct,0.0
facebook/xglm-564M,sl,Slovenian,Latn,alphabet,1.0,1.0,,direct,0.0
facebook/xglm-564M,sma,Southern Sami,Latn,alphabet,1.0,1.0,,direct,0.0
facebook/xglm-564M,smj,Lule Sami,Latn,alphabet,1.0,1.0,,direct,0.0
facebook/xglm-564M,smn,Inari Sami,Latn,alphabet,1.0,1.0,,direct,0.0
facebook/xglm-564M,sms,Skolt Sami,Latn,alphabet,0.8889,0.8889,,direct,0.0
facebook/xglm-564M,sn,Shona,Latn,alphabet,1.0,1.0,,direct,0.0
facebook/xglm-564M,so,Somali,Latn,alphabet,1.0,1.0,,direct,0.0
facebook/xglm-564M,sq,Albanian,Latn,alphabet,1.0,1.0,,direct,0.0
facebook/xglm-564M,sr,Serbian,Cyrl,alphabet,1.0,1.0,,direct,0.0
facebook/xglm-564M,ss,Swati,Latn,alphabet,1.0,1.0,,direct,0.0
facebook/xglm-564M,ssy,Saho,Latn,alphabet,1.0,1.0,,direct,0.0
facebook/xglm-564M,st,Southern Sotho,Latn,alphabet,1.0,1.0,,direct,0.0
facebook/xglm-564M,su,Sundanese,Latn,alphabet,1.0,1.0,,direct,0.0
facebook/xglm-564M,sv,Swedish,Latn,alphabet,1.0,1.0,,direct,0.0
facebook/xglm-564M,sw,Swahili,Latn,alphabet,1.0,1.0,,direct,0.0
facebook/xglm-564M,syr,Syriac,Syrc,abjad,0.0,0.0,,direct,0.0
facebook/xglm-564M,szl,Silesian,Latn,alphabet,0.9706,0.9706,,direct,0.0
facebook/xglm-564M,ta,Tamil,Taml,abugida,0.9574,0.9574,,direct,0.0
facebook/xglm-564M,te,Telugu,Telu,abugida,0.8143,0.8143,,direct,0.0
facebook/xglm-564M,teo,Teso,Latn,alphabet,1.0,1.0,,direct,0.0
facebook/xglm-564M,tg,Tajik,Cyrl,alphabet,0.9143,0.9143,,direct,0.0
facebook/xglm-564M,th,Thai,Thai,abugida,0.9178,0.9178,,direct,0.0
facebook/xglm-564M,ti,Tigrinya,Ethi,syllabary,0.7708,0.7708,,within_script_only,0.0
facebook/xglm-564M,tig,Tigre,Ethi,syllabary,0.5288,0.5288,,within_script_only,0.0
facebook/xglm-564M,tk,Turkmen,Latn,alphabet,1.0,1.0,,direct,0.0
facebook/xglm-564M,tn,Tswana,Latn,alphabet,1.0,1.0,,direct,0.0
facebook/xglm-564M,to,Tongan,Latn,alphabet,1.0,1.0,,direct,0.0
facebook/xglm-564M,tok,Toki Pona,Latn,alphabet,1.0,1.0,,direct,0.0
facebook/xglm-564M,tpi,Tok Pisin,Latn,alphabet,1.0,1.0,,direct,0.0
facebook/xglm-564M,tr,Turkish,Latn,alphabet,1.0,1.0,,direct,0.0
facebook/xglm-564M,trv,Taroko,Latn,alphabet,1.0,1.0,,direct,0.0
facebook/xglm-564M,trw,Torwali,Arab,abjad,0.9375,0.9375,,direct,0.0
facebook/xglm-564M,ts,Tsonga,Latn,alphabet,1.0,1.0,,direct,0.0
facebook/xglm-564M,tt,Tatar,Cyrl,alphabet,0.9744,0.9744,,direct,0.0
facebook/xglm-564M,twq,Tasawaq,Latn,alphabet,1.0,1.0,,direct,0.0
facebook/xglm-564M,tyv,Tuvinian,Cyrl,alphabet,1.0,1.0,,direct,0.0
facebook/xglm-564M,tzm,Central Atlas Tamazight,Latn,alphabet,0.9677,0.9677,,direct,0.0
facebook/xglm-564M,ug,Uyghur,Arab,abjad,0.9118,0.9118,,direct,0.0
facebook/xglm-564M,uk,Ukrainian,Cyrl,alphabet,1.0,1.0,,direct,0.0
facebook/xglm-564M,ur,Urdu,Arab,abjad,1.0,1.0,,direct,0.0
facebook/xglm-564M,uz,Uzbek,Latn,alphabet,1.0,1.0,,direct,0.0
facebook/xglm-564M,vai,Vai,Vaii,syllabary,0.0,0.0,,within_script_only,0.0
facebook/xglm-564M,ve,Venda,Latn,alphabet,0.8571,0.8571,,direct,0.0
facebook/xglm-564M,vec,Venetian,Latn,alphabet,1.0,1.0,,direct,0.0
facebook/xglm-564M,vi,Vietnamese,Latn,alphabet,0.9888,0.9888,,direct,0.0
facebook/xglm-564M,vmw,Makhuwa,Latn,alphabet,1.0,1.0,,direct,0.0
facebook/xglm-564M,vo,Volapük,Latn,alphabet,1.0,1.0,,direct,0.0
facebook/xglm-564M,vun,Vunjo,Latn,alphabet,1.0,1.0,,direct,0.0
facebook/xglm-564M,wa,Walloon,Latn,alphabet,1.0,1.0,,direct,0.0
facebook/xglm-564M,wae,Walser,Latn,alphabet,1.0,1.0,,direct,0.0
facebook/xglm-564M,wal,Wolaytta,Ethi,syllabary,0.537,0.537,,within_script_only,0.0
facebook/xglm-564M,wbp,Warlpiri,Latn,alphabet,1.0,1.0,,direct,0.0
facebook/xglm-564M,wo,Wolof,Latn,alphabet,1.0,1.0,,direct,0.0
facebook/xglm-564M,xh,Xhosa,Latn,alphabet,1.0,1.0,,direct,0.0
facebook/xglm-564M,xnr,Kangri,Deva,abugida,0.9545,0.9545,,direct,0.0
facebook/xglm-564M,xog,Soga,Latn,alphabet,1.0,1.0,,direct,0.0
facebook/xglm-564M,yav,Yangben,Latn,alphabet,1.0,1.0,,direct,0.0
facebook/xglm-564M,yi,Yiddish,Hebr,abjad,0.9412,0.9412,,direct,0.0
facebook/xglm-564M,yo,Yoruba,Latn,alphabet,0.975,0.975,,direct,0.0
facebook/xglm-564M,yrl,Nheengatu,Latn,alphabet,1.0,1.0,,direct,0.0
facebook/xglm-564M,yue,Cantonese,Hant,logographic,0.8385,0.8385,,within_script_only,0.0
facebook/xglm-564M,za,Zhuang,Latn,alphabet,1.0,1.0,,direct,0.0
facebook/xglm-564M,zgh,Standard Moroccan Tamazight,Tfng,alphabet,0.0,0.0,,direct,0.0
facebook/xglm-564M,zh,Chinese,Hans,logographic,0.9344,0.9344,,within_script_only,0.0
facebook/xglm-564M,zu,Zulu,Latn,alphabet,1.0,1.0,,direct,0.0
google-bert/bert-base-multilingual-cased,aa,Afar,Latn,alphabet,1.0,1.0,,direct,0.0
google-bert/bert-base-multilingual-cased,ab,Abkhazian,Cyrl,alphabet,0.775,0.775,,direct,0.0
google-bert/bert-base-multilingual-cased,af,Afrikaans,Latn,alphabet,1.0,1.0,,direct,0.0
google-bert/bert-base-multilingual-cased,agq,Aghem,Latn,alphabet,0.9231,0.9231,,direct,0.0
google-bert/bert-base-multilingual-cased,ak,Akan,Latn,alphabet,1.0,1.0,,direct,0.0
google-bert/bert-base-multilingual-cased,am,Amharic,Ethi,syllabary,0.0,0.0,,within_script_only,0.0
google-bert/bert-base-multilingual-cased,an,Aragonese,Latn,alphabet,1.0,1.0,,direct,0.0
google-bert/bert-base-multilingual-cased,ann,Obolo,Latn,alphabet,1.0,1.0,,direct,0.0
google-bert/bert-base-multilingual-cased,apc,apc,Arab,abjad,1.0,1.0,,direct,0.0
google-bert/bert-base-multilingual-cased,ar,Arabic,Arab,abjad,1.0,1.0,,direct,0.0
google-bert/bert-base-multilingual-cased,arn,Mapuche,Latn,alphabet,0.92,0.92,,direct,0.0
google-bert/bert-base-multilingual-cased,as,Assamese,Beng,abugida,1.0,1.0,,direct,0.0
google-bert/bert-base-multilingual-cased,asa,Asu,Latn,alphabet,1.0,1.0,,direct,0.0
google-bert/bert-base-multilingual-cased,ast,Asturian,Latn,alphabet,1.0,1.0,,direct,0.0
google-bert/bert-base-multilingual-cased,az,Azerbaijani,Latn,alphabet,1.0,1.0,,direct,0.0
google-bert/bert-base-multilingual-cased,ba,Bashkir,Cyrl,alphabet,1.0,1.0,,direct,0.0
google-bert/bert-base-multilingual-cased,bal,Baluchi,Arab,abjad,0.9697,0.9697,,direct,0.0
google-bert/bert-base-multilingual-cased,bas,Basaa,Latn,alphabet,0.9032,0.9032,,direct,0.0
google-bert/bert-base-multilingual-cased,be,Belarusian,Cyrl,alphabet,1.0,1.0,,direct,0.0
google-bert/bert-base-multilingual-cased,bem,Bemba,Latn,alphabet,1.0,1.0,,direct,0.0
google-bert/bert-base-multilingual-cased,bew,Betawi,Latn,alphabet,1.0,1.0,,direct,0.0
google-bert/bert-base-multilingual-cased,bez,Bena,Latn,alphabet,1.0,1.0,,direct,0.0
google-bert/bert-base-multilingual-cased,bg,Bulgarian,Cyrl,alphabet,1.0,1.0,,direct,0.0
google-bert/bert-base-multilingual-cased,bgc,Haryanvi,Deva,abugida,1.0,1.0,,direct,0.0
google-bert/bert-base-multilingual-cased,bgn,Western Balochi,Arab,abjad,0.973,0.973,,direct,0.0
google-bert/bert-base-multilingual-cased,bho,Bhojpuri,Deva,abugida,1.0,1.0,,direct,0.0
google-bert/bert-base-multilingual-cased,blo,Anii,Latn,alphabet,0.898,0.898,,direct,0.0
google-bert/bert-base-multilingual-cased,blt,Tai Dam,Tavt,abugida,0.0,0.0,,direct,0.0
google-bert/bert-base-multilingual-cased,bm,Bambara,Latn,alphabet,1.0,1.0,,direct,0.0
google-bert/bert-base-multilingual-cased,bn,Bangla,Beng,abugida,0.8676,0.8676,,direct,0.0
google-bert/bert-base-multilingual-cased,bo,Tibetan,Tibt,abugida,0.2069,0.2069,,direct,0.0
google-bert/bert-base-multilingual-cased,br,Breton,Latn,alphabet,1.0,1.0,,direct,0.0
google-bert/bert-base-multilingual-cased,brx,Bodo,Deva,abugida,1.0,1.0,,direct,0.0
google-bert/bert-base-multilingual-cased,bs,Bosnian,Latn,alphabet,1.0,1.0,,direct,0.0
google-bert/bert-base-multilingual-cased,bss,Akoose,Latn,alphabet,0.9231,0.9231,,direct,0.0
google-bert/bert-base-multilingual-cased,byn,Blin,Ethi,syllabary,0.0,0.0,,within_script_only,0.0
google-bert/bert-base-multilingual-cased,ca,Catalan,Latn,alphabet,1.0,1.0,,direct,0.0
google-bert/bert-base-multilingual-cased,cad,Caddo,Latn,alphabet,0.9667,0.9667,,direct,0.0
google-bert/bert-base-multilingual-cased,cch,Atsam,Latn,alphabet,0.8929,0.8929,,direct,0.0
google-bert/bert-base-multilingual-cased,ccp,Chakma,Cakm,abugida,0.0,0.0,,direct,0.0
google-bert/bert-base-multilingual-cased,ce,Chechen,Cyrl,alphabet,0.9706,0.9706,,direct,0.0
google-bert/bert-base-multilingual-cased,ceb,Cebuano,Latn,alphabet,1.0,1.0,,direct,0.0
google-bert/bert-base-multilingual-cased,cgg,Chiga,Latn,alphabet,1.0,1.0,,direct,0.0
google-bert/bert-base-multilingual-cased,cho,Choctaw,Latn,alphabet,0.9048,0.9048,,direct,0.0
google-bert/bert-base-multilingual-cased,chr,Cherokee,Cher,syllabary,0.0,0.0,,within_script_only,0.0
google-bert/bert-base-multilingual-cased,cic,Chickasaw,Latn,alphabet,0.9474,0.9474,,direct,0.0
google-bert/bert-base-multilingual-cased,ckb,Central Kurdish,Arab,abjad,0.8788,0.8788,,direct,0.0
google-bert/bert-base-multilingual-cased,co,Corsican,Latn,alphabet,1.0,1.0,,direct,0.0
google-bert/bert-base-multilingual-cased,cop,Coptic,Copt,alphabet,0.0,0.0,,direct,0.0
google-bert/bert-base-multilingual-cased,cs,Czech,Latn,alphabet,1.0,1.0,,direct,0.0
google-bert/bert-base-multilingual-cased,csw,Swampy Cree,Cans,syllabary,0.0,0.0,,within_script_only,0.0
google-bert/bert-base-multilingual-cased,cu,Church Slavic,Cyrl,alphabet,0.4861,0.4861,,direct,0.0
google-bert/bert-base-multilingual-cased,cv,Chuvash,Cyrl,alphabet,1.0,1.0,,direct,0.0
google-bert/bert-base-multilingual-cased,cy,Welsh,Latn,alphabet,0.9388,0.9388,,direct,0.0
google-bert/bert-base-multilingual-cased,da,Danish,Latn,alphabet,1.0,1.0,,direct,0.0
google-bert/bert-base-multilingual-cased,dav,Taita,Latn,alphabet,1.0,1.0,,direct,0.0
google-bert/bert-base-multilingual-cased,de,German,Latn,alphabet,1.0,1.0,,direct,0.0
google-bert/bert-base-multilingual-cased,dje,Zarma,Latn,alphabet,1.0,1.0,,direct,0.0
google-bert/bert-base-multilingual-cased,doi,Dogri,Deva,abugida,0.9143,0.9143,,direct,0.0
google-bert/bert-base-multilingual-cased,dsb,Lower Sorbian,Latn,alphabet,1.0,1.0,,direct,0.0
google-bert/bert-base-multilingual-cased,dua,Duala,Latn,alphabet,0.9394,0.9394,,direct,0.0
google-bert/bert-base-multilingual-cased,dv,Divehi,Thaa,abjad,0.0,0.0,,direct,0.0
google-bert/bert-base-multilingual-cased,dyo,Jola-Fonyi,Latn,alphabet,1.0,1.0,,direct,0.0
google-bert/bert-base-multilingual-cased,dz,Dzongkha,Tibt,abugida,0.3103,0.3103,,direct,0.0
google-bert/bert-base-multilingual-cased,ebu,Embu,Latn,alphabet,1.0,1.0,,direct,0.0
google-bert/bert-base-multilingual-cased,ee,Ewe,Latn,alphabet,0.9583,0.9583,,direct,0.0
google-bert/bert-base-multilingual-cased,el,Greek,Grek,alphabet,0.9722,0.9722,,direct,0.0
google-bert/bert-base-multilingual-cased,en,English,Latn,alphabet,1.0,1.0,,direct,0.0
google-bert/bert-base-multilingual-cased,eo,Esperanto,Latn,alphabet,0.8214,0.8214,,direct,0.0
google-bert/bert-base-multilingual-cased,es,Spanish,Latn,alphabet,1.0,1.0,,direct,0.0
google-bert/bert-base-multilingual-cased,et,Estonian,Latn,alphabet,1.0,1.0,,direct,0.0
google-bert/bert-base-multilingual-cased,eu,Basque,Latn,alphabet,1.0,1.0,,direct,0.0
google-bert/bert-base-multilingual-cased,ewo,Ewondo,Latn,alphabet,0.9423,0.9423,,direct,0.0
google-bert/bert-base-multilingual-cased,fa,Persian,Arab,abjad,1.0,1.0,,direct,0.0
google-bert/bert-base-multilingual-cased,ff,Fula,Latn,alphabet,0.8889,0.8889,,direct,0.0
google-bert/bert-base-multilingual-cased,fi,Finnish,Latn,alphabet,1.0,1.0,,direct,0.0
google-bert/bert-base-multilingual-cased,fil,Filipino,Latn,alphabet,1.0,1.0,,direct,0.0
google-bert/bert-base-multilingual-cased,fo,Faroese,Latn,alphabet,1.0,1.0,,direct,0.0
google-bert/bert-base-multilingual-cased,fr,French,Latn,alphabet,1.0,1.0,,direct,0.0
google-bert/bert-base-multilingual-cased,frr,Northern Frisian,Latn,alphabet,1.0,1.0,,direct,0.0
google-bert/bert-base-multilingual-cased,fur,Friulian,Latn,alphabet,1.0,1.0,,direct,0.0
google-bert/bert-base-multilingual-cased,fy,Western Frisian,Latn,alphabet,1.0,1.0,,direct,0.0
google-bert/bert-base-multilingual-cased,ga,Irish,Latn,alphabet,1.0,1.0,,direct,0.0
google-bert/bert-base-multilingual-cased,gaa,Ga,Latn,alphabet,1.0,1.0,,direct,0.0
google-bert/bert-base-multilingual-cased,gd,Scottish Gaelic,Latn,alphabet,1.0,1.0,,direct,0.0
google-bert/bert-base-multilingual-cased,gez,Geez,Ethi,syllabary,0.0,0.0,,within_script_only,0.0
google-bert/bert-base-multilingual-cased,gl,Galician,Latn,alphabet,1.0,1.0,,direct,0.0
google-bert/bert-base-multilingual-cased,gn,Guarani,Latn,alphabet,1.0,1.0,,direct,0.0
google-bert/bert-base-multilingual-cased,gsw,Swiss German,Latn,alphabet,1.0,1.0,,direct,0.0
google-bert/bert-base-multilingual-cased,gu,Gujarati,Gujr,abugida,0.8971,0.8971,,direct,0.0
google-bert/bert-base-multilingual-cased,guz,Gusii,Latn,alphabet,1.0,1.0,,direct,0.0
google-bert/bert-base-multilingual-cased,gv,Manx,Latn,alphabet,1.0,1.0,,direct,0.0
google-bert/bert-base-multilingual-cased,ha,Hausa,Latn,alphabet,0.8519,0.8519,,direct,0.0
google-bert/bert-base-multilingual-cased,haw,Hawaiian,Latn,alphabet,1.0,1.0,,direct,0.0
google-bert/bert-base-multilingual-cased,he,Hebrew,Hebr,abjad,1.0,1.0,,direct,0.0
google-bert/bert-base-multilingual-cased,hi,Hindi,Deva,abugida,0.9851,0.9851,,direct,0.0
google-bert/bert-base-multilingual-cased,hnj,Hmong Njua,Hmnp,alphabet,0.0,0.0,,direct,0.0
google-bert/bert-base-multilingual-cased,hr,Croatian,Latn,alphabet,1.0,1.0,,direct,0.0
google-bert/bert-base-multilingual-cased,hsb,Upper Sorbian,Latn,alphabet,1.0,1.0,,direct,0.0
google-bert/bert-base-multilingual-cased,ht,Haitian Creole,Latn,alphabet,1.0,1.0,,direct,0.0
google-bert/bert-base-multilingual-cased,hu,Hungarian,Latn,alphabet,1.0,1.0,,direct,0.0
google-bert/bert-base-multilingual-cased,hy,Armenian,Armn,alphabet,1.0,1.0,,direct,0.0
google-bert/bert-base-multilingual-cased,ia,Interlingua,Latn,alphabet,1.0,1.0,,direct,0.0
google-bert/bert-base-multilingual-cased,id,Indonesian,Latn,alphabet,1.0,1.0,,direct,0.0
google-bert/bert-base-multilingual-cased,ie,Interlingue,Latn,alphabet,1.0,1.0,,direct,0.0
google-bert/bert-base-multilingual-cased,ig,Igbo,Latn,alphabet,0.9643,0.9643,,direct,0.0
google-bert/bert-base-multilingual-cased,ii,Sichuan Yi,Yiii,syllabary,0.0,0.0,,within_script_only,0.0
google-bert/bert-base-multilingual-cased,io,Ido,Latn,alphabet,1.0,1.0,,direct,0.0
google-bert/bert-base-multilingual-cased,is,Icelandic,Latn,alphabet,1.0,1.0,,direct,0.0
google-bert/bert-base-multilingual-cased,it,Italian,Latn,alphabet,1.0,1.0,,direct,0.0
google-bert/bert-base-multilingual-cased,iu,Inuktitut,Cans,syllabary,0.0,0.0,,within_script_only,0.0
google-bert/bert-base-multilingual-cased,ja,Japanese,Jpan,mixed_logographic,0.9965,0.9965,,within_script_only,0.0
google-bert/bert-base-multilingual-cased,jbo,Lojban,Latn,alphabet,1.0,1.0,,direct,0.0
google-bert/bert-base-multilingual-cased,jgo,Ngomba,Latn,alphabet,0.8444,0.8444,,direct,0.0
google-bert/bert-base-multilingual-cased,jmc,Machame,Latn,alphabet,1.0,1.0,,direct,0.0
google-bert/bert-base-multilingual-cased,jv,Javanese,Latn,alphabet,1.0,1.0,,direct,0.0
google-bert/bert-base-multilingual-cased,ka,Georgian,Geor,alphabet,1.0,1.0,,direct,0.0
google-bert/bert-base-multilingual-cased,kaa,Kara-Kalpak,Cyrl,alphabet,1.0,1.0,,direct,0.0
google-bert/bert-base-multilingual-cased,kab,Kabyle,Latn,alphabet,0.9412,0.9412,,direct,0.0
google-bert/bert-base-multilingual-cased,kaj,Jju,Latn,alphabet,1.0,1.0,,direct,0.0
google-bert/bert-base-multilingual-cased,kam,Kamba,Latn,alphabet,1.0,1.0,,direct,0.0
google-bert/bert-base-multilingual-cased,kcg,Tyap,Latn,alphabet,0.96,0.96,,direct,0.0
google-bert/bert-base-multilingual-cased,kde,Makonde,Latn,alphabet,1.0,1.0,,direct,0.0
google-bert/bert-base-multilingual-cased,kea,Kabuverdianu,Latn,alphabet,1.0,1.0,,direct,0.0
google-bert/bert-base-multilingual-cased,ken,Kenyang,Latn,alphabet,0.9268,0.9268,,direct,0.0
google-bert/bert-base-multilingual-cased,kgp,Kaingang,Latn,alphabet,1.0,1.0,,direct,0.0
google-bert/bert-base-multilingual-cased,khq,Koyra Chiini,Latn,alphabet,1.0,1.0,,direct,0.0
google-bert/bert-base-multilingual-cased,ki,Kikuyu,Latn,alphabet,1.0,1.0,,direct,0.0
google-bert/bert-base-multilingual-cased,kk,Kazakh,Cyrl,alphabet,1.0,1.0,,direct,0.0
google-bert/bert-base-multilingual-cased,kkj,Kako,Latn,alphabet,0.9362,0.9362,,direct,0.0
google-bert/bert-base-multilingual-cased,kl,Kalaallisut,Latn,alphabet,1.0,1.0,,direct,0.0
google-bert/bert-base-multilingual-cased,kln,Kalenjin,Latn,alphabet,1.0,1.0,,direct,0.0
google-bert/bert-base-multilingual-cased,km,Khmer,Khmr,abugida,0.0,0.0,,direct,0.0
google-bert/bert-base-multilingual-cased,kn,Kannada,Knda,abugida,0.8592,0.8592,,direct,0.0
google-bert/bert-base-multilingual-cased,ko,Korean,Kore,featural_syllabary,0.1062,0.1062,0.0,within_script_only,0.0
google-bert/bert-base-multilingual-cased,kok,Konkani,Deva,abugida,0.987,0.987,,direct,0.0
google-bert/bert-base-multilingual-cased,kpe,Kpelle,Latn,alphabet,0.931,0.931,,direct,0.0
google-bert/bert-base-multilingual-cased,ks,Kashmiri,Arab,abjad,0.9348,0.9348,,direct,0.0
google-bert/bert-base-multilingual-cased,ksb,Shambala,Latn,alphabet,1.0,1.0,,direct,0.0
google-bert/bert-base-multilingual-cased,ksf,Bafia,Latn,alphabet,0.9706,0.9706,,direct,0.0
google-bert/bert-base-multilingual-cased,ksh,Colognian,Latn,alphabet,1.0,1.0,,direct,0.0
google-bert/bert-base-multilingual-cased,ku,Kurdish,Latn,alphabet,1.0,1.0,,direct,0.0
google-bert/bert-base-multilingual-cased,kw,Cornish,Latn,alphabet,1.0,1.0,,direct,0.0
google-bert/bert-base-multilingual-cased,kxv,Kuvi,Latn,alphabet,0.9697,0.9697,,direct,0.0
google-bert/bert-base-multilingual-cased,ky,Kyrgyz,Cyrl,alphabet,1.0,1.0,,direct,0.0
google-bert/bert-base-multilingual-cased,la,Latin,Latn,alphabet,1.0,1.0,,direct,0.0
google-bert/bert-base-multilingual-cased,lag,Langi,Latn,alphabet,0.9697,0.9697,,direct,0.0
google-bert/bert-base-multilingual-cased,lb,Luxembourgish,Latn,alphabet,1.0,1.0,,direct,0.0
google-bert/bert-base-multilingual-cased,lg,Ganda,Latn,alphabet,1.0,1.0,,direct,0.0
google-bert/bert-base-multilingual-cased,lij,Ligurian,Latn,alphabet,1.0,1.0,,direct,0.0
google-bert/bert-base-multilingual-cased,lkt,Lakota,Latn,alphabet,0.9333,0.9333,,direct,0.0
google-bert/bert-base-multilingual-cased,lld,lld,Latn,alphabet,1.0,1.0,,direct,0.0
google-bert/bert-base-multilingual-cased,lmo,Lombard,Latn,alphabet,1.0,1.0,,direct,0.0
google-bert/bert-base-multilingual-cased,ln,Lingala,Latn,alphabet,0.9268,0.9268,,direct,0.0
google-bert/bert-base-multilingual-cased,lo,Lao,Laoo,abugida,0.0,0.0,,direct,0.0
google-bert/bert-base-multilingual-cased,lrc,Northern Luri,Arab,abjad,0.8837,0.8837,,direct,0.0
google-bert/bert-base-multilingual-cased,lt,Lithuanian,Latn,alphabet,1.0,1.0,,direct,0.0
google-bert/bert-base-multilingual-cased,ltg,Latgalian,Latn,alphabet,1.0,1.0,,direct,0.0
google-bert/bert-base-multilingual-cased,lu,Luba-Katanga,Latn,alphabet,1.0,1.0,,direct,0.0
google-bert/bert-base-multilingual-cased,luo,Luo,Latn,alphabet,1.0,1.0,,direct,0.0
google-bert/bert-base-multilingual-cased,luy,Luyia,Latn,alphabet,1.0,1.0,,direct,0.0
google-bert/bert-base-multilingual-cased,lv,Latvian,Latn,alphabet,1.0,1.0,,direct,0.0
google-bert/bert-base-multilingual-cased,mai,Maithili,Deva,abugida,1.0,1.0,,direct,0.0
google-bert/bert-base-multilingual-cased,mas,Masai,Latn,alphabet,0.9787,0.9787,,direct,0.0
google-bert/bert-base-multilingual-cased,mdf,Moksha,Cyrl,alphabet,1.0,1.0,,direct,0.0
google-bert/bert-base-multilingual-cased,mer,Meru,Latn,alphabet,1.0,1.0,,direct,0.0
google-bert/bert-base-multilingual-cased,mfe,Morisyen,Latn,alphabet,1.0,1.0,,direct,0.0
google-bert/bert-base-multilingual-cased,mg,Malagasy,Latn,alphabet,1.0,1.0,,direct,0.0
google-bert/bert-base-multilingual-cased,mgh,Makhuwa-Meetto,Latn,alphabet,1.0,1.0,,direct,0.0
google-bert/bert-base-multilingual-cased,mgo,Metaʼ,Latn,alphabet,1.0,1.0,,direct,0.0
google-bert/bert-base-multilingual-cased,mhn,mhn,Latn,alphabet,1.0,1.0,,direct,0.0
google-bert/bert-base-multilingual-cased,mi,Māori,Latn,alphabet,1.0,1.0,,direct,0.0
google-bert/bert-base-multilingual-cased,mic,Mi'kmaw,Latn,alphabet,1.0,1.0,,direct,0.0
google-bert/bert-base-multilingual-cased,mk,Macedonian,Cyrl,alphabet,1.0,1.0,,direct,0.0
google-bert/bert-base-multilingual-cased,ml,Malayalam,Mlym,abugida,0.9804,0.9804,,direct,0.0
google-bert/bert-base-multilingual-cased,mn,Mongolian,Cyrl,alphabet,1.0,1.0,,direct,0.0
google-bert/bert-base-multilingual-cased,mni,Manipuri,Beng,abugida,1.0,1.0,,direct,0.0
google-bert/bert-base-multilingual-cased,moh,Mohawk,Latn,alphabet,1.0,1.0,,direct,0.0
google-bert/bert-base-multilingual-cased,mr,Marathi,Deva,abugida,0.9844,0.9844,,direct,0.0
google-bert/bert-base-multilingual-cased,ms,Malay,Latn,alphabet,1.0,1.0,,direct,0.0
google-bert/bert-base-multilingual-cased,mt,Maltese,Latn,alphabet,0.9697,0.9697,,direct,0.0
google-bert/bert-base-multilingual-cased,mua,Mundang,Latn,alphabet,0.8788,0.8788,,direct,0.0
google-bert/bert-base-multilingual-cased,mus,Muscogee,Latn,alphabet,1.0,1.0,,direct,0.0
google-bert/bert-base-multilingual-cased,my,Burmese,Mymr,abugida,0.95,0.95,,direct,0.0
google-bert/bert-base-multilingual-cased,myv,Erzya,Cyrl,alphabet,1.0,1.0,,direct,0.0
google-bert/bert-base-multilingual-cased,mzn,Mazanderani,Arab,abjad,1.0,1.0,,direct,0.0
google-bert/bert-base-multilingual-cased,naq,Nama,Latn,alphabet,0.871,0.871,,direct,0.0
google-bert/bert-base-multilingual-cased,nd,North Ndebele,Latn,alphabet,1.0,1.0,,direct,0.0
google-bert/bert-base-multilingual-cased,nds,Low German,Latn,alphabet,1.0,1.0,,direct,0.0
google-bert/bert-base-multilingual-cased,ne,Nepali,Deva,abugida,0.9851,0.9851,,direct,0.0
google-bert/bert-base-multilingual-cased,nl,Dutch,Latn,alphabet,1.0,1.0,,direct,0.0
google-bert/bert-base-multilingual-cased,nmg,Kwasio,Latn,alphabet,0.9123,0.9123,,direct,0.0
google-bert/bert-base-multilingual-cased,nnh,Ngiemboon,Latn,alphabet,0.8889,0.8889,,direct,0.0
google-bert/bert-base-multilingual-cased,no,Norwegian,Latn,alphabet,1.0,1.0,,direct,0.0
google-bert/bert-base-multilingual-cased,nqo,N’Ko,Nkoo,alphabet,0.0,0.0,,direct,0.0
google-bert/bert-base-multilingual-cased,nr,South Ndebele,Latn,alphabet,1.0,1.0,,direct,0.0
google-bert/bert-base-multilingual-cased,nso,Northern Sotho,Latn,alphabet,1.0,1.0,,direct,0.0
google-bert/bert-base-multilingual-cased,nus,Nuer,Latn,alphabet,0.9444,0.9444,,direct,0.0
google-bert/bert-base-multilingual-cased,nv,Navajo,Latn,alphabet,0.9677,0.9677,,direct,0.0
google-bert/bert-base-multilingual-cased,ny,Nyanja,Latn,alphabet,1.0,1.0,,direct,0.0
google-bert/bert-base-multilingual-cased,nyn,Nyankole,Latn,alphabet,1.0,1.0,,direct,0.0
google-bert/bert-base-multilingual-cased,oc,Occitan,Latn,alphabet,1.0,1.0,,direct,0.0
google-bert/bert-base-multilingual-cased,om,Oromo,Latn,alphabet,1.0,1.0,,direct,0.0
google-bert/bert-base-multilingual-cased,or,Odia,Orya,abugida,0.0,0.0,,direct,0.0
google-bert/bert-base-multilingual-cased,os,Ossetic,Cyrl,alphabet,0.9706,0.9706,,direct,0.0
google-bert/bert-base-multilingual-cased,osa,Osage,Osge,alphabet,0.05,0.05,,direct,0.0
google-bert/bert-base-multilingual-cased,pa,Punjabi,Guru,abugida,0.8971,0.8971,,direct,0.0
google-bert/bert-base-multilingual-cased,pap,Papiamento,Latn,alphabet,1.0,1.0,,direct,0.0
google-bert/bert-base-multilingual-cased,pcm,Nigerian Pidgin,Latn,alphabet,1.0,1.0,,direct,0.0
google-bert/bert-base-multilingual-cased,pis,Pijin,Latn,alphabet,1.0,1.0,,direct,0.0
google-bert/bert-base-multilingual-cased,pl,Polish,Latn,alphabet,1.0,1.0,,direct,0.0
google-bert/bert-base-multilingual-cased,prg,Prussian,Latn,alphabet,0.9744,0.9744,,direct,0.0
google-bert/bert-base-multilingual-cased,ps,Pashto,Arab,abjad,0.8167,0.8167,,direct,0.0
google-bert/bert-base-multilingual-cased,pt,Portuguese,Latn,alphabet,1.0,1.0,,direct,0.0
google-bert/bert-base-multilingual-cased,qu,Quechua,Latn,alphabet,1.0,1.0,,direct,0.0
google-bert/bert-base-multilingual-cased,quc,Kʼicheʼ,Latn,alphabet,1.0,1.0,,direct,0.0
google-bert/bert-base-multilingual-cased,raj,Rajasthani,Deva,abugida,1.0,1.0,,direct,0.0
google-bert/bert-base-multilingual-cased,rhg,Rohingya,Rohg,abjad,0.0,0.0,,direct,0.0
google-bert/bert-base-multilingual-cased,rif,Riffian,Latn,alphabet,0.9677,0.9677,,direct,0.0
google-bert/bert-base-multilingual-cased,rm,Romansh,Latn,alphabet,1.0,1.0,,direct,0.0
google-bert/bert-base-multilingual-cased,rn,Rundi,Latn,alphabet,1.0,1.0,,direct,0.0
google-bert/bert-base-multilingual-cased,ro,Romanian,Latn,alphabet,1.0,1.0,,direct,0.0
google-bert/bert-base-multilingual-cased,rof,Rombo,Latn,alphabet,1.0,1.0,,direct,0.0
google-bert/bert-base-multilingual-cased,ru,Russian,Cyrl,alphabet,1.0,1.0,,direct,0.0
google-bert/bert-base-multilingual-cased,rw,Kinyarwanda,Latn,alphabet,1.0,1.0,,direct,0.0
google-bert/bert-base-multilingual-cased,rwk,Rwa,Latn,alphabet,1.0,1.0,,direct,0.0
google-bert/bert-base-multilingual-cased,sa,Sanskrit,Deva,abugida,0.9143,0.9143,,direct,0.0
google-bert/bert-base-multilingual-cased,sah,Yakut,Cyrl,alphabet,0.9231,0.9231,,direct,0.0
google-bert/bert-base-multilingual-cased,saq,Samburu,Latn,alphabet,1.0,1.0,,direct,0.0
google-bert/bert-base-multilingual-cased,sat,Santali,Olck,alphabet,0.0,0.0,,direct,0.0
google-bert/bert-base-multilingual-cased,sbp,Sangu,Latn,alphabet,1.0,1.0,,direct,0.0
google-bert/bert-base-multilingual-cased,sc,Sardinian,Latn,alphabet,1.0,1.0,,direct,0.0
google-bert/bert-base-multilingual-cased,scn,Sicilian,Latn,alphabet,1.0,1.0,,direct,0.0
google-bert/bert-base-multilingual-cased,sd,Sindhi,Arab,abjad,0.6538,0.6538,,direct,0.0
google-bert/bert-base-multilingual-cased,sdh,Southern Kurdish,Arab,abjad,0.8529,0.8529,,direct,0.0
google-bert/bert-base-multilingual-cased,se,Northern Sami,Latn,alphabet,0.9655,0.9655,,direct,0.0
google-bert/bert-base-multilingual-cased,seh,Sena,Latn,alphabet,1.0,1.0,,direct,0.0
google-bert/bert-base-multilingual-cased,ses,Koyraboro Senni,Latn,alphabet,1.0,1.0,,direct,0.0
google-bert/bert-base-multilingual-cased,sg,Sango,Latn,alphabet,1.0,1.0,,direct,0.0
google-bert/bert-base-multilingual-cased,shi,Tachelhit,Tfng,alphabet,0.0,0.0,,direct,0.0
google-bert/bert-base-multilingual-cased,shn,Shan,Mymr,abugida,0.4348,0.4348,,direct,0.0
google-bert/bert-base-multilingual-cased,si,Sinhala,Sinh,abugida,0.0811,0.0811,,direct,0.0
google-bert/bert-base-multilingual-cased,sid,Sidamo,Latn,alphabet,1.0,1.0,,direct,0.0
google-bert/bert-base-multilingual-cased,sk,Slovak,Latn,alphabet,1.0,1.0,,direct,0.0
google-bert/bert-base-multilingual-cased,skr,skr,Arab,abjad,0.8776,0.8776,,direct,0.0
google-bert/bert-base-multilingual-cased,sl,Slovenian,Latn,alphabet,1.0,1.0,,direct,0.0
google-bert/bert-base-multilingual-cased,sma,Southern Sami,Latn,alphabet,1.0,1.0,,direct,0.0
google-bert/bert-base-multilingual-cased,smj,Lule Sami,Latn,alphabet,1.0,1.0,,direct,0.0
google-bert/bert-base-multilingual-cased,smn,Inari Sami,Latn,alphabet,1.0,1.0,,direct,0.0
google-bert/bert-base-multilingual-cased,sms,Skolt Sami,Latn,alphabet,0.8889,0.8889,,direct,0.0
google-bert/bert-base-multilingual-cased,sn,Shona,Latn,alphabet,1.0,1.0,,direct,0.0
google-bert/bert-base-multilingual-cased,so,Somali,Latn,alphabet,1.0,1.0,,direct,0.0
google-bert/bert-base-multilingual-cased,sq,Albanian,Latn,alphabet,1.0,1.0,,direct,0.0
google-bert/bert-base-multilingual-cased,sr,Serbian,Cyrl,alphabet,1.0,1.0,,direct,0.0
google-bert/bert-base-multilingual-cased,ss,Swati,Latn,alphabet,1.0,1.0,,direct,0.0
google-bert/bert-base-multilingual-cased,ssy,Saho,Latn,alphabet,1.0,1.0,,direct,0.0
google-bert/bert-base-multilingual-cased,st,Southern Sotho,Latn,alphabet,1.0,1.0,,direct,0.0
google-bert/bert-base-multilingual-cased,su,Sundanese,Latn,alphabet,1.0,1.0,,direct,0.0
google-bert/bert-base-multilingual-cased,sv,Swedish,Latn,alphabet,1.0,1.0,,direct,0.0
google-bert/bert-base-multilingual-cased,sw,Swahili,Latn,alphabet,1.0,1.0,,direct,0.0
google-bert/bert-base-multilingual-cased,syr,Syriac,Syrc,abjad,0.0,0.0,,direct,0.0
google-bert/bert-base-multilingual-cased,szl,Silesian,Latn,alphabet,1.0,1.0,,direct,0.0
google-bert/bert-base-multilingual-cased,ta,Tamil,Taml,abugida,1.0,1.0,,direct,0.0
google-bert/bert-base-multilingual-cased,te,Telugu,Telu,abugida,0.8857,0.8857,,direct,0.0
google-bert/bert-base-multilingual-cased,teo,Teso,Latn,alphabet,1.0,1.0,,direct,0.0
google-bert/bert-base-multilingual-cased,tg,Tajik,Cyrl,alphabet,1.0,1.0,,direct,0.0
google-bert/bert-base-multilingual-cased,th,Thai,Thai,abugida,0.9178,0.9178,,direct,0.0
google-bert/bert-base-multilingual-cased,ti,Tigrinya,Ethi,syllabary,0.0,0.0,,within_script_only,0.0
google-bert/bert-base-multilingual-cased,tig,Tigre,Ethi,syllabary,0.0,0.0,,within_script_only,0.0
google-bert/bert-base-multilingual-cased,tk,Turkmen,Latn,alphabet,1.0,1.0,,direct,0.0
google-bert/bert-base-multilingual-cased,tn,Tswana,Latn,alphabet,1.0,1.0,,direct,0.0
google-bert/bert-base-multilingual-cased,to,Tongan,Latn,alphabet,1.0,1.0,,direct,0.0
google-bert/bert-base-multilingual-cased,tok,Toki Pona,Latn,alphabet,1.0,1.0,,direct,0.0
google-bert/bert-base-multilingual-cased,tpi,Tok Pisin,Latn,alphabet,1.0,1.0,,direct,0.0
google-bert/bert-base-multilingual-cased,tr,Turkish,Latn,alphabet,1.0,1.0,,direct,0.0
google-bert/bert-base-multilingual-cased,trv,Taroko,Latn,alphabet,1.0,1.0,,direct,0.0
google-bert/bert-base-multilingual-cased,trw,Torwali,Arab,abjad,0.875,0.875,,direct,0.0
google-bert/bert-base-multilingual-cased,ts,Tsonga,Latn,alphabet,1.0,1.0,,direct,0.0
google-bert/bert-base-multilingual-cased,tt,Tatar,Cyrl,alphabet,1.0,1.0,,direct,0.0
google-bert/bert-base-multilingual-cased,twq,Tasawaq,Latn,alphabet,1.0,1.0,,direct,0.0
google-bert/bert-base-multilingual-cased,tyv,Tuvinian,Cyrl,alphabet,1.0,1.0,,direct,0.0
google-bert/bert-base-multilingual-cased,tzm,Central Atlas Tamazight,Latn,alphabet,1.0,1.0,,direct,0.0
google-bert/bert-base-multilingual-cased,ug,Uyghur,Arab,abjad,0.8824,0.8824,,direct,0.0
google-bert/bert-base-multilingual-cased,uk,Ukrainian,Cyrl,alphabet,1.0,1.0,,direct,0.0
google-bert/bert-base-multilingual-cased,ur,Urdu,Arab,abjad,1.0,1.0,,direct,0.0
google-bert/bert-base-multilingual-cased,uz,Uzbek,Latn,alphabet,1.0,1.0,,direct,0.0
google-bert/bert-base-multilingual-cased,vai,Vai,Vaii,syllabary,0.0,0.0,,within_script_only,0.0
google-bert/bert-base-multilingual-cased,ve,Venda,Latn,alphabet,0.8214,0.8214,,direct,0.0
google-bert/bert-base-multilingual-cased,vec,Venetian,Latn,alphabet,1.0,1.0,,direct,0.0
google-bert/bert-base-multilingual-cased,vi,Vietnamese,Latn,alphabet,1.0,1.0,,direct,0.0
google-bert/bert-base-multilingual-cased,vmw,Makhuwa,Latn,alphabet,1.0,1.0,,direct,0.0
google-bert/bert-base-multilingual-cased,vo,Volapük,Latn,alphabet,1.0,1.0,,direct,0.0
google-bert/bert-base-multilingual-cased,vun,Vunjo,Latn,alphabet,1.0,1.0,,direct,0.0
google-bert/bert-base-multilingual-cased,wa,Walloon,Latn,alphabet,1.0,1.0,,direct,0.0
google-bert/bert-base-multilingual-cased,wae,Walser,Latn,alphabet,1.0,1.0,,direct,0.0
google-bert/bert-base-multilingual-cased,wal,Wolaytta,Ethi,syllabary,0.0,0.0,,within_script_only,0.0
google-bert/bert-base-multilingual-cased,wbp,Warlpiri,Latn,alphabet,1.0,1.0,,direct,0.0
google-bert/bert-base-multilingual-cased,wo,Wolof,Latn,alphabet,1.0,1.0,,direct,0.0
google-bert/bert-base-multilingual-cased,xh,Xhosa,Latn,alphabet,1.0,1.0,,direct,0.0
google-bert/bert-base-multilingual-cased,xnr,Kangri,Deva,abugida,0.9697,0.9697,,direct,0.0
google-bert/bert-base-multilingual-cased,xog,Soga,Latn,alphabet,1.0,1.0,,direct,0.0
google-bert/bert-base-multilingual-cased,yav,Yangben,Latn,alphabet,0.9787,0.9787,,direct,0.0
google-bert/bert-base-multilingual-cased,yi,Yiddish,Hebr,abjad,0.9412,0.9412,,direct,0.0
google-bert/bert-base-multilingual-cased,yo,Yoruba,Latn,alphabet,0.975,0.975,,direct,0.0
google-bert/bert-base-multilingual-cased,yrl,Nheengatu,Latn,alphabet,1.0,1.0,,direct,0.0
google-bert/bert-base-multilingual-cased,yue,Cantonese,Hant,logographic,0.9806,0.9806,,within_script_only,0.0
google-bert/bert-base-multilingual-cased,za,Zhuang,Latn,alphabet,1.0,1.0,,direct,0.0
google-bert/bert-base-multilingual-cased,zgh,Standard Moroccan Tamazight,Tfng,alphabet,0.0,0.0,,direct,0.0
google-bert/bert-base-multilingual-cased,zh,Chinese,Hans,logographic,0.9919,0.9919,,within_script_only,0.0
google-bert/bert-base-multilingual-cased,zu,Zulu,Latn,alphabet,1.0,1.0,,direct,0.0
gpt-3.5-turbo,aa,Afar,Latn,alphabet,1.0,1.0,,direct,0.0
gpt-3.5-turbo,ab,Abkhazian,Cyrl,alphabet,0.72,0.72,,direct,0.0
gpt-3.5-turbo,af,Afrikaans,Latn,alphabet,1.0,1.0,,direct,0.0
gpt-3.5-turbo,agq,Aghem,Latn,alphabet,0.8,0.8,,direct,0.0
gpt-3.5-turbo,ak,Akan,Latn,alphabet,0.9273,0.9273,,direct,0.0
gpt-3.5-turbo,am,Amharic,Ethi,syllabary,0.2,0.2,,within_script_only,0.0
gpt-3.5-turbo,an,Aragonese,Latn,alphabet,1.0,1.0,,direct,0.0
gpt-3.5-turbo,ann,Obolo,Latn,alphabet,0.959,0.959,,direct,0.0
gpt-3.5-turbo,apc,apc,Arab,abjad,0.8689,0.8689,,direct,0.0
gpt-3.5-turbo,ar,Arabic,Arab,abjad,0.8689,0.8689,,direct,0.0
gpt-3.5-turbo,arn,Mapuche,Latn,alphabet,0.904,0.904,,direct,0.0
gpt-3.5-turbo,as,Assamese,Beng,abugida,0.2678,0.2678,,direct,0.0
gpt-3.5-turbo,asa,Asu,Latn,alphabet,1.0,1.0,,direct,0.0
gpt-3.5-turbo,ast,Asturian,Latn,alphabet,0.95,0.95,,direct,0.0
gpt-3.5-turbo,az,Azerbaijani,Latn,alphabet,1.0,1.0,,direct,0.0
gpt-3.5-turbo,ba,Bashkir,Cyrl,alphabet,0.8286,0.8286,,direct,0.0
gpt-3.5-turbo,bal,Baluchi,Arab,abjad,0.7576,0.7576,,direct,0.0
gpt-3.5-turbo,bas,Basaa,Latn,alphabet,0.8194,0.8194,,direct,0.0
gpt-3.5-turbo,be,Belarusian,Cyrl,alphabet,0.975,0.975,,direct,0.0
gpt-3.5-turbo,bem,Bemba,Latn,alphabet,1.0,1.0,,direct,0.0
gpt-3.5-turbo,bew,Betawi,Latn,alphabet,0.9724,0.9724,,direct,0.0
gpt-3.5-turbo,bez,Bena,Latn,alphabet,1.0,1.0,,direct,0.0
gpt-3.5-turbo,bg,Bulgarian,Cyrl,alphabet,1.0,1.0,,direct,0.0
gpt-3.5-turbo,bgc,Haryanvi,Deva,abugida,0.4207,0.4207,,direct,0.0
gpt-3.5-turbo,bgn,Western Balochi,Arab,abjad,0.7838,0.7838,,direct,0.0
gpt-3.5-turbo,bho,Bhojpuri,Deva,abugida,0.4833,0.4833,,direct,0.0
gpt-3.5-turbo,blo,Anii,Latn,alphabet,0.8367,0.8367,,direct,0.0
gpt-3.5-turbo,blt,Tai Dam,Tavt,abugida,0.2,0.2,,direct,0.0
gpt-3.5-turbo,bm,Bambara,Latn,alphabet,0.8815,0.8815,,direct,0.0
gpt-3.5-turbo,bn,Bangla,Beng,abugida,0.2706,0.2706,,direct,0.0
gpt-3.5-turbo,bo,Tibetan,Tibt,abugida,0.2,0.2,,direct,0.0
gpt-3.5-turbo,br,Breton,Latn,alphabet,0.9724,0.9724,,direct,0.0
gpt-3.5-turbo,brx,Bodo,Deva,abugida,0.423,0.423,,direct,0.0
gpt-3.5-turbo,bs,Bosnian,Latn,alphabet,1.0,1.0,,direct,0.0
gpt-3.5-turbo,bss,Akoose,Latn,alphabet,0.8154,0.8154,,direct,0.0
gpt-3.5-turbo,byn,Blin,Ethi,syllabary,0.2,0.2,,within_script_only,0.0
gpt-3.5-turbo,ca,Catalan,Latn,alphabet,1.0,1.0,,direct,0.0
gpt-3.5-turbo,cad,Caddo,Latn,alphabet,0.92,0.92,,direct,0.0
gpt-3.5-turbo,cch,Atsam,Latn,alphabet,0.8857,0.8857,,direct,0.0
gpt-3.5-turbo,ccp,Chakma,Cakm,abugida,0.2,0.2,,direct,0.0
gpt-3.5-turbo,ce,Chechen,Cyrl,alphabet,0.9765,0.9765,,direct,0.0
gpt-3.5-turbo,ceb,Cebuano,Latn,alphabet,1.0,1.0,,direct,0.0
gpt-3.5-turbo,cgg,Chiga,Latn,alphabet,1.0,1.0,,direct,0.0
gpt-3.5-turbo,cho,Choctaw,Latn,alphabet,0.9238,0.9238,,direct,0.0
gpt-3.5-turbo,chr,Cherokee,Cher,syllabary,0.2,0.2,,within_script_only,0.0
gpt-3.5-turbo,cic,Chickasaw,Latn,alphabet,0.9158,0.9158,,direct,0.0
gpt-3.5-turbo,ckb,Central Kurdish,Arab,abjad,0.7818,0.7818,,direct,0.0
gpt-3.5-turbo,co,Corsican,Latn,alphabet,1.0,1.0,,direct,0.0
gpt-3.5-turbo,cop,Coptic,Copt,alphabet,0.2,0.2,,direct,0.0
gpt-3.5-turbo,cs,Czech,Latn,alphabet,0.961,0.961,,direct,0.0
gpt-3.5-turbo,csw,Swampy Cree,Cans,syllabary,0.2,0.2,,within_script_only,0.0
gpt-3.5-turbo,cu,Church Slavic,Cyrl,alphabet,0.5444,0.5444,,direct,0.0
gpt-3.5-turbo,cv,Chuvash,Cyrl,alphabet,0.9135,0.9135,,direct,0.0
gpt-3.5-turbo,cy,Welsh,Latn,alphabet,0.8857,0.8857,,direct,0.0
gpt-3.5-turbo,da,Danish,Latn,alphabet,1.0,1.0,,direct,0.0
gpt-3.5-turbo,dav,Taita,Latn,alphabet,1.0,1.0,,direct,0.0
gpt-3.5-turbo,de,German,Latn,alphabet,1.0,1.0,,direct,0.0
gpt-3.5-turbo,dje,Zarma,Latn,alphabet,0.925,0.925,,direct,0.0
gpt-3.5-turbo,doi,Dogri,Deva,abugida,0.3943,0.3943,,direct,0.0
gpt-3.5-turbo,dsb,Lower Sorbian,Latn,alphabet,0.9784,0.9784,,direct,0.0
gpt-3.5-turbo,dua,Duala,Latn,alphabet,0.8788,0.8788,,direct,0.0
gpt-3.5-turbo,dv,Divehi,Thaa,abjad,0.2,0.2,,direct,0.0
gpt-3.5-turbo,dyo,Jola-Fonyi,Latn,alphabet,0.975,0.975,,direct,0.0
gpt-3.5-turbo,dz,Dzongkha,Tibt,abugida,0.2,0.2,,direct,0.0
gpt-3.5-turbo,ebu,Embu,Latn,alphabet,0.9429,0.9429,,direct,0.0
gpt-3.5-turbo,ee,Ewe,Latn,alphabet,0.8167,0.8167,,direct,0.0
gpt-3.5-turbo,el,Greek,Grek,alphabet,0.8,0.8,,direct,0.0
gpt-3.5-turbo,en,English,Latn,alphabet,1.0,1.0,,direct,0.0
gpt-3.5-turbo,eo,Esperanto,Latn,alphabet,0.8286,0.8286,,direct,0.0
gpt-3.5-turbo,es,Spanish,Latn,alphabet,1.0,1.0,,direct,0.0
gpt-3.5-turbo,et,Estonian,Latn,alphabet,1.0,1.0,,direct,0.0
gpt-3.5-turbo,eu,Basque,Latn,alphabet,1.0,1.0,,direct,0.0
gpt-3.5-turbo,ewo,Ewondo,Latn,alphabet,0.8462,0.8462,,direct,0.0
gpt-3.5-turbo,fa,Persian,Arab,abjad,0.8256,0.8256,,direct,0.0
gpt-3.5-turbo,ff,Fula,Latn,alphabet,0.8815,0.8815,,direct,0.0
gpt-3.5-turbo,fi,Finnish,Latn,alphabet,1.0,1.0,,direct,0.0
gpt-3.5-turbo,fil,Filipino,Latn,alphabet,1.0,1.0,,direct,0.0
gpt-3.5-turbo,fo,Faroese,Latn,alphabet,1.0,1.0,,direct,0.0
gpt-3.5-turbo,fr,French,Latn,alphabet,0.981,0.981,,direct,0.0
gpt-3.5-turbo,frr,Northern Frisian,Latn,alphabet,1.0,1.0,,direct,0.0
gpt-3.5-turbo,fur,Friulian,Latn,alphabet,1.0,1.0,,direct,0.0
gpt-3.5-turbo,fy,Western Frisian,Latn,alphabet,1.0,1.0,,direct,0.0
gpt-3.5-turbo,ga,Irish,Latn,alphabet,1.0,1.0,,direct,0.0
gpt-3.5-turbo,gaa,Ga,Latn,alphabet,0.9077,0.9077,,direct,0.0
gpt-3.5-turbo,gd,Scottish Gaelic,Latn,alphabet,1.0,1.0,,direct,0.0
gpt-3.5-turbo,gez,Geez,Ethi,syllabary,0.2,0.2,,within_script_only,0.0
gpt-3.5-turbo,gl,Galician,Latn,alphabet,1.0,1.0,,direct,0.0
gpt-3.5-turbo,gn,Guarani,Latn,alphabet,0.84,0.84,,direct,0.0
gpt-3.5-turbo,gsw,Swiss German,Latn,alphabet,1.0,1.0,,direct,0.0
gpt-3.5-turbo,gu,Gujarati,Gujr,abugida,0.2,0.2,,direct,0.0
gpt-3.5-turbo,guz,Gusii,Latn,alphabet,1.0,1.0,,direct,0.0
gpt-3.5-turbo,gv,Manx,Latn,alphabet,1.0,1.0,,direct,0.0
gpt-3.5-turbo,ha,Hausa,Latn,alphabet,0.8519,0.8519,,direct,0.0
gpt-3.5-turbo,haw,Hawaiian,Latn,alphabet,0.9556,0.9556,,direct,0.0
gpt-3.5-turbo,he,Hebrew,Hebr,abjad,0.6148,0.6148,,direct,0.0
gpt-3.5-turbo,hi,Hindi,Deva,abugida,0.403,0.403,,direct,0.0
gpt-3.5-turbo,hnj,Hmong Njua,Hmnp,alphabet,0.2,0.2,,direct,0.0
gpt-3.5-turbo,hr,Croatian,Latn,alphabet,1.0,1.0,,direct,0.0
gpt-3.5-turbo,hsb,Upper Sorbian,Latn,alphabet,1.0,1.0,,direct,0.0
gpt-3.5-turbo,ht,Haitian Creole,Latn,alphabet,1.0,1.0,,direct,0.0
gpt-3.5-turbo,hu,Hungarian,Latn,alphabet,1.0,1.0,,direct,0.0
gpt-3.5-turbo,hy,Armenian,Armn,alphabet,0.2,0.2,,direct,0.0
gpt-3.5-turbo,ia,Interlingua,Latn,alphabet,1.0,1.0,,direct,0.0
gpt-3.5-turbo,id,Indonesian,Latn,alphabet,1.0,1.0,,direct,0.0
gpt-3.5-turbo,ie,Interlingue,Latn,alphabet,1.0,1.0,,direct,0.0
gpt-3.5-turbo,ig,Igbo,Latn,alphabet,0.9714,0.9714,,direct,0.0
gpt-3.5-turbo,ii,Sichuan Yi,Yiii,syllabary,0.2,0.2,,within_script_only,0.0
gpt-3.5-turbo,io,Ido,Latn,alphabet,1.0,1.0,,direct,0.0
gpt-3.5-turbo,is,Icelandic,Latn,alphabet,0.9906,0.9906,,direct,0.0
gpt-3.5-turbo,it,Italian,Latn,alphabet,1.0,1.0,,direct,0.0
gpt-3.5-turbo,iu,Inuktitut,Cans,syllabary,0.2,0.2,,within_script_only,0.0
gpt-3.5-turbo,ja,Japanese,Jpan,mixed_logographic,0.3619,0.3619,,within_script_only,0.0
gpt-3.5-turbo,jbo,Lojban,Latn,alphabet,1.0,1.0,,direct,0.0
gpt-3.5-turbo,jgo,Ngomba,Latn,alphabet,0.7333,0.7333,,direct,0.0
gpt-3.5-turbo,jmc,Machame,Latn,alphabet,1.0,1.0,,direct,0.0
gpt-3.5-turbo,jv,Javanese,Latn,alphabet,1.0,1.0,,direct,0.0
gpt-3.5-turbo,ka,Georgian,Geor,alphabet,0.2,0.2,,direct,0.0
gpt-3.5-turbo,kaa,Kara-Kalpak,Cyrl,alphabet,0.8439,0.8439,,direct,0.0
gpt-3.5-turbo,kab,Kabyle,Latn,alphabet,0.7882,0.7882,,direct,0.0
gpt-3.5-turbo,kaj,Jju,Latn,alphabet,1.0,1.0,,direct,0.0
gpt-3.5-turbo,kam,Kamba,Latn,alphabet,0.9407,0.9407,,direct,0.0
gpt-3.5-turbo,kcg,Tyap,Latn,alphabet,0.968,0.968,,direct,0.0
gpt-3.5-turbo,kde,Makonde,Latn,alphabet,1.0,1.0,,direct,0.0
gpt-3.5-turbo,kea,Kabuverdianu,Latn,alphabet,1.0,1.0,,direct,0.0
gpt-3.5-turbo,ken,Kenyang,Latn,alphabet,0.8244,0.8244,,direct,0.0
gpt-3.5-turbo,kgp,Kaingang,Latn,alphabet,0.8769,0.8769,,direct,0.0
gpt-3.5-turbo,khq,Koyra Chiini,Latn,alphabet,0.925,0.925,,direct,0.0
gpt-3.5-turbo,ki,Kikuyu,Latn,alphabet,0.92,0.92,,direct,0.0
gpt-3.5-turbo,kk,Kazakh,Cyrl,alphabet,0.8476,0.8476,,direct,0.0
gpt-3.5-turbo,kkj,Kako,Latn,alphabet,0.8809,0.8809,,direct,0.0
gpt-3.5-turbo,kl,Kalaallisut,Latn,alphabet,1.0,1.0,,direct,0.0
gpt-3.5-turbo,kln,Kalenjin,Latn,alphabet,1.0,1.0,,direct,0.0
gpt-3.5-turbo,km,Khmer,Khmr,abugida,0.2111,0.2111,,direct,0.0
gpt-3.5-turbo,kn,Kannada,Knda,abugida,0.2,0.2,,direct,0.0
gpt-3.5-turbo,ko,Korean,Kore,featural_syllabary,0.2113,0.2113,0.2,within_script_only,0.0
gpt-3.5-turbo,kok,Konkani,Deva,abugida,0.3766,0.3766,,direct,0.0
gpt-3.5-turbo,kpe,Kpelle,Latn,alphabet,0.8069,0.8069,,direct,0.0
gpt-3.5-turbo,ks,Kashmiri,Arab,abjad,0.7326,0.7326,,direct,0.0
gpt-3.5-turbo,ksb,Shambala,Latn,alphabet,1.0,1.0,,direct,0.0
gpt-3.5-turbo,ksf,Bafia,Latn,alphabet,0.9059,0.9059,,direct,0.0
gpt-3.5-turbo,ksh,Colognian,Latn,alphabet,0.9778,0.9778,,direct,0.0
gpt-3.5-turbo,ku,Kurdish,Latn,alphabet,1.0,1.0,,direct,0.0
gpt-3.5-turbo,kw,Cornish,Latn,alphabet,1.0,1.0,,direct,0.0
gpt-3.5-turbo,kxv,Kuvi,Latn,alphabet,0.8545,0.8545,,direct,0.0
gpt-3.5-turbo,ky,Kyrgyz,Cyrl,alphabet,0.9226,0.9226,,direct,0.0
gpt-3.5-turbo,la,Latin,Latn,alphabet,1.0,1.0,,direct,0.0
gpt-3.5-turbo,lag,Langi,Latn,alphabet,0.9515,0.9515,,direct,0.0
gpt-3.5-turbo,lb,Luxembourgish,Latn,alphabet,1.0,1.0,,direct,0.0
gpt-3.5-turbo,lg,Ganda,Latn,alphabet,0.9667,0.9667,,direct,0.0
gpt-3.5-turbo,lij,Ligurian,Latn,alphabet,1.0,1.0,,direct,0.0
gpt-3.5-turbo,lkt,Lakota,Latn,alphabet,0.8933,0.8933,,direct,0.0
gpt-3.5-turbo,lld,lld,Latn,alphabet,1.0,1.0,,direct,0.0
gpt-3.5-turbo,lmo,Lombard,Latn,alphabet,1.0,1.0,,direct,0.0
gpt-3.5-turbo,ln,Lingala,Latn,alphabet,0.8634,0.8634,,direct,0.0
gpt-3.5-turbo,lo,Lao,Laoo,abugida,0.2,0.2,,direct,0.0
gpt-3.5-turbo,lrc,Northern Luri,Arab,abjad,0.7581,0.7581,,direct,0.0
gpt-3.5-turbo,lt,Lithuanian,Latn,alphabet,0.925,0.925,,direct,0.0
gpt-3.5-turbo,ltg,Latgalian,Latn,alphabet,0.9086,0.9086,,direct,0.0
gpt-3.5-turbo,lu,Luba-Katanga,Latn,alphabet,0.9579,0.9579,,direct,0.0
gpt-3.5-turbo,luo,Luo,Latn,alphabet,1.0,1.0,,direct,0.0
gpt-3.5-turbo,luy,Luyia,Latn,alphabet,1.0,1.0,,direct,0.0
gpt-3.5-turbo,lv,Latvian,Latn,alphabet,0.903,0.903,,direct,0.0
gpt-3.5-turbo,mai,Maithili,Deva,abugida,0.5022,0.5022,,direct,0.0
gpt-3.5-turbo,mas,Masai,Latn,alphabet,0.9149,0.9149,,direct,0.0
gpt-3.5-turbo,mdf,Moksha,Cyrl,alphabet,1.0,1.0,,direct,0.0
gpt-3.5-turbo,mer,Meru,Latn,alphabet,0.9429,0.9429,,direct,0.0
gpt-3.5-turbo,mfe,Morisyen,Latn,alphabet,1.0,1.0,,direct,0.0
gpt-3.5-turbo,mg,Malagasy,Latn,alphabet,1.0,1.0,,direct,0.0
gpt-3.5-turbo,mgh,Makhuwa-Meetto,Latn,alphabet,1.0,1.0,,direct,0.0
gpt-3.5-turbo,mgo,Metaʼ,Latn,alphabet,0.925,0.925,,direct,0.0
gpt-3.5-turbo,mhn,mhn,Latn,alphabet,1.0,1.0,,direct,0.0
gpt-3.5-turbo,mi,Māori,Latn,alphabet,1.0,1.0,,direct,0.0
gpt-3.5-turbo,mic,Mi'kmaw,Latn,alphabet,0.9273,0.9273,,direct,0.0
gpt-3.5-turbo,mk,Macedonian,Cyrl,alphabet,0.8194,0.8194,,direct,0.0
gpt-3.5-turbo,ml,Malayalam,Mlym,abugida,0.2,0.2,,direct,0.0
gpt-3.5-turbo,mn,Mongolian,Cyrl,alphabet,0.9543,0.9543,,direct,0.0
gpt-3.5-turbo,mni,Manipuri,Beng,abugida,0.2814,0.2814,,direct,0.0
gpt-3.5-turbo,moh,Mohawk,Latn,alphabet,0.9652,0.9652,,direct,0.0
gpt-3.5-turbo,mr,Marathi,Deva,abugida,0.4125,0.4125,,direct,0.0
gpt-3.5-turbo,ms,Malay,Latn,alphabet,1.0,1.0,,direct,0.0
gpt-3.5-turbo,mt,Maltese,Latn,alphabet,0.9273,0.9273,,direct,0.0
gpt-3.5-turbo,mua,Mundang,Latn,alphabet,0.8545,0.8545,,direct,0.0
gpt-3.5-turbo,mus,Muscogee,Latn,alphabet,0.9619,0.9619,,direct,0.0
gpt-3.5-turbo,my,Burmese,Mymr,abugida,0.2,0.2,,direct,0.0
gpt-3.5-turbo,myv,Erzya,Cyrl,alphabet,1.0,1.0,,direct,0.0
gpt-3.5-turbo,mzn,Mazanderani,Arab,abjad,0.8256,0.8256,,direct,0.0
gpt-3.5-turbo,naq,Nama,Latn,alphabet,0.8968,0.8968,,direct,0.0
gpt-3.5-turbo,nd,North Ndebele,Latn,alphabet,1.0,1.0,,direct,0.0
gpt-3.5-turbo,nds,Low German,Latn,alphabet,1.0,1.0,,direct,0.0
gpt-3.5-turbo,ne,Nepali,Deva,abugida,0.403,0.403,,direct,0.0
gpt-3.5-turbo,nl,Dutch,Latn,alphabet,1.0,1.0,,direct,0.0
gpt-3.5-turbo,nmg,Kwasio,Latn,alphabet,0.8175,0.8175,,direct,0.0
gpt-3.5-turbo,nnh,Ngiemboon,Latn,alphabet,0.8074,0.8074,,direct,0.0
gpt-3.5-turbo,no,Norwegian,Latn,alphabet,1.0,1.0,,direct,0.0
gpt-3.5-turbo,nqo,N’Ko,Nkoo,alphabet,0.2,0.2,,direct,0.0
gpt-3.5-turbo,nr,South Ndebele,Latn,alphabet,1.0,1.0,,direct,0.0
gpt-3.5-turbo,nso,Northern Sotho,Latn,alphabet,1.0,1.0,,direct,0.0
gpt-3.5-turbo,nus,Nuer,Latn,alphabet,0.8667,0.8667,,direct,0.0
gpt-3.5-turbo,nv,Navajo,Latn,alphabet,0.9484,0.9484,,direct,0.0
gpt-3.5-turbo,ny,Nyanja,Latn,alphabet,0.9667,0.9667,,direct,0.0
gpt-3.5-turbo,nyn,Nyankole,Latn,alphabet,1.0,1.0,,direct,0.0
gpt-3.5-turbo,oc,Occitan,Latn,alphabet,1.0,1.0,,direct,0.0
gpt-3.5-turbo,om,Oromo,Latn,alphabet,1.0,1.0,,direct,0.0
gpt-3.5-turbo,or,Odia,Orya,abugida,0.2,0.2,,direct,0.0
gpt-3.5-turbo,os,Ossetic,Cyrl,alphabet,0.9765,0.9765,,direct,0.0
gpt-3.5-turbo,osa,Osage,Osge,alphabet,0.22,0.22,,direct,0.0
gpt-3.5-turbo,pa,Punjabi,Guru,abugida,0.2,0.2,,direct,0.0
gpt-3.5-turbo,pap,Papiamento,Latn,alphabet,1.0,1.0,,direct,0.0
gpt-3.5-turbo,pcm,Nigerian Pidgin,Latn,alphabet,0.975,0.975,,direct,0.0
gpt-3.5-turbo,pis,Pijin,Latn,alphabet,1.0,1.0,,direct,0.0
gpt-3.5-turbo,pl,Polish,Latn,alphabet,1.0,1.0,,direct,0.0
gpt-3.5-turbo,prg,Prussian,Latn,alphabet,0.8974,0.8974,,direct,0.0
gpt-3.5-turbo,ps,Pashto,Arab,abjad,0.715,0.715,,direct,0.0
gpt-3.5-turbo,pt,Portuguese,Latn,alphabet,1.0,1.0,,direct,0.0
gpt-3.5-turbo,qu,Quechua,Latn,alphabet,0.9529,0.9529,,direct,0.0
gpt-3.5-turbo,quc,Kʼicheʼ,Latn,alphabet,0.968,0.968,,direct,0.0
gpt-3.5-turbo,raj,Rajasthani,Deva,abugida,0.4776,0.4776,,direct,0.0
gpt-3.5-turbo,rhg,Rohingya,Rohg,abjad,0.2,0.2,,direct,0.0
gpt-3.5-turbo,rif,Riffian,Latn,alphabet,0.8194,0.8194,,direct,0.0
gpt-3.5-turbo,rm,Romansh,Latn,alphabet,1.0,1.0,,direct,0.0
gpt-3.5-turbo,rn,Rundi,Latn,alphabet,1.0,1.0,,direct,0.0
gpt-3.5-turbo,ro,Romanian,Latn,alphabet,1.0,1.0,,direct,0.0
gpt-3.5-turbo,rof,Rombo,Latn,alphabet,1.0,1.0,,direct,0.0
gpt-3.5-turbo,ru,Russian,Cyrl,alphabet,1.0,1.0,,direct,0.0
gpt-3.5-turbo,rw,Kinyarwanda,Latn,alphabet,1.0,1.0,,direct,0.0
gpt-3.5-turbo,rwk,Rwa,Latn,alphabet,1.0,1.0,,direct,0.0
gpt-3.5-turbo,sa,Sanskrit,Deva,abugida,0.3943,0.3943,,direct,0.0
gpt-3.5-turbo,sah,Yakut,Cyrl,alphabet,0.8462,0.8462,,direct,0.0
gpt-3.5-turbo,saq,Samburu,Latn,alphabet,1.0,1.0,,direct,0.0
gpt-3.5-turbo,sat,Santali,Olck,alphabet,0.2,0.2,,direct,0.0
gpt-3.5-turbo,sbp,Sangu,Latn,alphabet,1.0,1.0,,direct,0.0
gpt-3.5-turbo,sc,Sardinian,Latn,alphabet,1.0,1.0,,direct,0.0
gpt-3.5-turbo,scn,Sicilian,Latn,alphabet,0.9758,0.9758,,direct,0.0
gpt-3.5-turbo,sd,Sindhi,Arab,abjad,0.6712,0.6712,,direct,0.0
gpt-3.5-turbo,sdh,Southern Kurdish,Arab,abjad,0.7412,0.7412,,direct,0.0
gpt-3.5-turbo,se,Northern Sami,Latn,alphabet,0.9448,0.9448,,direct,0.0
gpt-3.5-turbo,seh,Sena,Latn,alphabet,1.0,1.0,,direct,0.0
gpt-3.5-turbo,ses,Koyraboro Senni,Latn,alphabet,0.925,0.925,,direct,0.0
gpt-3.5-turbo,sg,Sango,Latn,alphabet,1.0,1.0,,direct,0.0
gpt-3.5-turbo,shi,Tachelhit,Tfng,alphabet,0.2,0.2,,direct,0.0
gpt-3.5-turbo,shn,Shan,Mymr,abugida,0.2174,0.2174,,direct,0.0
gpt-3.5-turbo,si,Sinhala,Sinh,abugida,0.2,0.2,,direct,0.0
gpt-3.5-turbo,sid,Sidamo,Latn,alphabet,1.0,1.0,,direct,0.0
gpt-3.5-turbo,sk,Slovak,Latn,alphabet,0.907,0.907,,direct,0.0
gpt-3.5-turbo,skr,skr,Arab,abjad,0.6837,0.6837,,direct,0.0
gpt-3.5-turbo,sl,Slovenian,Latn,alphabet,1.0,1.0,,direct,0.0
gpt-3.5-turbo,sma,Southern Sami,Latn,alphabet,1.0,1.0,,direct,0.0
gpt-3.5-turbo,smj,Lule Sami,Latn,alphabet,1.0,1.0,,direct,0.0
gpt-3.5-turbo,smn,Inari Sami,Latn,alphabet,0.9742,0.9742,,direct,0.0
gpt-3.5-turbo,sms,Skolt Sami,Latn,alphabet,0.8667,0.8667,,direct,0.0
gpt-3.5-turbo,sn,Shona,Latn,alphabet,1.0,1.0,,direct,0.0
gpt-3.5-turbo,so,Somali,Latn,alphabet,1.0,1.0,,direct,0.0
gpt-3.5-turbo,sq,Albanian,Latn,alphabet,1.0,1.0,,direct,0.0
gpt-3.5-turbo,sr,Serbian,Cyrl,alphabet,0.84,0.84,,direct,0.0
gpt-3.5-turbo,ss,Swati,Latn,alphabet,1.0,1.0,,direct,0.0
gpt-3.5-turbo,ssy,Saho,Latn,alphabet,1.0,1.0,,direct,0.0
gpt-3.5-turbo,st,Southern Sotho,Latn,alphabet,1.0,1.0,,direct,0.0
gpt-3.5-turbo,su,Sundanese,Latn,alphabet,1.0,1.0,,direct,0.0
gpt-3.5-turbo,sv,Swedish,Latn,alphabet,1.0,1.0,,direct,0.0
gpt-3.5-turbo,sw,Swahili,Latn,alphabet,1.0,1.0,,direct,0.0
gpt-3.5-turbo,syr,Syriac,Syrc,abjad,0.2,0.2,,direct,0.0
gpt-3.5-turbo,szl,Silesian,Latn,alphabet,0.9765,0.9765,,direct,0.0
gpt-3.5-turbo,ta,Tamil,Taml,abugida,0.2511,0.2511,,direct,0.0
gpt-3.5-turbo,te,Telugu,Telu,abugida,0.2,0.2,,direct,0.0
gpt-3.5-turbo,teo,Teso,Latn,alphabet,1.0,1.0,,direct,0.0
gpt-3.5-turbo,tg,Tajik,Cyrl,alphabet,0.8629,0.8629,,direct,0.0
gpt-3.5-turbo,th,Thai,Thai,abugida,0.6493,0.6493,,direct,0.0
gpt-3.5-turbo,ti,Tigrinya,Ethi,syllabary,0.2,0.2,,within_script_only,0.0
gpt-3.5-turbo,tig,Tigre,Ethi,syllabary,0.2,0.2,,within_script_only,0.0
gpt-3.5-turbo,tk,Turkmen,Latn,alphabet,0.9733,0.9733,,direct,0.0
gpt-3.5-turbo,tn,Tswana,Latn,alphabet,1.0,1.0,,direct,0.0
gpt-3.5-turbo,to,Tongan,Latn,alphabet,0.9704,0.9704,,direct,0.0
gpt-3.5-turbo,tok,Toki Pona,Latn,alphabet,1.0,1.0,,direct,0.0
gpt-3.5-turbo,tpi,Tok Pisin,Latn,alphabet,1.0,1.0,,direct,0.0
gpt-3.5-turbo,tr,Turkish,Latn,alphabet,1.0,1.0,,direct,0.0
gpt-3.5-turbo,trv,Taroko,Latn,alphabet,1.0,1.0,,direct,0.0
gpt-3.5-turbo,trw,Torwali,Arab,abjad,0.7104,0.7104,,direct,0.0
gpt-3.5-turbo,ts,Tsonga,Latn,alphabet,1.0,1.0,,direct,0.0
gpt-3.5-turbo,tt,Tatar,Cyrl,alphabet,0.8769,0.8769,,direct,0.0
gpt-3.5-turbo,twq,Tasawaq,Latn,alphabet,0.925,0.925,,direct,0.0
gpt-3.5-turbo,tyv,Tuvinian,Cyrl,alphabet,0.9333,0.9333,,direct,0.0
gpt-3.5-turbo,tzm,Central Atlas Tamazight,Latn,alphabet,0.7935,0.7935,,direct,0.0
gpt-3.5-turbo,ug,Uyghur,Arab,abjad,0.7412,0.7412,,direct,0.0
gpt-3.5-turbo,uk,Ukrainian,Cyrl,alphabet,0.9059,0.9059,,direct,0.0
gpt-3.5-turbo,ur,Urdu,Arab,abjad,0.8237,0.8237,,direct,0.0
gpt-3.5-turbo,uz,Uzbek,Latn,alphabet,0.9407,0.9407,,direct,0.0
gpt-3.5-turbo,vai,Vai,Vaii,syllabary,0.2,0.2,,within_script_only,0.0
gpt-3.5-turbo,ve,Venda,Latn,alphabet,0.8571,0.8571,,direct,0.0
gpt-3.5-turbo,vec,Venetian,Latn,alphabet,1.0,1.0,,direct,0.0
gpt-3.5-turbo,vi,Vietnamese,Latn,alphabet,0.8618,0.8618,,direct,0.0
gpt-3.5-turbo,vmw,Makhuwa,Latn,alphabet,1.0,1.0,,direct,0.0
gpt-3.5-turbo,vo,Volapük,Latn,alphabet,1.0,1.0,,direct,0.0
gpt-3.5-turbo,vun,Vunjo,Latn,alphabet,1.0,1.0,,direct,0.0
gpt-3.5-turbo,wa,Walloon,Latn,alphabet,0.9814,0.9814,,direct,0.0
gpt-3.5-turbo,wae,Walser,Latn,alphabet,0.9795,0.9795,,direct,0.0
gpt-3.5-turbo,wal,Wolaytta,Ethi,syllabary,0.2,0.2,,within_script_only,0.0
gpt-3.5-turbo,wbp,Warlpiri,Latn,alphabet,1.0,1.0,,direct,0.0
gpt-3.5-turbo,wo,Wolof,Latn,alphabet,0.9724,0.9724,,direct,0.0
gpt-3.5-turbo,xh,Xhosa,Latn,alphabet,1.0,1.0,,direct,0.0
gpt-3.5-turbo,xnr,Kangri,Deva,abugida,0.4182,0.4182,,direct,0.0
gpt-3.5-turbo,xog,Soga,Latn,alphabet,1.0,1.0,,direct,0.0
gpt-3.5-turbo,yav,Yangben,Latn,alphabet,0.8979,0.8979,,direct,0.0
gpt-3.5-turbo,yi,Yiddish,Hebr,abjad,0.5294,0.5294,,direct,0.0
gpt-3.5-turbo,yo,Yoruba,Latn,alphabet,0.9,0.9,,direct,0.0
gpt-3.5-turbo,yrl,Nheengatu,Latn,alphabet,0.8857,0.8857,,direct,0.0
gpt-3.5-turbo,yue,Cantonese,Hant,logographic,0.3194,0.3194,,within_script_only,0.0
gpt-3.5-turbo,za,Zhuang,Latn,alphabet,1.0,1.0,,direct,0.0
gpt-3.5-turbo,zgh,Standard Moroccan Tamazight,Tfng,alphabet,0.2,0.2,,direct,0.0
gpt-3.5-turbo,zh,Chinese,Hans,logographic,0.3953,0.3953,,within_script_only,0.0
gpt-3.5-turbo,zu,Zulu,Latn,alphabet,1.0,1.0,,direct,0.0
gpt-4,aa,Afar,Latn,alphabet,1.0,1.0,,direct,0.0
gpt-4,ab,Abkhazian,Cyrl,alphabet,0.72,0.72,,direct,0.0
gpt-4,af,Afrikaans,Latn,alphabet,1.0,1.0,,direct,0.0
gpt-4,agq,Aghem,Latn,alphabet,0.8,0.8,,direct,0.0
gpt-4,ak,Akan,Latn,alphabet,0.9273,0.9273,,direct,0.0
gpt-4,am,Amharic,Ethi,syllabary,0.2,0.2,,within_script_only,0.0
gpt-4,an,Aragonese,Latn,alphabet,1.0,1.0,,direct,0.0
gpt-4,ann,Obolo,Latn,alphabet,0.959,0.959,,direct,0.0
gpt-4,apc,apc,Arab,abjad,0.8689,0.8689,,direct,0.0
gpt-4,ar,Arabic,Arab,abjad,0.8689,0.8689,,direct,0.0
gpt-4,arn,Mapuche,Latn,alphabet,0.904,0.904,,direct,0.0
gpt-4,as,Assamese,Beng,abugida,0.2678,0.2678,,direct,0.0
gpt-4,asa,Asu,Latn,alphabet,1.0,1.0,,direct,0.0
gpt-4,ast,Asturian,Latn,alphabet,0.95,0.95,,direct,0.0
gpt-4,az,Azerbaijani,Latn,alphabet,1.0,1.0,,direct,0.0
gpt-4,ba,Bashkir,Cyrl,alphabet,0.8286,0.8286,,direct,0.0
gpt-4,bal,Baluchi,Arab,abjad,0.7576,0.7576,,direct,0.0
gpt-4,bas,Basaa,Latn,alphabet,0.8194,0.8194,,direct,0.0
gpt-4,be,Belarusian,Cyrl,alphabet,0.975,0.975,,direct,0.0
gpt-4,bem,Bemba,Latn,alphabet,1.0,1.0,,direct,0.0
gpt-4,bew,Betawi,Latn,alphabet,0.9724,0.9724,,direct,0.0
gpt-4,bez,Bena,Latn,alphabet,1.0,1.0,,direct,0.0
gpt-4,bg,Bulgarian,Cyrl,alphabet,1.0,1.0,,direct,0.0
gpt-4,bgc,Haryanvi,Deva,abugida,0.4207,0.4207,,direct,0.0
gpt-4,bgn,Western Balochi,Arab,abjad,0.7838,0.7838,,direct,0.0
gpt-4,bho,Bhojpuri,Deva,abugida,0.4833,0.4833,,direct,0.0
gpt-4,blo,Anii,Latn,alphabet,0.8367,0.8367,,direct,0.0
gpt-4,blt,Tai Dam,Tavt,abugida,0.2,0.2,,direct,0.0
gpt-4,bm,Bambara,Latn,alphabet,0.8815,0.8815,,direct,0.0
gpt-4,bn,Bangla,Beng,abugida,0.2706,0.2706,,direct,0.0
gpt-4,bo,Tibetan,Tibt,abugida,0.2,0.2,,direct,0.0
gpt-4,br,Breton,Latn,alphabet,0.9724,0.9724,,direct,0.0
gpt-4,brx,Bodo,Deva,abugida,0.423,0.423,,direct,0.0
gpt-4,bs,Bosnian,Latn,alphabet,1.0,1.0,,direct,0.0
gpt-4,bss,Akoose,Latn,alphabet,0.8154,0.8154,,direct,0.0
gpt-4,byn,Blin,Ethi,syllabary,0.2,0.2,,within_script_only,0.0
gpt-4,ca,Catalan,Latn,alphabet,1.0,1.0,,direct,0.0
gpt-4,cad,Caddo,Latn,alphabet,0.92,0.92,,direct,0.0
gpt-4,cch,Atsam,Latn,alphabet,0.8857,0.8857,,direct,0.0
gpt-4,ccp,Chakma,Cakm,abugida,0.2,0.2,,direct,0.0
gpt-4,ce,Chechen,Cyrl,alphabet,0.9765,0.9765,,direct,0.0
gpt-4,ceb,Cebuano,Latn,alphabet,1.0,1.0,,direct,0.0
gpt-4,cgg,Chiga,Latn,alphabet,1.0,1.0,,direct,0.0
gpt-4,cho,Choctaw,Latn,alphabet,0.9238,0.9238,,direct,0.0
gpt-4,chr,Cherokee,Cher,syllabary,0.2,0.2,,within_script_only,0.0
gpt-4,cic,Chickasaw,Latn,alphabet,0.9158,0.9158,,direct,0.0
gpt-4,ckb,Central Kurdish,Arab,abjad,0.7818,0.7818,,direct,0.0
gpt-4,co,Corsican,Latn,alphabet,1.0,1.0,,direct,0.0
gpt-4,cop,Coptic,Copt,alphabet,0.2,0.2,,direct,0.0
gpt-4,cs,Czech,Latn,alphabet,0.961,0.961,,direct,0.0
gpt-4,csw,Swampy Cree,Cans,syllabary,0.2,0.2,,within_script_only,0.0
gpt-4,cu,Church Slavic,Cyrl,alphabet,0.5444,0.5444,,direct,0.0
gpt-4,cv,Chuvash,Cyrl,alphabet,0.9135,0.9135,,direct,0.0
gpt-4,cy,Welsh,Latn,alphabet,0.8857,0.8857,,direct,0.0
gpt-4,da,Danish,Latn,alphabet,1.0,1.0,,direct,0.0
gpt-4,dav,Taita,Latn,alphabet,1.0,1.0,,direct,0.0
gpt-4,de,German,Latn,alphabet,1.0,1.0,,direct,0.0
gpt-4,dje,Zarma,Latn,alphabet,0.925,0.925,,direct,0.0
gpt-4,doi,Dogri,Deva,abugida,0.3943,0.3943,,direct,0.0
gpt-4,dsb,Lower Sorbian,Latn,alphabet,0.9784,0.9784,,direct,0.0
gpt-4,dua,Duala,Latn,alphabet,0.8788,0.8788,,direct,0.0
gpt-4,dv,Divehi,Thaa,abjad,0.2,0.2,,direct,0.0
gpt-4,dyo,Jola-Fonyi,Latn,alphabet,0.975,0.975,,direct,0.0
gpt-4,dz,Dzongkha,Tibt,abugida,0.2,0.2,,direct,0.0
gpt-4,ebu,Embu,Latn,alphabet,0.9429,0.9429,,direct,0.0
gpt-4,ee,Ewe,Latn,alphabet,0.8167,0.8167,,direct,0.0
gpt-4,el,Greek,Grek,alphabet,0.8,0.8,,direct,0.0
gpt-4,en,English,Latn,alphabet,1.0,1.0,,direct,0.0
gpt-4,eo,Esperanto,Latn,alphabet,0.8286,0.8286,,direct,0.0
gpt-4,es,Spanish,Latn,alphabet,1.0,1.0,,direct,0.0
gpt-4,et,Estonian,Latn,alphabet,1.0,1.0,,direct,0.0
gpt-4,eu,Basque,Latn,alphabet,1.0,1.0,,direct,0.0
gpt-4,ewo,Ewondo,Latn,alphabet,0.8462,0.8462,,direct,0.0
gpt-4,fa,Persian,Arab,abjad,0.8256,0.8256,,direct,0.0
gpt-4,ff,Fula,Latn,alphabet,0.8815,0.8815,,direct,0.0
gpt-4,fi,Finnish,Latn,alphabet,1.0,1.0,,direct,0.0
gpt-4,fil,Filipino,Latn,alphabet,1.0,1.0,,direct,0.0
gpt-4,fo,Faroese,Latn,alphabet,1.0,1.0,,direct,0.0
gpt-4,fr,French,Latn,alphabet,0.981,0.981,,direct,0.0
gpt-4,frr,Northern Frisian,Latn,alphabet,1.0,1.0,,direct,0.0
gpt-4,fur,Friulian,Latn,alphabet,1.0,1.0,,direct,0.0
gpt-4,fy,Western Frisian,Latn,alphabet,1.0,1.0,,direct,0.0
gpt-4,ga,Irish,Latn,alphabet,1.0,1.0,,direct,0.0
gpt-4,gaa,Ga,Latn,alphabet,0.9077,0.9077,,direct,0.0
gpt-4,gd,Scottish Gaelic,Latn,alphabet,1.0,1.0,,direct,0.0
gpt-4,gez,Geez,Ethi,syllabary,0.2,0.2,,within_script_only,0.0
gpt-4,gl,Galician,Latn,alphabet,1.0,1.0,,direct,0.0
gpt-4,gn,Guarani,Latn,alphabet,0.84,0.84,,direct,0.0
gpt-4,gsw,Swiss German,Latn,alphabet,1.0,1.0,,direct,0.0
gpt-4,gu,Gujarati,Gujr,abugida,0.2,0.2,,direct,0.0
gpt-4,guz,Gusii,Latn,alphabet,1.0,1.0,,direct,0.0
gpt-4,gv,Manx,Latn,alphabet,1.0,1.0,,direct,0.0
gpt-4,ha,Hausa,Latn,alphabet,0.8519,0.8519,,direct,0.0
gpt-4,haw,Hawaiian,Latn,alphabet,0.9556,0.9556,,direct,0.0
gpt-4,he,Hebrew,Hebr,abjad,0.6148,0.6148,,direct,0.0
gpt-4,hi,Hindi,Deva,abugida,0.403,0.403,,direct,0.0
gpt-4,hnj,Hmong Njua,Hmnp,alphabet,0.2,0.2,,direct,0.0
gpt-4,hr,Croatian,Latn,alphabet,1.0,1.0,,direct,0.0
gpt-4,hsb,Upper Sorbian,Latn,alphabet,1.0,1.0,,direct,0.0
gpt-4,ht,Haitian Creole,Latn,alphabet,1.0,1.0,,direct,0.0
gpt-4,hu,Hungarian,Latn,alphabet,1.0,1.0,,direct,0.0
gpt-4,hy,Armenian,Armn,alphabet,0.2,0.2,,direct,0.0
gpt-4,ia,Interlingua,Latn,alphabet,1.0,1.0,,direct,0.0
gpt-4,id,Indonesian,Latn,alphabet,1.0,1.0,,direct,0.0
gpt-4,ie,Interlingue,Latn,alphabet,1.0,1.0,,direct,0.0
gpt-4,ig,Igbo,Latn,alphabet,0.9714,0.9714,,direct,0.0
gpt-4,ii,Sichuan Yi,Yiii,syllabary,0.2,0.2,,within_script_only,0.0
gpt-4,io,Ido,Latn,alphabet,1.0,1.0,,direct,0.0
gpt-4,is,Icelandic,Latn,alphabet,0.9906,0.9906,,direct,0.0
gpt-4,it,Italian,Latn,alphabet,1.0,1.0,,direct,0.0
gpt-4,iu,Inuktitut,Cans,syllabary,0.2,0.2,,within_script_only,0.0
gpt-4,ja,Japanese,Jpan,mixed_logographic,0.3619,0.3619,,within_script_only,0.0
gpt-4,jbo,Lojban,Latn,alphabet,1.0,1.0,,direct,0.0
gpt-4,jgo,Ngomba,Latn,alphabet,0.7333,0.7333,,direct,0.0
gpt-4,jmc,Machame,Latn,alphabet,1.0,1.0,,direct,0.0
gpt-4,jv,Javanese,Latn,alphabet,1.0,1.0,,direct,0.0
gpt-4,ka,Georgian,Geor,alphabet,0.2,0.2,,direct,0.0
gpt-4,kaa,Kara-Kalpak,Cyrl,alphabet,0.8439,0.8439,,direct,0.0
gpt-4,kab,Kabyle,Latn,alphabet,0.7882,0.7882,,direct,0.0
gpt-4,kaj,Jju,Latn,alphabet,1.0,1.0,,direct,0.0
gpt-4,kam,Kamba,Latn,alphabet,0.9407,0.9407,,direct,0.0
gpt-4,kcg,Tyap,Latn,alphabet,0.968,0.968,,direct,0.0
gpt-4,kde,Makonde,Latn,alphabet,1.0,1.0,,direct,0.0
gpt-4,kea,Kabuverdianu,Latn,alphabet,1.0,1.0,,direct,0.0
gpt-4,ken,Kenyang,Latn,alphabet,0.8244,0.8244,,direct,0.0
gpt-4,kgp,Kaingang,Latn,alphabet,0.8769,0.8769,,direct,0.0
gpt-4,khq,Koyra Chiini,Latn,alphabet,0.925,0.925,,direct,0.0
gpt-4,ki,Kikuyu,Latn,alphabet,0.92,0.92,,direct,0.0
gpt-4,kk,Kazakh,Cyrl,alphabet,0.8476,0.8476,,direct,0.0
gpt-4,kkj,Kako,Latn,alphabet,0.8809,0.8809,,direct,0.0
gpt-4,kl,Kalaallisut,Latn,alphabet,1.0,1.0,,direct,0.0
gpt-4,kln,Kalenjin,Latn,alphabet,1.0,1.0,,direct,0.0
gpt-4,km,Khmer,Khmr,abugida,0.2111,0.2111,,direct,0.0
gpt-4,kn,Kannada,Knda,abugida,0.2,0.2,,direct,0.0
gpt-4,ko,Korean,Kore,featural_syllabary,0.2113,0.2113,0.2,within_script_only,0.0
gpt-4,kok,Konkani,Deva,abugida,0.3766,0.3766,,direct,0.0
gpt-4,kpe,Kpelle,Latn,alphabet,0.8069,0.8069,,direct,0.0
gpt-4,ks,Kashmiri,Arab,abjad,0.7326,0.7326,,direct,0.0
gpt-4,ksb,Shambala,Latn,alphabet,1.0,1.0,,direct,0.0
gpt-4,ksf,Bafia,Latn,alphabet,0.9059,0.9059,,direct,0.0
gpt-4,ksh,Colognian,Latn,alphabet,0.9778,0.9778,,direct,0.0
gpt-4,ku,Kurdish,Latn,alphabet,1.0,1.0,,direct,0.0
gpt-4,kw,Cornish,Latn,alphabet,1.0,1.0,,direct,0.0
gpt-4,kxv,Kuvi,Latn,alphabet,0.8545,0.8545,,direct,0.0
gpt-4,ky,Kyrgyz,Cyrl,alphabet,0.9226,0.9226,,direct,0.0
gpt-4,la,Latin,Latn,alphabet,1.0,1.0,,direct,0.0
gpt-4,lag,Langi,Latn,alphabet,0.9515,0.9515,,direct,0.0
gpt-4,lb,Luxembourgish,Latn,alphabet,1.0,1.0,,direct,0.0
gpt-4,lg,Ganda,Latn,alphabet,0.9667,0.9667,,direct,0.0
gpt-4,lij,Ligurian,Latn,alphabet,1.0,1.0,,direct,0.0
gpt-4,lkt,Lakota,Latn,alphabet,0.8933,0.8933,,direct,0.0
gpt-4,lld,lld,Latn,alphabet,1.0,1.0,,direct,0.0
gpt-4,lmo,Lombard,Latn,alphabet,1.0,1.0,,direct,0.0
gpt-4,ln,Lingala,Latn,alphabet,0.8634,0.8634,,direct,0.0
gpt-4,lo,Lao,Laoo,abugida,0.2,0.2,,direct,0.0
gpt-4,lrc,Northern Luri,Arab,abjad,0.7581,0.7581,,direct,0.0
gpt-4,lt,Lithuanian,Latn,alphabet,0.925,0.925,,direct,0.0
gpt-4,ltg,Latgalian,Latn,alphabet,0.9086,0.9086,,direct,0.0
gpt-4,lu,Luba-Katanga,Latn,alphabet,0.9579,0.9579,,direct,0.0
gpt-4,luo,Luo,Latn,alphabet,1.0,1.0,,direct,0.0
gpt-4,luy,Luyia,Latn,alphabet,1.0,1.0,,direct,0.0
gpt-4,lv,Latvian,Latn,alphabet,0.903,0.903,,direct,0.0
gpt-4,mai,Maithili,Deva,abugida,0.5022,0.5022,,direct,0.0
gpt-4,mas,Masai,Latn,alphabet,0.9149,0.9149,,direct,0.0
gpt-4,mdf,Moksha,Cyrl,alphabet,1.0,1.0,,direct,0.0
gpt-4,mer,Meru,Latn,alphabet,0.9429,0.9429,,direct,0.0
gpt-4,mfe,Morisyen,Latn,alphabet,1.0,1.0,,direct,0.0
gpt-4,mg,Malagasy,Latn,alphabet,1.0,1.0,,direct,0.0
gpt-4,mgh,Makhuwa-Meetto,Latn,alphabet,1.0,1.0,,direct,0.0
gpt-4,mgo,Metaʼ,Latn,alphabet,0.925,0.925,,direct,0.0
gpt-4,mhn,mhn,Latn,alphabet,1.0,1.0,,direct,0.0
gpt-4,mi,Māori,Latn,alphabet,1.0,1.0,,direct,0.0
gpt-4,mic,Mi'kmaw,Latn,alphabet,0.9273,0.9273,,direct,0.0
gpt-4,mk,Macedonian,Cyrl,alphabet,0.8194,0.8194,,direct,0.0
gpt-4,ml,Malayalam,Mlym,abugida,0.2,0.2,,direct,0.0
gpt-4,mn,Mongolian,Cyrl,alphabet,0.9543,0.9543,,direct,0.0
gpt-4,mni,Manipuri,Beng,abugida,0.2814,0.2814,,direct,0.0
gpt-4,moh,Mohawk,Latn,alphabet,0.9652,0.9652,,direct,0.0
gpt-4,mr,Marathi,Deva,abugida,0.4125,0.4125,,direct,0.0
gpt-4,ms,Malay,Latn,alphabet,1.0,1.0,,direct,0.0
gpt-4,mt,Maltese,Latn,alphabet,0.9273,0.9273,,direct,0.0
gpt-4,mua,Mundang,Latn,alphabet,0.8545,0.8545,,direct,0.0
gpt-4,mus,Muscogee,Latn,alphabet,0.9619,0.9619,,direct,0.0
gpt-4,my,Burmese,Mymr,abugida,0.2,0.2,,direct,0.0
gpt-4,myv,Erzya,Cyrl,alphabet,1.0,1.0,,direct,0.0
gpt-4,mzn,Mazanderani,Arab,abjad,0.8256,0.8256,,direct,0.0
gpt-4,naq,Nama,Latn,alphabet,0.8968,0.8968,,direct,0.0
gpt-4,nd,North Ndebele,Latn,alphabet,1.0,1.0,,direct,0.0
gpt-4,nds,Low German,Latn,alphabet,1.0,1.0,,direct,0.0
gpt-4,ne,Nepali,Deva,abugida,0.403,0.403,,direct,0.0
gpt-4,nl,Dutch,Latn,alphabet,1.0,1.0,,direct,0.0
gpt-4,nmg,Kwasio,Latn,alphabet,0.8175,0.8175,,direct,0.0
gpt-4,nnh,Ngiemboon,Latn,alphabet,0.8074,0.8074,,direct,0.0
gpt-4,no,Norwegian,Latn,alphabet,1.0,1.0,,direct,0.0
gpt-4,nqo,N’Ko,Nkoo,alphabet,0.2,0.2,,direct,0.0
gpt-4,nr,South Ndebele,Latn,alphabet,1.0,1.0,,direct,0.0
gpt-4,nso,Northern Sotho,Latn,alphabet,1.0,1.0,,direct,0.0
gpt-4,nus,Nuer,Latn,alphabet,0.8667,0.8667,,direct,0.0
gpt-4,nv,Navajo,Latn,alphabet,0.9484,0.9484,,direct,0.0
gpt-4,ny,Nyanja,Latn,alphabet,0.9667,0.9667,,direct,0.0
gpt-4,nyn,Nyankole,Latn,alphabet,1.0,1.0,,direct,0.0
gpt-4,oc,Occitan,Latn,alphabet,1.0,1.0,,direct,0.0
gpt-4,om,Oromo,Latn,alphabet,1.0,1.0,,direct,0.0
gpt-4,or,Odia,Orya,abugida,0.2,0.2,,direct,0.0
gpt-4,os,Ossetic,Cyrl,alphabet,0.9765,0.9765,,direct,0.0
gpt-4,osa,Osage,Osge,alphabet,0.22,0.22,,direct,0.0
gpt-4,pa,Punjabi,Guru,abugida,0.2,0.2,,direct,0.0
gpt-4,pap,Papiamento,Latn,alphabet,1.0,1.0,,direct,0.0
gpt-4,pcm,Nigerian Pidgin,Latn,alphabet,0.975,0.975,,direct,0.0
gpt-4,pis,Pijin,Latn,alphabet,1.0,1.0,,direct,0.0
gpt-4,pl,Polish,Latn,alphabet,1.0,1.0,,direct,0.0
gpt-4,prg,Prussian,Latn,alphabet,0.8974,0.8974,,direct,0.0
gpt-4,ps,Pashto,Arab,abjad,0.715,0.715,,direct,0.0
gpt-4,pt,Portuguese,Latn,alphabet,1.0,1.0,,direct,0.0
gpt-4,qu,Quechua,Latn,alphabet,0.9529,0.9529,,direct,0.0
gpt-4,quc,Kʼicheʼ,Latn,alphabet,0.968,0.968,,direct,0.0
gpt-4,raj,Rajasthani,Deva,abugida,0.4776,0.4776,,direct,0.0
gpt-4,rhg,Rohingya,Rohg,abjad,0.2,0.2,,direct,0.0
gpt-4,rif,Riffian,Latn,alphabet,0.8194,0.8194,,direct,0.0
gpt-4,rm,Romansh,Latn,alphabet,1.0,1.0,,direct,0.0
gpt-4,rn,Rundi,Latn,alphabet,1.0,1.0,,direct,0.0
gpt-4,ro,Romanian,Latn,alphabet,1.0,1.0,,direct,0.0
gpt-4,rof,Rombo,Latn,alphabet,1.0,1.0,,direct,0.0
gpt-4,ru,Russian,Cyrl,alphabet,1.0,1.0,,direct,0.0
gpt-4,rw,Kinyarwanda,Latn,alphabet,1.0,1.0,,direct,0.0
gpt-4,rwk,Rwa,Latn,alphabet,1.0,1.0,,direct,0.0
gpt-4,sa,Sanskrit,Deva,abugida,0.3943,0.3943,,direct,0.0
gpt-4,sah,Yakut,Cyrl,alphabet,0.8462,0.8462,,direct,0.0
gpt-4,saq,Samburu,Latn,alphabet,1.0,1.0,,direct,0.0
gpt-4,sat,Santali,Olck,alphabet,0.2,0.2,,direct,0.0
gpt-4,sbp,Sangu,Latn,alphabet,1.0,1.0,,direct,0.0
gpt-4,sc,Sardinian,Latn,alphabet,1.0,1.0,,direct,0.0
gpt-4,scn,Sicilian,Latn,alphabet,0.9758,0.9758,,direct,0.0
gpt-4,sd,Sindhi,Arab,abjad,0.6712,0.6712,,direct,0.0
gpt-4,sdh,Southern Kurdish,Arab,abjad,0.7412,0.7412,,direct,0.0
gpt-4,se,Northern Sami,Latn,alphabet,0.9448,0.9448,,direct,0.0
gpt-4,seh,Sena,Latn,alphabet,1.0,1.0,,direct,0.0
gpt-4,ses,Koyraboro Senni,Latn,alphabet,0.925,0.925,,direct,0.0
gpt-4,sg,Sango,Latn,alphabet,1.0,1.0,,direct,0.0
gpt-4,shi,Tachelhit,Tfng,alphabet,0.2,0.2,,direct,0.0
gpt-4,shn,Shan,Mymr,abugida,0.2174,0.2174,,direct,0.0
gpt-4,si,Sinhala,Sinh,abugida,0.2,0.2,,direct,0.0
gpt-4,sid,Sidamo,Latn,alphabet,1.0,1.0,,direct,0.0
gpt-4,sk,Slovak,Latn,alphabet,0.907,0.907,,direct,0.0
gpt-4,skr,skr,Arab,abjad,0.6837,0.6837,,direct,0.0
gpt-4,sl,Slovenian,Latn,alphabet,1.0,1.0,,direct,0.0
gpt-4,sma,Southern Sami,Latn,alphabet,1.0,1.0,,direct,0.0
gpt-4,smj,Lule Sami,Latn,alphabet,1.0,1.0,,direct,0.0
gpt-4,smn,Inari Sami,Latn,alphabet,0.9742,0.9742,,direct,0.0
gpt-4,sms,Skolt Sami,Latn,alphabet,0.8667,0.8667,,direct,0.0
gpt-4,sn,Shona,Latn,alphabet,1.0,1.0,,direct,0.0
gpt-4,so,Somali,Latn,alphabet,1.0,1.0,,direct,0.0
gpt-4,sq,Albanian,Latn,alphabet,1.0,1.0,,direct,0.0
gpt-4,sr,Serbian,Cyrl,alphabet,0.84,0.84,,direct,0.0
gpt-4,ss,Swati,Latn,alphabet,1.0,1.0,,direct,0.0
gpt-4,ssy,Saho,Latn,alphabet,1.0,1.0,,direct,0.0
gpt-4,st,Southern Sotho,Latn,alphabet,1.0,1.0,,direct,0.0
gpt-4,su,Sundanese,Latn,alphabet,1.0,1.0,,direct,0.0
gpt-4,sv,Swedish,Latn,alphabet,1.0,1.0,,direct,0.0
gpt-4,sw,Swahili,Latn,alphabet,1.0,1.0,,direct,0.0
gpt-4,syr,Syriac,Syrc,abjad,0.2,0.2,,direct,0.0
gpt-4,szl,Silesian,Latn,alphabet,0.9765,0.9765,,direct,0.0
gpt-4,ta,Tamil,Taml,abugida,0.2511,0.2511,,direct,0.0
gpt-4,te,Telugu,Telu,abugida,0.2,0.2,,direct,0.0
gpt-4,teo,Teso,Latn,alphabet,1.0,1.0,,direct,0.0
gpt-4,tg,Tajik,Cyrl,alphabet,0.8629,0.8629,,direct,0.0
gpt-4,th,Thai,Thai,abugida,0.6493,0.6493,,direct,0.0
gpt-4,ti,Tigrinya,Ethi,syllabary,0.2,0.2,,within_script_only,0.0
gpt-4,tig,Tigre,Ethi,syllabary,0.2,0.2,,within_script_only,0.0
gpt-4,tk,Turkmen,Latn,alphabet,0.9733,0.9733,,direct,0.0
gpt-4,tn,Tswana,Latn,alphabet,1.0,1.0,,direct,0.0
gpt-4,to,Tongan,Latn,alphabet,0.9704,0.9704,,direct,0.0
gpt-4,tok,Toki Pona,Latn,alphabet,1.0,1.0,,direct,0.0
gpt-4,tpi,Tok Pisin,Latn,alphabet,1.0,1.0,,direct,0.0
gpt-4,tr,Turkish,Latn,alphabet,1.0,1.0,,direct,0.0
gpt-4,trv,Taroko,Latn,alphabet,1.0,1.0,,direct,0.0
gpt-4,trw,Torwali,Arab,abjad,0.7104,0.7104,,direct,0.0
gpt-4,ts,Tsonga,Latn,alphabet,1.0,1.0,,direct,0.0
gpt-4,tt,Tatar,Cyrl,alphabet,0.8769,0.8769,,direct,0.0
gpt-4,twq,Tasawaq,Latn,alphabet,0.925,0.925,,direct,0.0
gpt-4,tyv,Tuvinian,Cyrl,alphabet,0.9333,0.9333,,direct,0.0
gpt-4,tzm,Central Atlas Tamazight,Latn,alphabet,0.7935,0.7935,,direct,0.0
gpt-4,ug,Uyghur,Arab,abjad,0.7412,0.7412,,direct,0.0
gpt-4,uk,Ukrainian,Cyrl,alphabet,0.9059,0.9059,,direct,0.0
gpt-4,ur,Urdu,Arab,abjad,0.8237,0.8237,,direct,0.0
gpt-4,uz,Uzbek,Latn,alphabet,0.9407,0.9407,,direct,0.0
gpt-4,vai,Vai,Vaii,syllabary,0.2,0.2,,within_script_only,0.0
gpt-4,ve,Venda,Latn,alphabet,0.8571,0.8571,,direct,0.0
gpt-4,vec,Venetian,Latn,alphabet,1.0,1.0,,direct,0.0
gpt-4,vi,Vietnamese,Latn,alphabet,0.8618,0.8618,,direct,0.0
gpt-4,vmw,Makhuwa,Latn,alphabet,1.0,1.0,,direct,0.0
gpt-4,vo,Volapük,Latn,alphabet,1.0,1.0,,direct,0.0
gpt-4,vun,Vunjo,Latn,alphabet,1.0,1.0,,direct,0.0
gpt-4,wa,Walloon,Latn,alphabet,0.9814,0.9814,,direct,0.0
gpt-4,wae,Walser,Latn,alphabet,0.9795,0.9795,,direct,0.0
gpt-4,wal,Wolaytta,Ethi,syllabary,0.2,0.2,,within_script_only,0.0
gpt-4,wbp,Warlpiri,Latn,alphabet,1.0,1.0,,direct,0.0
gpt-4,wo,Wolof,Latn,alphabet,0.9724,0.9724,,direct,0.0
gpt-4,xh,Xhosa,Latn,alphabet,1.0,1.0,,direct,0.0
gpt-4,xnr,Kangri,Deva,abugida,0.4182,0.4182,,direct,0.0
gpt-4,xog,Soga,Latn,alphabet,1.0,1.0,,direct,0.0
gpt-4,yav,Yangben,Latn,alphabet,0.8979,0.8979,,direct,0.0
gpt-4,yi,Yiddish,Hebr,abjad,0.5294,0.5294,,direct,0.0
gpt-4,yo,Yoruba,Latn,alphabet,0.9,0.9,,direct,0.0
gpt-4,yrl,Nheengatu,Latn,alphabet,0.8857,0.8857,,direct,0.0
gpt-4,yue,Cantonese,Hant,logographic,0.3194,0.3194,,within_script_only,0.0
gpt-4,za,Zhuang,Latn,alphabet,1.0,1.0,,direct,0.0
gpt-4,zgh,Standard Moroccan Tamazight,Tfng,alphabet,0.2,0.2,,direct,0.0
gpt-4,zh,Chinese,Hans,logographic,0.3953,0.3953,,within_script_only,0.0
gpt-4,zu,Zulu,Latn,alphabet,1.0,1.0,,direct,0.0
gpt-4o-mini,aa,Afar,Latn,alphabet,1.0,1.0,,direct,0.0
gpt-4o-mini,ab,Abkhazian,Cyrl,alphabet,1.0,1.0,,direct,0.0
gpt-4o-mini,af,Afrikaans,Latn,alphabet,1.0,1.0,,direct,0.0
gpt-4o-mini,agq,Aghem,Latn,alphabet,0.8923,0.8923,,direct,0.0
gpt-4o-mini,ak,Akan,Latn,alphabet,1.0,1.0,,direct,0.0
gpt-4o-mini,am,Amharic,Ethi,syllabary,0.2,0.2,,within_script_only,0.0
gpt-4o-mini,an,Aragonese,Latn,alphabet,1.0,1.0,,direct,0.0
gpt-4o-mini,ann,Obolo,Latn,alphabet,0.959,0.959,,direct,0.0
gpt-4o-mini,apc,apc,Arab,abjad,1.0,1.0,,direct,0.0
gpt-4o-mini,ar,Arabic,Arab,abjad,1.0,1.0,,direct,0.0
gpt-4o-mini,arn,Mapuche,Latn,alphabet,0.904,0.904,,direct,0.0
gpt-4o-mini,as,Assamese,Beng,abugida,0.9492,0.9492,,direct,0.0
gpt-4o-mini,asa,Asu,Latn,alphabet,1.0,1.0,,direct,0.0
gpt-4o-mini,ast,Asturian,Latn,alphabet,0.975,0.975,,direct,0.0
gpt-4o-mini,az,Azerbaijani,Latn,alphabet,1.0,1.0,,direct,0.0
gpt-4o-mini,ba,Bashkir,Cyrl,alphabet,1.0,1.0,,direct,0.0
gpt-4o-mini,bal,Baluchi,Arab,abjad,1.0,1.0,,direct,0.0
gpt-4o-mini,bas,Basaa,Latn,alphabet,0.9097,0.9097,,direct,0.0
gpt-4o-mini,be,Belarusian,Cyrl,alphabet,1.0,1.0,,direct,0.0
gpt-4o-mini,bem,Bemba,Latn,alphabet,1.0,1.0,,direct,0.0
gpt-4o-mini,bew,Betawi,Latn,alphabet,0.9724,0.9724,,direct,0.0
gpt-4o-mini,bez,Bena,Latn,alphabet,1.0,1.0,,direct,0.0
gpt-4o-mini,bg,Bulgarian,Cyrl,alphabet,1.0,1.0,,direct,0.0
gpt-4o-mini,bgc,Haryanvi,Deva,abugida,0.9948,0.9948,,direct,0.0
gpt-4o-mini,bgn,Western Balochi,Arab,abjad,1.0,1.0,,direct,0.0
gpt-4o-mini,bho,Bhojpuri,Deva,abugida,1.0,1.0,,direct,0.0
gpt-4o-mini,blo,Anii,Latn,alphabet,0.902,0.902,,direct,0.0
gpt-4o-mini,blt,Tai Dam,Tavt,abugida,0.2,0.2,,direct,0.0
gpt-4o-mini,bm,Bambara,Latn,alphabet,0.9704,0.9704,,direct,0.0
gpt-4o-mini,bn,Bangla,Beng,abugida,0.85,0.85,,direct,0.0
gpt-4o-mini,bo,Tibetan,Tibt,abugida,0.2092,0.2092,,direct,0.0
gpt-4o-mini,br,Breton,Latn,alphabet,1.0,1.0,,direct,0.0
gpt-4o-mini,brx,Bodo,Deva,abugida,0.9869,0.9869,,direct,0.0
gpt-4o-mini,bs,Bosnian,Latn,alphabet,1.0,1.0,,direct,0.0
gpt-4o-mini,bss,Akoose,Latn,alphabet,0.9231,0.9231,,direct,0.0
gpt-4o-mini,byn,Blin,Ethi,syllabary,0.2,0.2,,within_script_only,0.0
gpt-4o-mini,ca,Catalan,Latn,alphabet,1.0,1.0,,direct,0.0
gpt-4o-mini,cad,Caddo,Latn,alphabet,0.9467,0.9467,,direct,0.0
gpt-4o-mini,cch,Atsam,Latn,alphabet,0.9143,0.9143,,direct,0.0
gpt-4o-mini,ccp,Chakma,Cakm,abugida,0.2,0.2,,direct,0.0
gpt-4o-mini,ce,Chechen,Cyrl,alphabet,0.9765,0.9765,,direct,0.0
gpt-4o-mini,ceb,Cebuano,Latn,alphabet,1.0,1.0,,direct,0.0
gpt-4o-mini,cgg,Chiga,Latn,alphabet,1.0,1.0,,direct,0.0
gpt-4o-mini,cho,Choctaw,Latn,alphabet,0.9238,0.9238,,direct,0.0
gpt-4o-mini,chr,Cherokee,Cher,syllabary,0.2,0.2,,within_script_only,0.0
gpt-4o-mini,cic,Chickasaw,Latn,alphabet,0.9579,0.9579,,direct,0.0
gpt-4o-mini,ckb,Central Kurdish,Arab,abjad,0.9758,0.9758,,direct,0.0
gpt-4o-mini,co,Corsican,Latn,alphabet,1.0,1.0,,direct,0.0
gpt-4o-mini,cop,Coptic,Copt,alphabet,0.2,0.2,,direct,0.0
gpt-4o-mini,cs,Czech,Latn,alphabet,1.0,1.0,,direct,0.0
gpt-4o-mini,csw,Swampy Cree,Cans,syllabary,0.2,0.2,,within_script_only,0.0
gpt-4o-mini,cu,Church Slavic,Cyrl,alphabet,0.5778,0.5778,,direct,0.0
gpt-4o-mini,cv,Chuvash,Cyrl,alphabet,0.9351,0.9351,,direct,0.0
gpt-4o-mini,cy,Welsh,Latn,alphabet,0.951,0.951,,direct,0.0
gpt-4o-mini,da,Danish,Latn,alphabet,1.0,1.0,,direct,0.0
gpt-4o-mini,dav,Taita,Latn,alphabet,1.0,1.0,,direct,0.0
gpt-4o-mini,de,German,Latn,alphabet,1.0,1.0,,direct,0.0
gpt-4o-mini,dje,Zarma,Latn,alphabet,0.975,0.975,,direct,0.0
gpt-4o-mini,doi,Dogri,Deva,abugida,0.8929,0.8929,,direct,0.0
gpt-4o-mini,dsb,Lower Sorbian,Latn,alphabet,0.9784,0.9784,,direct,0.0
gpt-4o-mini,dua,Duala,Latn,alphabet,1.0,1.0,,direct,0.0
gpt-4o-mini,dv,Divehi,Thaa,abjad,0.2,0.2,,direct,0.0
gpt-4o-mini,dyo,Jola-Fonyi,Latn,alphabet,1.0,1.0,,direct,0.0
gpt-4o-mini,dz,Dzongkha,Tibt,abugida,0.2138,0.2138,,direct,0.0
gpt-4o-mini,ebu,Embu,Latn,alphabet,1.0,1.0,,direct,0.0
gpt-4o-mini,ee,Ewe,Latn,alphabet,0.95,0.95,,direct,0.0
gpt-4o-mini,el,Greek,Grek,alphabet,0.9778,0.9778,,direct,0.0
gpt-4o-mini,en,English,Latn,alphabet,1.0,1.0,,direct,0.0
gpt-4o-mini,eo,Esperanto,Latn,alphabet,0.9714,0.9714,,direct,0.0
gpt-4o-mini,es,Spanish,Latn,alphabet,1.0,1.0,,direct,0.0
gpt-4o-mini,et,Estonian,Latn,alphabet,1.0,1.0,,direct,0.0
gpt-4o-mini,eu,Basque,Latn,alphabet,1.0,1.0,,direct,0.0
gpt-4o-mini,ewo,Ewondo,Latn,alphabet,0.9385,0.9385,,direct,0.0
gpt-4o-mini,fa,Persian,Arab,abjad,1.0,1.0,,direct,0.0
gpt-4o-mini,ff,Fula,Latn,alphabet,0.9704,0.9704,,direct,0.0
gpt-4o-mini,fi,Finnish,Latn,alphabet,1.0,1.0,,direct,0.0
gpt-4o-mini,fil,Filipino,Latn,alphabet,1.0,1.0,,direct,0.0
gpt-4o-mini,fo,Faroese,Latn,alphabet,1.0,1.0,,direct,0.0
gpt-4o-mini,fr,French,Latn,alphabet,1.0,1.0,,direct,0.0
gpt-4o-mini,frr,Northern Frisian,Latn,alphabet,1.0,1.0,,direct,0.0
gpt-4o-mini,fur,Friulian,Latn,alphabet,1.0,1.0,,direct,0.0
gpt-4o-mini,fy,Western Frisian,Latn,alphabet,1.0,1.0,,direct,0.0
gpt-4o-mini,ga,Irish,Latn,alphabet,1.0,1.0,,direct,0.0
gpt-4o-mini,gaa,Ga,Latn,alphabet,1.0,1.0,,direct,0.0
gpt-4o-mini,gd,Scottish Gaelic,Latn,alphabet,1.0,1.0,,direct,0.0
gpt-4o-mini,gez,Geez,Ethi,syllabary,0.2,0.2,,within_script_only,0.0
gpt-4o-mini,gl,Galician,Latn,alphabet,1.0,1.0,,direct,0.0
gpt-4o-mini,gn,Guarani,Latn,alphabet,1.0,1.0,,direct,0.0
gpt-4o-mini,gsw,Swiss German,Latn,alphabet,1.0,1.0,,direct,0.0
gpt-4o-mini,gu,Gujarati,Gujr,abugida,0.8574,0.8574,,direct,0.0
gpt-4o-mini,guz,Gusii,Latn,alphabet,1.0,1.0,,direct,0.0
gpt-4o-mini,gv,Manx,Latn,alphabet,1.0,1.0,,direct,0.0
gpt-4o-mini,ha,Hausa,Latn,alphabet,0.9704,0.9704,,direct,0.0
gpt-4o-mini,haw,Hawaiian,Latn,alphabet,1.0,1.0,,direct,0.0
gpt-4o-mini,he,Hebrew,Hebr,abjad,1.0,1.0,,direct,0.0
gpt-4o-mini,hi,Hindi,Deva,abugida,0.9597,0.9597,,direct,0.0
gpt-4o-mini,hnj,Hmong Njua,Hmnp,alphabet,0.2,0.2,,direct,0.0
gpt-4o-mini,hr,Croatian,Latn,alphabet,1.0,1.0,,direct,0.0
gpt-4o-mini,hsb,Upper Sorbian,Latn,alphabet,1.0,1.0,,direct,0.0
gpt-4o-mini,ht,Haitian Creole,Latn,alphabet,1.0,1.0,,direct,0.0
gpt-4o-mini,hu,Hungarian,Latn,alphabet,1.0,1.0,,direct,0.0
gpt-4o-mini,hy,Armenian,Armn,alphabet,1.0,1.0,,direct,0.0
gpt-4o-mini,ia,Interlingua,Latn,alphabet,1.0,1.0,,direct,0.0
gpt-4o-mini,id,Indonesian,Latn,alphabet,1.0,1.0,,direct,0.0
gpt-4o-mini,ie,Interlingue,Latn,alphabet,1.0,1.0,,direct,0.0
gpt-4o-mini,ig,Igbo,Latn,alphabet,1.0,1.0,,direct,0.0
gpt-4o-mini,ii,Sichuan Yi,Yiii,syllabary,0.2,0.2,,within_script_only,0.0
gpt-4o-mini,io,Ido,Latn,alphabet,1.0,1.0,,direct,0.0
gpt-4o-mini,is,Icelandic,Latn,alphabet,1.0,1.0,,direct,0.0
gpt-4o-mini,it,Italian,Latn,alphabet,1.0,1.0,,direct,0.0
gpt-4o-mini,iu,Inuktitut,Cans,syllabary,0.2,0.2,,within_script_only,0.0
gpt-4o-mini,ja,Japanese,Jpan,mixed_logographic,0.7457,0.7457,,within_script_only,0.0
gpt-4o-mini,jbo,Lojban,Latn,alphabet,1.0,1.0,,direct,0.0
gpt-4o-mini,jgo,Ngomba,Latn,alphabet,0.8578,0.8578,,direct,0.0
gpt-4o-mini,jmc,Machame,Latn,alphabet,1.0,1.0,,direct,0.0
gpt-4o-mini,jv,Javanese,Latn,alphabet,1.0,1.0,,direct,0.0
gpt-4o-mini,ka,Georgian,Geor,alphabet,1.0,1.0,,direct,0.0
gpt-4o-mini,kaa,Kara-Kalpak,Cyrl,alphabet,1.0,1.0,,direct,0.0
gpt-4o-mini,kab,Kabyle,Latn,alphabet,0.9059,0.9059,,direct,0.0
gpt-4o-mini,kaj,Jju,Latn,alphabet,1.0,1.0,,direct,0.0
gpt-4o-mini,kam,Kamba,Latn,alphabet,1.0,1.0,,direct,0.0
gpt-4o-mini,kcg,Tyap,Latn,alphabet,0.968,0.968,,direct,0.0
gpt-4o-mini,kde,Makonde,Latn,alphabet,1.0,1.0,,direct,0.0
gpt-4o-mini,kea,Kabuverdianu,Latn,alphabet,1.0,1.0,,direct,0.0
gpt-4o-mini,ken,Kenyang,Latn,alphabet,0.922,0.922,,direct,0.0
gpt-4o-mini,kgp,Kaingang,Latn,alphabet,1.0,1.0,,direct,0.0
gpt-4o-mini,khq,Koyra Chiini,Latn,alphabet,0.975,0.975,,direct,0.0
gpt-4o-mini,ki,Kikuyu,Latn,alphabet,1.0,1.0,,direct,0.0
gpt-4o-mini,kk,Kazakh,Cyrl,alphabet,1.0,1.0,,direct,0.0
gpt-4o-mini,kkj,Kako,Latn,alphabet,1.0,1.0,,direct,0.0
gpt-4o-mini,kl,Kalaallisut,Latn,alphabet,1.0,1.0,,direct,0.0
gpt-4o-mini,kln,Kalenjin,Latn,alphabet,1.0,1.0,,direct,0.0
gpt-4o-mini,km,Khmer,Khmr,abugida,0.7875,0.7875,,direct,0.0
gpt-4o-mini,kn,Kannada,Knda,abugida,0.8479,0.8479,,direct,0.0
gpt-4o-mini,ko,Korean,Kore,featural_syllabary,0.2496,0.2496,0.2,within_script_only,0.0
gpt-4o-mini,kok,Konkani,Deva,abugida,0.9649,0.9649,,direct,0.0
gpt-4o-mini,kpe,Kpelle,Latn,alphabet,0.9448,0.9448,,direct,0.0
gpt-4o-mini,ks,Kashmiri,Arab,abjad,0.9478,0.9478,,direct,0.0
gpt-4o-mini,ksb,Shambala,Latn,alphabet,1.0,1.0,,direct,0.0
gpt-4o-mini,ksf,Bafia,Latn,alphabet,0.9765,0.9765,,direct,0.0
gpt-4o-mini,ksh,Colognian,Latn,alphabet,1.0,1.0,,direct,0.0
gpt-4o-mini,ku,Kurdish,Latn,alphabet,1.0,1.0,,direct,0.0
gpt-4o-mini,kw,Cornish,Latn,alphabet,1.0,1.0,,direct,0.0
gpt-4o-mini,kxv,Kuvi,Latn,alphabet,0.9515,0.9515,,direct,0.0
gpt-4o-mini,ky,Kyrgyz,Cyrl,alphabet,1.0,1.0,,direct,0.0
gpt-4o-mini,la,Latin,Latn,alphabet,1.0,1.0,,direct,0.0
gpt-4o-mini,lag,Langi,Latn,alphabet,0.9515,0.9515,,direct,0.0
gpt-4o-mini,lb,Luxembourgish,Latn,alphabet,1.0,1.0,,direct,0.0
gpt-4o-mini,lg,Ganda,Latn,alphabet,1.0,1.0,,direct,0.0
gpt-4o-mini,lij,Ligurian,Latn,alphabet,1.0,1.0,,direct,0.0
gpt-4o-mini,lkt,Lakota,Latn,alphabet,0.9467,0.9467,,direct,0.0
gpt-4o-mini,lld,lld,Latn,alphabet,1.0,1.0,,direct,0.0
gpt-4o-mini,lmo,Lombard,Latn,alphabet,1.0,1.0,,direct,0.0
gpt-4o-mini,ln,Lingala,Latn,alphabet,0.961,0.961,,direct,0.0
gpt-4o-mini,lo,Lao,Laoo,abugida,0.2291,0.2291,,direct,0.0
gpt-4o-mini,lrc,Northern Luri,Arab,abjad,0.8884,0.8884,,direct,0.0
gpt-4o-mini,lt,Lithuanian,Latn,alphabet,1.0,1.0,,direct,0.0
gpt-4o-mini,ltg,Latgalian,Latn,alphabet,1.0,1.0,,direct,0.0
gpt-4o-mini,lu,Luba-Katanga,Latn,alphabet,1.0,1.0,,direct,0.0
gpt-4o-mini,luo,Luo,Latn,alphabet,1.0,1.0,,direct,0.0
gpt-4o-mini,luy,Luyia,Latn,alphabet,1.0,1.0,,direct,0.0
gpt-4o-mini,lv,Latvian,Latn,alphabet,1.0,1.0,,direct,0.0
gpt-4o-mini,mai,Maithili,Deva,abugida,1.0,1.0,,direct,0.0
gpt-4o-mini,mas,Masai,Latn,alphabet,0.966,0.966,,direct,0.0
gpt-4o-mini,mdf,Moksha,Cyrl,alphabet,1.0,1.0,,direct,0.0
gpt-4o-mini,mer,Meru,Latn,alphabet,1.0,1.0,,direct,0.0
gpt-4o-mini,mfe,Morisyen,Latn,alphabet,1.0,1.0,,direct,0.0
gpt-4o-mini,mg,Malagasy,Latn,alphabet,1.0,1.0,,direct,0.0
gpt-4o-mini,mgh,Makhuwa-Meetto,Latn,alphabet,1.0,1.0,,direct,0.0
gpt-4o-mini,mgo,Metaʼ,Latn,alphabet,1.0,1.0,,direct,0.0
gpt-4o-mini,mhn,mhn,Latn,alphabet,1.0,1.0,,direct,0.0
gpt-4o-mini,mi,Māori,Latn,alphabet,1.0,1.0,,direct,0.0
gpt-4o-mini,mic,Mi'kmaw,Latn,alphabet,0.9636,0.9636,,direct,0.0
gpt-4o-mini,mk,Macedonian,Cyrl,alphabet,1.0,1.0,,direct,0.0
gpt-4o-mini,ml,Malayalam,Mlym,abugida,0.8941,0.8941,,direct,0.0
gpt-4o-mini,mn,Mongolian,Cyrl,alphabet,1.0,1.0,,direct,0.0
gpt-4o-mini,mni,Manipuri,Beng,abugida,0.9492,0.9492,,direct,0.0
gpt-4o-mini,moh,Mohawk,Latn,alphabet,1.0,1.0,,direct,0.0
gpt-4o-mini,mr,Marathi,Deva,abugida,0.9703,0.9703,,direct,0.0
gpt-4o-mini,ms,Malay,Latn,alphabet,1.0,1.0,,direct,0.0
gpt-4o-mini,mt,Maltese,Latn,alphabet,1.0,1.0,,direct,0.0
gpt-4o-mini,mua,Mundang,Latn,alphabet,0.9515,0.9515,,direct,0.0
gpt-4o-mini,mus,Muscogee,Latn,alphabet,1.0,1.0,,direct,0.0
gpt-4o-mini,my,Burmese,Mymr,abugida,0.7867,0.7867,,direct,0.0
gpt-4o-mini,myv,Erzya,Cyrl,alphabet,1.0,1.0,,direct,0.0
gpt-4o-mini,mzn,Mazanderani,Arab,abjad,1.0,1.0,,direct,0.0
gpt-4o-mini,naq,Nama,Latn,alphabet,0.8968,0.8968,,direct,0.0
gpt-4o-mini,nd,North Ndebele,Latn,alphabet,1.0,1.0,,direct,0.0
gpt-4o-mini,nds,Low German,Latn,alphabet,1.0,1.0,,direct,0.0
gpt-4o-mini,ne,Nepali,Deva,abugida,0.9597,0.9597,,direct,0.0
gpt-4o-mini,nl,Dutch,Latn,alphabet,1.0,1.0,,direct,0.0
gpt-4o-mini,nmg,Kwasio,Latn,alphabet,0.9158,0.9158,,direct,0.0
gpt-4o-mini,nnh,Ngiemboon,Latn,alphabet,0.9259,0.9259,,direct,0.0
gpt-4o-mini,no,Norwegian,Latn,alphabet,1.0,1.0,,direct,0.0
gpt-4o-mini,nqo,N’Ko,Nkoo,alphabet,0.2,0.2,,direct,0.0
gpt-4o-mini,nr,South Ndebele,Latn,alphabet,1.0,1.0,,direct,0.0
gpt-4o-mini,nso,Northern Sotho,Latn,alphabet,1.0,1.0,,direct,0.0
gpt-4o-mini,nus,Nuer,Latn,alphabet,0.9556,0.9556,,direct,0.0
gpt-4o-mini,nv,Navajo,Latn,alphabet,0.9742,0.9742,,direct,0.0
gpt-4o-mini,ny,Nyanja,Latn,alphabet,1.0,1.0,,direct,0.0
gpt-4o-mini,nyn,Nyankole,Latn,alphabet,1.0,1.0,,direct,0.0
gpt-4o-mini,oc,Occitan,Latn,alphabet,1.0,1.0,,direct,0.0
gpt-4o-mini,om,Oromo,Latn,alphabet,1.0,1.0,,direct,0.0
gpt-4o-mini,or,Odia,Orya,abugida,0.6516,0.6516,,direct,0.0
gpt-4o-mini,os,Ossetic,Cyrl,alphabet,0.9765,0.9765,,direct,0.0
gpt-4o-mini,osa,Osage,Osge,alphabet,0.22,0.22,,direct,0.0
gpt-4o-mini,pa,Punjabi,Guru,abugida,0.8074,0.8074,,direct,0.0
gpt-4o-mini,pap,Papiamento,Latn,alphabet,1.0,1.0,,direct,0.0
gpt-4o-mini,pcm,Nigerian Pidgin,Latn,alphabet,1.0,1.0,,direct,0.0
gpt-4o-mini,pis,Pijin,Latn,alphabet,1.0,1.0,,direct,0.0
gpt-4o-mini,pl,Polish,Latn,alphabet,1.0,1.0,,direct,0.0
gpt-4o-mini,prg,Prussian,Latn,alphabet,0.959,0.959,,direct,0.0
gpt-4o-mini,ps,Pashto,Arab,abjad,1.0,1.0,,direct,0.0
gpt-4o-mini,pt,Portuguese,Latn,alphabet,1.0,1.0,,direct,0.0
gpt-4o-mini,qu,Quechua,Latn,alphabet,1.0,1.0,,direct,0.0
gpt-4o-mini,quc,Kʼicheʼ,Latn,alphabet,1.0,1.0,,direct,0.0
gpt-4o-mini,raj,Rajasthani,Deva,abugida,1.0,1.0,,direct,0.0
gpt-4o-mini,rhg,Rohingya,Rohg,abjad,0.2,0.2,,direct,0.0
gpt-4o-mini,rif,Riffian,Latn,alphabet,0.9226,0.9226,,direct,0.0
gpt-4o-mini,rm,Romansh,Latn,alphabet,1.0,1.0,,direct,0.0
gpt-4o-mini,rn,Rundi,Latn,alphabet,1.0,1.0,,direct,0.0
gpt-4o-mini,ro,Romanian,Latn,alphabet,1.0,1.0,,direct,0.0
gpt-4o-mini,rof,Rombo,Latn,alphabet,1.0,1.0,,direct,0.0
gpt-4o-mini,ru,Russian,Cyrl,alphabet,1.0,1.0,,direct,0.0
gpt-4o-mini,rw,Kinyarwanda,Latn,alphabet,1.0,1.0,,direct,0.0
gpt-4o-mini,rwk,Rwa,Latn,alphabet,1.0,1.0,,direct,0.0
gpt-4o-mini,sa,Sanskrit,Deva,abugida,0.8929,0.8929,,direct,0.0
gpt-4o-mini,sah,Yakut,Cyrl,alphabet,0.9385,0.9385,,direct,0.0
gpt-4o-mini,saq,Samburu,Latn,alphabet,1.0,1.0,,direct,0.0
gpt-4o-mini,sat,Santali,Olck,alphabet,0.2,0.2,,direct,0.0
gpt-4o-mini,sbp,Sangu,Latn,alphabet,1.0,1.0,,direct,0.0
gpt-4o-mini,sc,Sardinian,Latn,alphabet,1.0,1.0,,direct,0.0
gpt-4o-mini,scn,Sicilian,Latn,alphabet,0.9758,0.9758,,direct,0.0
gpt-4o-mini,sd,Sindhi,Arab,abjad,0.9692,0.9692,,direct,0.0
gpt-4o-mini,sdh,Southern Kurdish,Arab,abjad,0.9529,0.9529,,direct,0.0
gpt-4o-mini,se,Northern Sami,Latn,alphabet,0.9724,0.9724,,direct,0.0
gpt-4o-mini,seh,Sena,Latn,alphabet,1.0,1.0,,direct,0.0
gpt-4o-mini,ses,Koyraboro Senni,Latn,alphabet,0.975,0.975,,direct,0.0
gpt-4o-mini,sg,Sango,Latn,alphabet,1.0,1.0,,direct,0.0
gpt-4o-mini,shi,Tachelhit,Tfng,alphabet,0.2,0.2,,direct,0.0
gpt-4o-mini,shn,Shan,Mymr,abugida,0.6348,0.6348,,direct,0.0
gpt-4o-mini,si,Sinhala,Sinh,abugida,0.7203,0.7203,,direct,0.0
gpt-4o-mini,sid,Sidamo,Latn,alphabet,1.0,1.0,,direct,0.0
gpt-4o-mini,sk,Slovak,Latn,alphabet,0.9814,0.9814,,direct,0.0
gpt-4o-mini,skr,skr,Arab,abjad,0.9673,0.9673,,direct,0.0
gpt-4o-mini,sl,Slovenian,Latn,alphabet,1.0,1.0,,direct,0.0
gpt-4o-mini,sma,Southern Sami,Latn,alphabet,1.0,1.0,,direct,0.0
gpt-4o-mini,smj,Lule Sami,Latn,alphabet,1.0,1.0,,direct,0.0
gpt-4o-mini,smn,Inari Sami,Latn,alphabet,1.0,1.0,,direct,0.0
gpt-4o-mini,sms,Skolt Sami,Latn,alphabet,0.8889,0.8889,,direct,0.0
gpt-4o-mini,sn,Shona,Latn,alphabet,1.0,1.0,,direct,0.0
gpt-4o-mini,so,Somali,Latn,alphabet,1.0,1.0,,direct,0.0
gpt-4o-mini,sq,Albanian,Latn,alphabet,1.0,1.0,,direct,0.0
gpt-4o-mini,sr,Serbian,Cyrl,alphabet,1.0,1.0,,direct,0.0
gpt-4o-mini,ss,Swati,Latn,alphabet,1.0,1.0,,direct,0.0
gpt-4o-mini,ssy,Saho,Latn,alphabet,1.0,1.0,,direct,0.0
gpt-4o-mini,st,Southern Sotho,Latn,alphabet,1.0,1.0,,direct,0.0
gpt-4o-mini,su,Sundanese,Latn,alphabet,1.0,1.0,,direct,0.0
gpt-4o-mini,sv,Swedish,Latn,alphabet,1.0,1.0,,direct,0.0
gpt-4o-mini,sw,Swahili,Latn,alphabet,1.0,1.0,,direct,0.0
gpt-4o-mini,syr,Syriac,Syrc,abjad,0.2,0.2,,direct,0.0
gpt-4o-mini,szl,Silesian,Latn,alphabet,0.9765,0.9765,,direct,0.0
gpt-4o-mini,ta,Tamil,Taml,abugida,0.917,0.917,,direct,0.0
gpt-4o-mini,te,Telugu,Telu,abugida,0.81,0.81,,direct,0.0
gpt-4o-mini,teo,Teso,Latn,alphabet,1.0,1.0,,direct,0.0
gpt-4o-mini,tg,Tajik,Cyrl,alphabet,1.0,1.0,,direct,0.0
gpt-4o-mini,th,Thai,Thai,abugida,0.9192,0.9192,,direct,0.0
gpt-4o-mini,ti,Tigrinya,Ethi,syllabary,0.2,0.2,,within_script_only,0.0
gpt-4o-mini,tig,Tigre,Ethi,syllabary,0.2,0.2,,within_script_only,0.0
gpt-4o-mini,tk,Turkmen,Latn,alphabet,1.0,1.0,,direct,0.0
gpt-4o-mini,tn,Tswana,Latn,alphabet,1.0,1.0,,direct,0.0
gpt-4o-mini,to,Tongan,Latn,alphabet,1.0,1.0,,direct,0.0
gpt-4o-mini,tok,Toki Pona,Latn,alphabet,1.0,1.0,,direct,0.0
gpt-4o-mini,tpi,Tok Pisin,Latn,alphabet,1.0,1.0,,direct,0.0
gpt-4o-mini,tr,Turkish,Latn,alphabet,1.0,1.0,,direct,0.0
gpt-4o-mini,trv,Taroko,Latn,alphabet,1.0,1.0,,direct,0.0
gpt-4o-mini,trw,Torwali,Arab,abjad,0.95,0.95,,direct,0.0
gpt-4o-mini,ts,Tsonga,Latn,alphabet,1.0,1.0,,direct,0.0
gpt-4o-mini,tt,Tatar,Cyrl,alphabet,1.0,1.0,,direct,0.0
gpt-4o-mini,twq,Tasawaq,Latn,alphabet,0.975,0.975,,direct,0.0
gpt-4o-mini,tyv,Tuvinian,Cyrl,alphabet,1.0,1.0,,direct,0.0
gpt-4o-mini,tzm,Central Atlas Tamazight,Latn,alphabet,0.9226,0.9226,,direct,0.0
gpt-4o-mini,ug,Uyghur,Arab,abjad,1.0,1.0,,direct,0.0
gpt-4o-mini,uk,Ukrainian,Cyrl,alphabet,0.9765,0.9765,,direct,0.0
gpt-4o-mini,ur,Urdu,Arab,abjad,1.0,1.0,,direct,0.0
gpt-4o-mini,uz,Uzbek,Latn,alphabet,1.0,1.0,,direct,0.0
gpt-4o-mini,vai,Vai,Vaii,syllabary,0.2,0.2,,within_script_only,0.0
gpt-4o-mini,ve,Venda,Latn,alphabet,1.0,1.0,,direct,0.0
gpt-4o-mini,vec,Venetian,Latn,alphabet,1.0,1.0,,direct,0.0
gpt-4o-mini,vi,Vietnamese,Latn,alphabet,0.991,0.991,,direct,0.0
gpt-4o-mini,vmw,Makhuwa,Latn,alphabet,1.0,1.0,,direct,0.0
gpt-4o-mini,vo,Volapük,Latn,alphabet,1.0,1.0,,direct,0.0
gpt-4o-mini,vun,Vunjo,Latn,alphabet,1.0,1.0,,direct,0.0
gpt-4o-mini,wa,Walloon,Latn,alphabet,1.0,1.0,,direct,0.0
gpt-4o-mini,wae,Walser,Latn,alphabet,1.0,1.0,,direct,0.0
gpt-4o-mini,wal,Wolaytta,Ethi,syllabary,0.2,0.2,,within_script_only,0.0
gpt-4o-mini,wbp,Warlpiri,Latn,alphabet,1.0,1.0,,direct,0.0
gpt-4o-mini,wo,Wolof,Latn,alphabet,1.0,1.0,,direct,0.0
gpt-4o-mini,xh,Xhosa,Latn,alphabet,1.0,1.0,,direct,0.0
gpt-4o-mini,xnr,Kangri,Deva,abugida,0.9758,0.9758,,direct,0.0
gpt-4o-mini,xog,Soga,Latn,alphabet,1.0,1.0,,direct,0.0
gpt-4o-mini,yav,Yangben,Latn,alphabet,0.966,0.966,,direct,0.0
gpt-4o-mini,yi,Yiddish,Hebr,abjad,0.9765,0.9765,,direct,0.0
gpt-4o-mini,yo,Yoruba,Latn,alphabet,0.94,0.94,,direct,0.0
gpt-4o-mini,yrl,Nheengatu,Latn,alphabet,1.0,1.0,,direct,0.0
gpt-4o-mini,yue,Cantonese,Hant,logographic,0.7014,0.7014,,within_script_only,0.0
gpt-4o-mini,za,Zhuang,Latn,alphabet,1.0,1.0,,direct,0.0
gpt-4o-mini,zgh,Standard Moroccan Tamazight,Tfng,alphabet,0.2,0.2,,direct,0.0
gpt-4o-mini,zh,Chinese,Hans,logographic,0.8675,0.8675,,within_script_only,0.0
gpt-4o-mini,zu,Zulu,Latn,alphabet,1.0,1.0,,direct,0.0
gpt-4o,aa,Afar,Latn,alphabet,1.0,1.0,,direct,0.0
gpt-4o,ab,Abkhazian,Cyrl,alphabet,1.0,1.0,,direct,0.0
gpt-4o,af,Afrikaans,Latn,alphabet,1.0,1.0,,direct,0.0
gpt-4o,agq,Aghem,Latn,alphabet,0.8923,0.8923,,direct,0.0
gpt-4o,ak,Akan,Latn,alphabet,1.0,1.0,,direct,0.0
gpt-4o,am,Amharic,Ethi,syllabary,0.2,0.2,,within_script_only,0.0
gpt-4o,an,Aragonese,Latn,alphabet,1.0,1.0,,direct,0.0
gpt-4o,ann,Obolo,Latn,alphabet,0.959,0.959,,direct,0.0
gpt-4o,apc,apc,Arab,abjad,1.0,1.0,,direct,0.0
gpt-4o,ar,Arabic,Arab,abjad,1.0,1.0,,direct,0.0
gpt-4o,arn,Mapuche,Latn,alphabet,0.904,0.904,,direct,0.0
gpt-4o,as,Assamese,Beng,abugida,0.9492,0.9492,,direct,0.0
gpt-4o,asa,Asu,Latn,alphabet,1.0,1.0,,direct,0.0
gpt-4o,ast,Asturian,Latn,alphabet,0.975,0.975,,direct,0.0
gpt-4o,az,Azerbaijani,Latn,alphabet,1.0,1.0,,direct,0.0
gpt-4o,ba,Bashkir,Cyrl,alphabet,1.0,1.0,,direct,0.0
gpt-4o,bal,Baluchi,Arab,abjad,1.0,1.0,,direct,0.0
gpt-4o,bas,Basaa,Latn,alphabet,0.9097,0.9097,,direct,0.0
gpt-4o,be,Belarusian,Cyrl,alphabet,1.0,1.0,,direct,0.0
gpt-4o,bem,Bemba,Latn,alphabet,1.0,1.0,,direct,0.0
gpt-4o,bew,Betawi,Latn,alphabet,0.9724,0.9724,,direct,0.0
gpt-4o,bez,Bena,Latn,alphabet,1.0,1.0,,direct,0.0
gpt-4o,bg,Bulgarian,Cyrl,alphabet,1.0,1.0,,direct,0.0
gpt-4o,bgc,Haryanvi,Deva,abugida,0.9948,0.9948,,direct,0.0
gpt-4o,bgn,Western Balochi,Arab,abjad,1.0,1.0,,direct,0.0
gpt-4o,bho,Bhojpuri,Deva,abugida,1.0,1.0,,direct,0.0
gpt-4o,blo,Anii,Latn,alphabet,0.902,0.902,,direct,0.0
gpt-4o,blt,Tai Dam,Tavt,abugida,0.2,0.2,,direct,0.0
gpt-4o,bm,Bambara,Latn,alphabet,0.9704,0.9704,,direct,0.0
gpt-4o,bn,Bangla,Beng,abugida,0.85,0.85,,direct,0.0
gpt-4o,bo,Tibetan,Tibt,abugida,0.2092,0.2092,,direct,0.0
gpt-4o,br,Breton,Latn,alphabet,1.0,1.0,,direct,0.0
gpt-4o,brx,Bodo,Deva,abugida,0.9869,0.9869,,direct,0.0
gpt-4o,bs,Bosnian,Latn,alphabet,1.0,1.0,,direct,0.0
gpt-4o,bss,Akoose,Latn,alphabet,0.9231,0.9231,,direct,0.0
gpt-4o,byn,Blin,Ethi,syllabary,0.2,0.2,,within_script_only,0.0
gpt-4o,ca,Catalan,Latn,alphabet,1.0,1.0,,direct,0.0
gpt-4o,cad,Caddo,Latn,alphabet,0.9467,0.9467,,direct,0.0
gpt-4o,cch,Atsam,Latn,alphabet,0.9143,0.9143,,direct,0.0
gpt-4o,ccp,Chakma,Cakm,abugida,0.2,0.2,,direct,0.0
gpt-4o,ce,Chechen,Cyrl,alphabet,0.9765,0.9765,,direct,0.0
gpt-4o,ceb,Cebuano,Latn,alphabet,1.0,1.0,,direct,0.0
gpt-4o,cgg,Chiga,Latn,alphabet,1.0,1.0,,direct,0.0
gpt-4o,cho,Choctaw,Latn,alphabet,0.9238,0.9238,,direct,0.0
gpt-4o,chr,Cherokee,Cher,syllabary,0.2,0.2,,within_script_only,0.0
gpt-4o,cic,Chickasaw,Latn,alphabet,0.9579,0.9579,,direct,0.0
gpt-4o,ckb,Central Kurdish,Arab,abjad,0.9758,0.9758,,direct,0.0
gpt-4o,co,Corsican,Latn,alphabet,1.0,1.0,,direct,0.0
gpt-4o,cop,Coptic,Copt,alphabet,0.2,0.2,,direct,0.0
gpt-4o,cs,Czech,Latn,alphabet,1.0,1.0,,direct,0.0
gpt-4o,csw,Swampy Cree,Cans,syllabary,0.2,0.2,,within_script_only,0.0
gpt-4o,cu,Church Slavic,Cyrl,alphabet,0.5778,0.5778,,direct,0.0
gpt-4o,cv,Chuvash,Cyrl,alphabet,0.9351,0.9351,,direct,0.0
gpt-4o,cy,Welsh,Latn,alphabet,0.951,0.951,,direct,0.0
gpt-4o,da,Danish,Latn,alphabet,1.0,1.0,,direct,0.0
gpt-4o,dav,Taita,Latn,alphabet,1.0,1.0,,direct,0.0
gpt-4o,de,German,Latn,alphabet,1.0,1.0,,direct,0.0
gpt-4o,dje,Zarma,Latn,alphabet,0.975,0.975,,direct,0.0
gpt-4o,doi,Dogri,Deva,abugida,0.8929,0.8929,,direct,0.0
gpt-4o,dsb,Lower Sorbian,Latn,alphabet,0.9784,0.9784,,direct,0.0
gpt-4o,dua,Duala,Latn,alphabet,1.0,1.0,,direct,0.0
gpt-4o,dv,Divehi,Thaa,abjad,0.2,0.2,,direct,0.0
gpt-4o,dyo,Jola-Fonyi,Latn,alphabet,1.0,1.0,,direct,0.0
gpt-4o,dz,Dzongkha,Tibt,abugida,0.2138,0.2138,,direct,0.0
gpt-4o,ebu,Embu,Latn,alphabet,1.0,1.0,,direct,0.0
gpt-4o,ee,Ewe,Latn,alphabet,0.95,0.95,,direct,0.0
gpt-4o,el,Greek,Grek,alphabet,0.9778,0.9778,,direct,0.0
gpt-4o,en,English,Latn,alphabet,1.0,1.0,,direct,0.0
gpt-4o,eo,Esperanto,Latn,alphabet,0.9714,0.9714,,direct,0.0
gpt-4o,es,Spanish,Latn,alphabet,1.0,1.0,,direct,0.0
gpt-4o,et,Estonian,Latn,alphabet,1.0,1.0,,direct,0.0
gpt-4o,eu,Basque,Latn,alphabet,1.0,1.0,,direct,0.0
gpt-4o,ewo,Ewondo,Latn,alphabet,0.9385,0.9385,,direct,0.0
gpt-4o,fa,Persian,Arab,abjad,1.0,1.0,,direct,0.0
gpt-4o,ff,Fula,Latn,alphabet,0.9704,0.9704,,direct,0.0
gpt-4o,fi,Finnish,Latn,alphabet,1.0,1.0,,direct,0.0
gpt-4o,fil,Filipino,Latn,alphabet,1.0,1.0,,direct,0.0
gpt-4o,fo,Faroese,Latn,alphabet,1.0,1.0,,direct,0.0
gpt-4o,fr,French,Latn,alphabet,1.0,1.0,,direct,0.0
gpt-4o,frr,Northern Frisian,Latn,alphabet,1.0,1.0,,direct,0.0
gpt-4o,fur,Friulian,Latn,alphabet,1.0,1.0,,direct,0.0
gpt-4o,fy,Western Frisian,Latn,alphabet,1.0,1.0,,direct,0.0
gpt-4o,ga,Irish,Latn,alphabet,1.0,1.0,,direct,0.0
gpt-4o,gaa,Ga,Latn,alphabet,1.0,1.0,,direct,0.0
gpt-4o,gd,Scottish Gaelic,Latn,alphabet,1.0,1.0,,direct,0.0
gpt-4o,gez,Geez,Ethi,syllabary,0.2,0.2,,within_script_only,0.0
gpt-4o,gl,Galician,Latn,alphabet,1.0,1.0,,direct,0.0
gpt-4o,gn,Guarani,Latn,alphabet,1.0,1.0,,direct,0.0
gpt-4o,gsw,Swiss German,Latn,alphabet,1.0,1.0,,direct,0.0
gpt-4o,gu,Gujarati,Gujr,abugida,0.8574,0.8574,,direct,0.0
gpt-4o,guz,Gusii,Latn,alphabet,1.0,1.0,,direct,0.0
gpt-4o,gv,Manx,Latn,alphabet,1.0,1.0,,direct,0.0
gpt-4o,ha,Hausa,Latn,alphabet,0.9704,0.9704,,direct,0.0
gpt-4o,haw,Hawaiian,Latn,alphabet,1.0,1.0,,direct,0.0
gpt-4o,he,Hebrew,Hebr,abjad,1.0,1.0,,direct,0.0
gpt-4o,hi,Hindi,Deva,abugida,0.9597,0.9597,,direct,0.0
gpt-4o,hnj,Hmong Njua,Hmnp,alphabet,0.2,0.2,,direct,0.0
gpt-4o,hr,Croatian,Latn,alphabet,1.0,1.0,,direct,0.0
gpt-4o,hsb,Upper Sorbian,Latn,alphabet,1.0,1.0,,direct,0.0
gpt-4o,ht,Haitian Creole,Latn,alphabet,1.0,1.0,,direct,0.0
gpt-4o,hu,Hungarian,Latn,alphabet,1.0,1.0,,direct,0.0
gpt-4o,hy,Armenian,Armn,alphabet,1.0,1.0,,direct,0.0
gpt-4o,ia,Interlingua,Latn,alphabet,1.0,1.0,,direct,0.0
gpt-4o,id,Indonesian,Latn,alphabet,1.0,1.0,,direct,0.0
gpt-4o,ie,Interlingue,Latn,alphabet,1.0,1.0,,direct,0.0
gpt-4o,ig,Igbo,Latn,alphabet,1.0,1.0,,direct,0.0
gpt-4o,ii,Sichuan Yi,Yiii,syllabary,0.2,0.2,,within_script_only,0.0
gpt-4o,io,Ido,Latn,alphabet,1.0,1.0,,direct,0.0
gpt-4o,is,Icelandic,Latn,alphabet,1.0,1.0,,direct,0.0
gpt-4o,it,Italian,Latn,alphabet,1.0,1.0,,direct,0.0
gpt-4o,iu,Inuktitut,Cans,syllabary,0.2,0.2,,within_script_only,0.0
gpt-4o,ja,Japanese,Jpan,mixed_logographic,0.7457,0.7457,,within_script_only,0.0
gpt-4o,jbo,Lojban,Latn,alphabet,1.0,1.0,,direct,0.0
gpt-4o,jgo,Ngomba,Latn,alphabet,0.8578,0.8578,,direct,0.0
gpt-4o,jmc,Machame,Latn,alphabet,1.0,1.0,,direct,0.0
gpt-4o,jv,Javanese,Latn,alphabet,1.0,1.0,,direct,0.0
gpt-4o,ka,Georgian,Geor,alphabet,1.0,1.0,,direct,0.0
gpt-4o,kaa,Kara-Kalpak,Cyrl,alphabet,1.0,1.0,,direct,0.0
gpt-4o,kab,Kabyle,Latn,alphabet,0.9059,0.9059,,direct,0.0
gpt-4o,kaj,Jju,Latn,alphabet,1.0,1.0,,direct,0.0
gpt-4o,kam,Kamba,Latn,alphabet,1.0,1.0,,direct,0.0
gpt-4o,kcg,Tyap,Latn,alphabet,0.968,0.968,,direct,0.0
gpt-4o,kde,Makonde,Latn,alphabet,1.0,1.0,,direct,0.0
gpt-4o,kea,Kabuverdianu,Latn,alphabet,1.0,1.0,,direct,0.0
gpt-4o,ken,Kenyang,Latn,alphabet,0.922,0.922,,direct,0.0
gpt-4o,kgp,Kaingang,Latn,alphabet,1.0,1.0,,direct,0.0
gpt-4o,khq,Koyra Chiini,Latn,alphabet,0.975,0.975,,direct,0.0
gpt-4o,ki,Kikuyu,Latn,alphabet,1.0,1.0,,direct,0.0
gpt-4o,kk,Kazakh,Cyrl,alphabet,1.0,1.0,,direct,0.0
gpt-4o,kkj,Kako,Latn,alphabet,1.0,1.0,,direct,0.0
gpt-4o,kl,Kalaallisut,Latn,alphabet,1.0,1.0,,direct,0.0
gpt-4o,kln,Kalenjin,Latn,alphabet,1.0,1.0,,direct,0.0
gpt-4o,km,Khmer,Khmr,abugida,0.7875,0.7875,,direct,0.0
gpt-4o,kn,Kannada,Knda,abugida,0.8479,0.8479,,direct,0.0
gpt-4o,ko,Korean,Kore,featural_syllabary,0.2496,0.2496,0.2,within_script_only,0.0
gpt-4o,kok,Konkani,Deva,abugida,0.9649,0.9649,,direct,0.0
gpt-4o,kpe,Kpelle,Latn,alphabet,0.9448,0.9448,,direct,0.0
gpt-4o,ks,Kashmiri,Arab,abjad,0.9478,0.9478,,direct,0.0
gpt-4o,ksb,Shambala,Latn,alphabet,1.0,1.0,,direct,0.0
gpt-4o,ksf,Bafia,Latn,alphabet,0.9765,0.9765,,direct,0.0
gpt-4o,ksh,Colognian,Latn,alphabet,1.0,1.0,,direct,0.0
gpt-4o,ku,Kurdish,Latn,alphabet,1.0,1.0,,direct,0.0
gpt-4o,kw,Cornish,Latn,alphabet,1.0,1.0,,direct,0.0
gpt-4o,kxv,Kuvi,Latn,alphabet,0.9515,0.9515,,direct,0.0
gpt-4o,ky,Kyrgyz,Cyrl,alphabet,1.0,1.0,,direct,0.0
gpt-4o,la,Latin,Latn,alphabet,1.0,1.0,,direct,0.0
gpt-4o,lag,Langi,Latn,alphabet,0.9515,0.9515,,direct,0.0
gpt-4o,lb,Luxembourgish,Latn,alphabet,1.0,1.0,,direct,0.0
gpt-4o,lg,Ganda,Latn,alphabet,1.0,1.0,,direct,0.0
gpt-4o,lij,Ligurian,Latn,alphabet,1.0,1.0,,direct,0.0
gpt-4o,lkt,Lakota,Latn,alphabet,0.9467,0.9467,,direct,0.0
gpt-4o,lld,lld,Latn,alphabet,1.0,1.0,,direct,0.0
gpt-4o,lmo,Lombard,Latn,alphabet,1.0,1.0,,direct,0.0
gpt-4o,ln,Lingala,Latn,alphabet,0.961,0.961,,direct,0.0
gpt-4o,lo,Lao,Laoo,abugida,0.2291,0.2291,,direct,0.0
gpt-4o,lrc,Northern Luri,Arab,abjad,0.8884,0.8884,,direct,0.0
gpt-4o,lt,Lithuanian,Latn,alphabet,1.0,1.0,,direct,0.0
gpt-4o,ltg,Latgalian,Latn,alphabet,1.0,1.0,,direct,0.0
gpt-4o,lu,Luba-Katanga,Latn,alphabet,1.0,1.0,,direct,0.0
gpt-4o,luo,Luo,Latn,alphabet,1.0,1.0,,direct,0.0
gpt-4o,luy,Luyia,Latn,alphabet,1.0,1.0,,direct,0.0
gpt-4o,lv,Latvian,Latn,alphabet,1.0,1.0,,direct,0.0
gpt-4o,mai,Maithili,Deva,abugida,1.0,1.0,,direct,0.0
gpt-4o,mas,Masai,Latn,alphabet,0.966,0.966,,direct,0.0
gpt-4o,mdf,Moksha,Cyrl,alphabet,1.0,1.0,,direct,0.0
gpt-4o,mer,Meru,Latn,alphabet,1.0,1.0,,direct,0.0
gpt-4o,mfe,Morisyen,Latn,alphabet,1.0,1.0,,direct,0.0
gpt-4o,mg,Malagasy,Latn,alphabet,1.0,1.0,,direct,0.0
gpt-4o,mgh,Makhuwa-Meetto,Latn,alphabet,1.0,1.0,,direct,0.0
gpt-4o,mgo,Metaʼ,Latn,alphabet,1.0,1.0,,direct,0.0
gpt-4o,mhn,mhn,Latn,alphabet,1.0,1.0,,direct,0.0
gpt-4o,mi,Māori,Latn,alphabet,1.0,1.0,,direct,0.0
gpt-4o,mic,Mi'kmaw,Latn,alphabet,0.9636,0.9636,,direct,0.0
gpt-4o,mk,Macedonian,Cyrl,alphabet,1.0,1.0,,direct,0.0
gpt-4o,ml,Malayalam,Mlym,abugida,0.8941,0.8941,,direct,0.0
gpt-4o,mn,Mongolian,Cyrl,alphabet,1.0,1.0,,direct,0.0
gpt-4o,mni,Manipuri,Beng,abugida,0.9492,0.9492,,direct,0.0
gpt-4o,moh,Mohawk,Latn,alphabet,1.0,1.0,,direct,0.0
gpt-4o,mr,Marathi,Deva,abugida,0.9703,0.9703,,direct,0.0
gpt-4o,ms,Malay,Latn,alphabet,1.0,1.0,,direct,0.0
gpt-4o,mt,Maltese,Latn,alphabet,1.0,1.0,,direct,0.0
gpt-4o,mua,Mundang,Latn,alphabet,0.9515,0.9515,,direct,0.0
gpt-4o,mus,Muscogee,Latn,alphabet,1.0,1.0,,direct,0.0
gpt-4o,my,Burmese,Mymr,abugida,0.7867,0.7867,,direct,0.0
gpt-4o,myv,Erzya,Cyrl,alphabet,1.0,1.0,,direct,0.0
gpt-4o,mzn,Mazanderani,Arab,abjad,1.0,1.0,,direct,0.0
gpt-4o,naq,Nama,Latn,alphabet,0.8968,0.8968,,direct,0.0
gpt-4o,nd,North Ndebele,Latn,alphabet,1.0,1.0,,direct,0.0
gpt-4o,nds,Low German,Latn,alphabet,1.0,1.0,,direct,0.0
gpt-4o,ne,Nepali,Deva,abugida,0.9597,0.9597,,direct,0.0
gpt-4o,nl,Dutch,Latn,alphabet,1.0,1.0,,direct,0.0
gpt-4o,nmg,Kwasio,Latn,alphabet,0.9158,0.9158,,direct,0.0
gpt-4o,nnh,Ngiemboon,Latn,alphabet,0.9259,0.9259,,direct,0.0
gpt-4o,no,Norwegian,Latn,alphabet,1.0,1.0,,direct,0.0
gpt-4o,nqo,N’Ko,Nkoo,alphabet,0.2,0.2,,direct,0.0
gpt-4o,nr,South Ndebele,Latn,alphabet,1.0,1.0,,direct,0.0
gpt-4o,nso,Northern Sotho,Latn,alphabet,1.0,1.0,,direct,0.0
gpt-4o,nus,Nuer,Latn,alphabet,0.9556,0.9556,,direct,0.0
gpt-4o,nv,Navajo,Latn,alphabet,0.9742,0.9742,,direct,0.0
gpt-4o,ny,Nyanja,Latn,alphabet,1.0,1.0,,direct,0.0
gpt-4o,nyn,Nyankole,Latn,alphabet,1.0,1.0,,direct,0.0
gpt-4o,oc,Occitan,Latn,alphabet,1.0,1.0,,direct,0.0
gpt-4o,om,Oromo,Latn,alphabet,1.0,1.0,,direct,0.0
gpt-4o,or,Odia,Orya,abugida,0.6516,0.6516,,direct,0.0
gpt-4o,os,Ossetic,Cyrl,alphabet,0.9765,0.9765,,direct,0.0
gpt-4o,osa,Osage,Osge,alphabet,0.22,0.22,,direct,0.0
gpt-4o,pa,Punjabi,Guru,abugida,0.8074,0.8074,,direct,0.0
gpt-4o,pap,Papiamento,Latn,alphabet,1.0,1.0,,direct,0.0
gpt-4o,pcm,Nigerian Pidgin,Latn,alphabet,1.0,1.0,,direct,0.0
gpt-4o,pis,Pijin,Latn,alphabet,1.0,1.0,,direct,0.0
gpt-4o,pl,Polish,Latn,alphabet,1.0,1.0,,direct,0.0
gpt-4o,prg,Prussian,Latn,alphabet,0.959,0.959,,direct,0.0
gpt-4o,ps,Pashto,Arab,abjad,1.0,1.0,,direct,0.0
gpt-4o,pt,Portuguese,Latn,alphabet,1.0,1.0,,direct,0.0
gpt-4o,qu,Quechua,Latn,alphabet,1.0,1.0,,direct,0.0
gpt-4o,quc,Kʼicheʼ,Latn,alphabet,1.0,1.0,,direct,0.0
gpt-4o,raj,Rajasthani,Deva,abugida,1.0,1.0,,direct,0.0
gpt-4o,rhg,Rohingya,Rohg,abjad,0.2,0.2,,direct,0.0
gpt-4o,rif,Riffian,Latn,alphabet,0.9226,0.9226,,direct,0.0
gpt-4o,rm,Romansh,Latn,alphabet,1.0,1.0,,direct,0.0
gpt-4o,rn,Rundi,Latn,alphabet,1.0,1.0,,direct,0.0
gpt-4o,ro,Romanian,Latn,alphabet,1.0,1.0,,direct,0.0
gpt-4o,rof,Rombo,Latn,alphabet,1.0,1.0,,direct,0.0
gpt-4o,ru,Russian,Cyrl,alphabet,1.0,1.0,,direct,0.0
gpt-4o,rw,Kinyarwanda,Latn,alphabet,1.0,1.0,,direct,0.0
gpt-4o,rwk,Rwa,Latn,alphabet,1.0,1.0,,direct,0.0
gpt-4o,sa,Sanskrit,Deva,abugida,0.8929,0.8929,,direct,0.0
gpt-4o,sah,Yakut,Cyrl,alphabet,0.9385,0.9385,,direct,0.0
gpt-4o,saq,Samburu,Latn,alphabet,1.0,1.0,,direct,0.0
gpt-4o,sat,Santali,Olck,alphabet,0.2,0.2,,direct,0.0
gpt-4o,sbp,Sangu,Latn,alphabet,1.0,1.0,,direct,0.0
gpt-4o,sc,Sardinian,Latn,alphabet,1.0,1.0,,direct,0.0
gpt-4o,scn,Sicilian,Latn,alphabet,0.9758,0.9758,,direct,0.0
gpt-4o,sd,Sindhi,Arab,abjad,0.9692,0.9692,,direct,0.0
gpt-4o,sdh,Southern Kurdish,Arab,abjad,0.9529,0.9529,,direct,0.0
gpt-4o,se,Northern Sami,Latn,alphabet,0.9724,0.9724,,direct,0.0
gpt-4o,seh,Sena,Latn,alphabet,1.0,1.0,,direct,0.0
gpt-4o,ses,Koyraboro Senni,Latn,alphabet,0.975,0.975,,direct,0.0
gpt-4o,sg,Sango,Latn,alphabet,1.0,1.0,,direct,0.0
gpt-4o,shi,Tachelhit,Tfng,alphabet,0.2,0.2,,direct,0.0
gpt-4o,shn,Shan,Mymr,abugida,0.6348,0.6348,,direct,0.0
gpt-4o,si,Sinhala,Sinh,abugida,0.7203,0.7203,,direct,0.0
gpt-4o,sid,Sidamo,Latn,alphabet,1.0,1.0,,direct,0.0
gpt-4o,sk,Slovak,Latn,alphabet,0.9814,0.9814,,direct,0.0
gpt-4o,skr,skr,Arab,abjad,0.9673,0.9673,,direct,0.0
gpt-4o,sl,Slovenian,Latn,alphabet,1.0,1.0,,direct,0.0
gpt-4o,sma,Southern Sami,Latn,alphabet,1.0,1.0,,direct,0.0
gpt-4o,smj,Lule Sami,Latn,alphabet,1.0,1.0,,direct,0.0
gpt-4o,smn,Inari Sami,Latn,alphabet,1.0,1.0,,direct,0.0
gpt-4o,sms,Skolt Sami,Latn,alphabet,0.8889,0.8889,,direct,0.0
gpt-4o,sn,Shona,Latn,alphabet,1.0,1.0,,direct,0.0
gpt-4o,so,Somali,Latn,alphabet,1.0,1.0,,direct,0.0
gpt-4o,sq,Albanian,Latn,alphabet,1.0,1.0,,direct,0.0
gpt-4o,sr,Serbian,Cyrl,alphabet,1.0,1.0,,direct,0.0
gpt-4o,ss,Swati,Latn,alphabet,1.0,1.0,,direct,0.0
gpt-4o,ssy,Saho,Latn,alphabet,1.0,1.0,,direct,0.0
gpt-4o,st,Southern Sotho,Latn,alphabet,1.0,1.0,,direct,0.0
gpt-4o,su,Sundanese,Latn,alphabet,1.0,1.0,,direct,0.0
gpt-4o,sv,Swedish,Latn,alphabet,1.0,1.0,,direct,0.0
gpt-4o,sw,Swahili,Latn,alphabet,1.0,1.0,,direct,0.0
gpt-4o,syr,Syriac,Syrc,abjad,0.2,0.2,,direct,0.0
gpt-4o,szl,Silesian,Latn,alphabet,0.9765,0.9765,,direct,0.0
gpt-4o,ta,Tamil,Taml,abugida,0.917,0.917,,direct,0.0
gpt-4o,te,Telugu,Telu,abugida,0.81,0.81,,direct,0.0
gpt-4o,teo,Teso,Latn,alphabet,1.0,1.0,,direct,0.0
gpt-4o,tg,Tajik,Cyrl,alphabet,1.0,1.0,,direct,0.0
gpt-4o,th,Thai,Thai,abugida,0.9192,0.9192,,direct,0.0
gpt-4o,ti,Tigrinya,Ethi,syllabary,0.2,0.2,,within_script_only,0.0
gpt-4o,tig,Tigre,Ethi,syllabary,0.2,0.2,,within_script_only,0.0
gpt-4o,tk,Turkmen,Latn,alphabet,1.0,1.0,,direct,0.0
gpt-4o,tn,Tswana,Latn,alphabet,1.0,1.0,,direct,0.0
gpt-4o,to,Tongan,Latn,alphabet,1.0,1.0,,direct,0.0
gpt-4o,tok,Toki Pona,Latn,alphabet,1.0,1.0,,direct,0.0
gpt-4o,tpi,Tok Pisin,Latn,alphabet,1.0,1.0,,direct,0.0
gpt-4o,tr,Turkish,Latn,alphabet,1.0,1.0,,direct,0.0
gpt-4o,trv,Taroko,Latn,alphabet,1.0,1.0,,direct,0.0
gpt-4o,trw,Torwali,Arab,abjad,0.95,0.95,,direct,0.0
gpt-4o,ts,Tsonga,Latn,alphabet,1.0,1.0,,direct,0.0
gpt-4o,tt,Tatar,Cyrl,alphabet,1.0,1.0,,direct,0.0
gpt-4o,twq,Tasawaq,Latn,alphabet,0.975,0.975,,direct,0.0
gpt-4o,tyv,Tuvinian,Cyrl,alphabet,1.0,1.0,,direct,0.0
gpt-4o,tzm,Central Atlas Tamazight,Latn,alphabet,0.9226,0.9226,,direct,0.0
gpt-4o,ug,Uyghur,Arab,abjad,1.0,1.0,,direct,0.0
gpt-4o,uk,Ukrainian,Cyrl,alphabet,0.9765,0.9765,,direct,0.0
gpt-4o,ur,Urdu,Arab,abjad,1.0,1.0,,direct,0.0
gpt-4o,uz,Uzbek,Latn,alphabet,1.0,1.0,,direct,0.0
gpt-4o,vai,Vai,Vaii,syllabary,0.2,0.2,,within_script_only,0.0
gpt-4o,ve,Venda,Latn,alphabet,1.0,1.0,,direct,0.0
gpt-4o,vec,Venetian,Latn,alphabet,1.0,1.0,,direct,0.0
gpt-4o,vi,Vietnamese,Latn,alphabet,0.991,0.991,,direct,0.0
gpt-4o,vmw,Makhuwa,Latn,alphabet,1.0,1.0,,direct,0.0
gpt-4o,vo,Volapük,Latn,alphabet,1.0,1.0,,direct,0.0
gpt-4o,vun,Vunjo,Latn,alphabet,1.0,1.0,,direct,0.0
gpt-4o,wa,Walloon,Latn,alphabet,1.0,1.0,,direct,0.0
gpt-4o,wae,Walser,Latn,alphabet,1.0,1.0,,direct,0.0
gpt-4o,wal,Wolaytta,Ethi,syllabary,0.2,0.2,,within_script_only,0.0
gpt-4o,wbp,Warlpiri,Latn,alphabet,1.0,1.0,,direct,0.0
gpt-4o,wo,Wolof,Latn,alphabet,1.0,1.0,,direct,0.0
gpt-4o,xh,Xhosa,Latn,alphabet,1.0,1.0,,direct,0.0
gpt-4o,xnr,Kangri,Deva,abugida,0.9758,0.9758,,direct,0.0
gpt-4o,xog,Soga,Latn,alphabet,1.0,1.0,,direct,0.0
gpt-4o,yav,Yangben,Latn,alphabet,0.966,0.966,,direct,0.0
gpt-4o,yi,Yiddish,Hebr,abjad,0.9765,0.9765,,direct,0.0
gpt-4o,yo,Yoruba,Latn,alphabet,0.94,0.94,,direct,0.0
gpt-4o,yrl,Nheengatu,Latn,alphabet,1.0,1.0,,direct,0.0
gpt-4o,yue,Cantonese,Hant,logographic,0.7014,0.7014,,within_script_only,0.0
gpt-4o,za,Zhuang,Latn,alphabet,1.0,1.0,,direct,0.0
gpt-4o,zgh,Standard Moroccan Tamazight,Tfng,alphabet,0.2,0.2,,direct,0.0
gpt-4o,zh,Chinese,Hans,logographic,0.8675,0.8675,,within_script_only,0.0
gpt-4o,zu,Zulu,Latn,alphabet,1.0,1.0,,direct,0.0
internlm/internlm2_5-7b,aa,Afar,Latn,alphabet,1.0,1.0,,direct,0.0
internlm/internlm2_5-7b,ab,Abkhazian,Cyrl,alphabet,0.65,0.65,,direct,0.0
internlm/internlm2_5-7b,af,Afrikaans,Latn,alphabet,1.0,1.0,,direct,0.0
internlm/internlm2_5-7b,agq,Aghem,Latn,alphabet,0.9038,0.9038,,direct,0.0
internlm/internlm2_5-7b,ak,Akan,Latn,alphabet,1.0,1.0,,direct,0.0
internlm/internlm2_5-7b,am,Amharic,Ethi,syllabary,0.0,0.0,,within_script_only,0.0
internlm/internlm2_5-7b,an,Aragonese,Latn,alphabet,1.0,1.0,,direct,0.0
internlm/internlm2_5-7b,ann,Obolo,Latn,alphabet,0.8974,0.8974,,direct,0.0
internlm/internlm2_5-7b,apc,apc,Arab,abjad,0.6,0.6,,direct,0.0
internlm/internlm2_5-7b,ar,Arabic,Arab,abjad,0.6,0.6,,direct,0.0
internlm/internlm2_5-7b,arn,Mapuche,Latn,alphabet,0.88,0.88,,direct,0.0
internlm/internlm2_5-7b,as,Assamese,Beng,abugida,0.0169,0.0169,,direct,0.0
internlm/internlm2_5-7b,asa,Asu,Latn,alphabet,1.0,1.0,,direct,0.0
internlm/internlm2_5-7b,ast,Asturian,Latn,alphabet,0.9375,0.9375,,direct,0.0
internlm/internlm2_5-7b,az,Azerbaijani,Latn,alphabet,0.9697,0.9697,,direct,0.0
internlm/internlm2_5-7b,ba,Bashkir,Cyrl,alphabet,0.7857,0.7857,,direct,0.0
internlm/internlm2_5-7b,bal,Baluchi,Arab,abjad,0.5152,0.5152,,direct,0.0
internlm/internlm2_5-7b,bas,Basaa,Latn,alphabet,0.8871,0.8871,,direct,0.0
internlm/internlm2_5-7b,be,Belarusian,Cyrl,alphabet,0.9688,0.9688,,direct,0.0
internlm/internlm2_5-7b,bem,Bemba,Latn,alphabet,1.0,1.0,,direct,0.0
internlm/internlm2_5-7b,bew,Betawi,Latn,alphabet,0.9655,0.9655,,direct,0.0
internlm/internlm2_5-7b,bez,Bena,Latn,alphabet,1.0,1.0,,direct,0.0
internlm/internlm2_5-7b,bg,Bulgarian,Cyrl,alphabet,1.0,1.0,,direct,0.0
internlm/internlm2_5-7b,bgc,Haryanvi,Deva,abugida,0.1552,0.1552,,direct,0.0
internlm/internlm2_5-7b,bgn,Western Balochi,Arab,abjad,0.5946,0.5946,,direct,0.0
internlm/internlm2_5-7b,bho,Bhojpuri,Deva,abugida,0.1875,0.1875,,direct,0.0
internlm/internlm2_5-7b,blo,Anii,Latn,alphabet,0.8776,0.8776,,direct,0.0
internlm/internlm2_5-7b,blt,Tai Dam,Tavt,abugida,0.0,0.0,,direct,0.0
internlm/internlm2_5-7b,bm,Bambara,Latn,alphabet,1.0,1.0,,direct,0.0
internlm/internlm2_5-7b,bn,Bangla,Beng,abugida,0.0294,0.0294,,direct,0.0
internlm/internlm2_5-7b,bo,Tibetan,Tibt,abugida,0.0805,0.0805,,direct,0.0
internlm/internlm2_5-7b,br,Breton,Latn,alphabet,0.9655,0.9655,,direct,0.0
internlm/internlm2_5-7b,brx,Bodo,Deva,abugida,0.1475,0.1475,,direct,0.0
internlm/internlm2_5-7b,bs,Bosnian,Latn,alphabet,1.0,1.0,,direct,0.0
internlm/internlm2_5-7b,bss,Akoose,Latn,alphabet,0.9038,0.9038,,direct,0.0
internlm/internlm2_5-7b,byn,Blin,Ethi,syllabary,0.0,0.0,,within_script_only,0.0
internlm/internlm2_5-7b,ca,Catalan,Latn,alphabet,1.0,1.0,,direct,0.0
internlm/internlm2_5-7b,cad,Caddo,Latn,alphabet,0.9333,0.9333,,direct,0.0
internlm/internlm2_5-7b,cch,Atsam,Latn,alphabet,0.8571,0.8571,,direct,0.0
internlm/internlm2_5-7b,ccp,Chakma,Cakm,abugida,0.0,0.0,,direct,0.0
internlm/internlm2_5-7b,ce,Chechen,Cyrl,alphabet,0.9706,0.9706,,direct,0.0
internlm/internlm2_5-7b,ceb,Cebuano,Latn,alphabet,1.0,1.0,,direct,0.0
internlm/internlm2_5-7b,cgg,Chiga,Latn,alphabet,1.0,1.0,,direct,0.0
internlm/internlm2_5-7b,cho,Choctaw,Latn,alphabet,0.9048,0.9048,,direct,0.0
internlm/internlm2_5-7b,chr,Cherokee,Cher,syllabary,0.0,0.0,,within_script_only,0.0
internlm/internlm2_5-7b,cic,Chickasaw,Latn,alphabet,0.8947,0.8947,,direct,0.0
internlm/internlm2_5-7b,ckb,Central Kurdish,Arab,abjad,0.6667,0.6667,,direct,0.0
internlm/internlm2_5-7b,co,Corsican,Latn,alphabet,1.0,1.0,,direct,0.0
internlm/internlm2_5-7b,cop,Coptic,Copt,alphabet,0.0,0.0,,direct,0.0
internlm/internlm2_5-7b,cs,Czech,Latn,alphabet,0.878,0.878,,direct,0.0
internlm/internlm2_5-7b,csw,Swampy Cree,Cans,syllabary,0.0,0.0,,within_script_only,0.0
internlm/internlm2_5-7b,cu,Church Slavic,Cyrl,alphabet,0.4444,0.4444,,direct,0.0
internlm/internlm2_5-7b,cv,Chuvash,Cyrl,alphabet,0.8919,0.8919,,direct,0.0
internlm/internlm2_5-7b,cy,Welsh,Latn,alphabet,0.8571,0.8571,,direct,0.0
internlm/internlm2_5-7b,da,Danish,Latn,alphabet,1.0,1.0,,direct,0.0
internlm/internlm2_5-7b,dav,Taita,Latn,alphabet,1.0,1.0,,direct,0.0
internlm/internlm2_5-7b,de,German,Latn,alphabet,1.0,1.0,,direct,0.0
internlm/internlm2_5-7b,dje,Zarma,Latn,alphabet,0.9375,0.9375,,direct,0.0
internlm/internlm2_5-7b,doi,Dogri,Deva,abugida,0.1286,0.1286,,direct,0.0
internlm/internlm2_5-7b,dsb,Lower Sorbian,Latn,alphabet,0.9459,0.9459,,direct,0.0
internlm/internlm2_5-7b,dua,Duala,Latn,alphabet,0.9394,0.9394,,direct,0.0
internlm/internlm2_5-7b,dv,Divehi,Thaa,abjad,0.0,0.0,,direct,0.0
internlm/internlm2_5-7b,dyo,Jola-Fonyi,Latn,alphabet,1.0,1.0,,direct,0.0
internlm/internlm2_5-7b,dz,Dzongkha,Tibt,abugida,0.1207,0.1207,,direct,0.0
internlm/internlm2_5-7b,ebu,Embu,Latn,alphabet,0.9286,0.9286,,direct,0.0
internlm/internlm2_5-7b,ee,Ewe,Latn,alphabet,0.8333,0.8333,,direct,0.0
internlm/internlm2_5-7b,el,Greek,Grek,alphabet,0.8333,0.8333,,direct,0.0
internlm/internlm2_5-7b,en,English,Latn,alphabet,1.0,1.0,,direct,0.0
internlm/internlm2_5-7b,eo,Esperanto,Latn,alphabet,0.7857,0.7857,,direct,0.0
internlm/internlm2_5-7b,es,Spanish,Latn,alphabet,1.0,1.0,,direct,0.0
internlm/internlm2_5-7b,et,Estonian,Latn,alphabet,0.9688,0.9688,,direct,0.0
internlm/internlm2_5-7b,eu,Basque,Latn,alphabet,1.0,1.0,,direct,0.0
internlm/internlm2_5-7b,ewo,Ewondo,Latn,alphabet,0.9423,0.9423,,direct,0.0
internlm/internlm2_5-7b,fa,Persian,Arab,abjad,0.6047,0.6047,,direct,0.0
internlm/internlm2_5-7b,ff,Fula,Latn,alphabet,0.8889,0.8889,,direct,0.0
internlm/internlm2_5-7b,fi,Finnish,Latn,alphabet,1.0,1.0,,direct,0.0
internlm/internlm2_5-7b,fil,Filipino,Latn,alphabet,1.0,1.0,,direct,0.0
internlm/internlm2_5-7b,fo,Faroese,Latn,alphabet,1.0,1.0,,direct,0.0
internlm/internlm2_5-7b,fr,French,Latn,alphabet,0.9762,0.9762,,direct,0.0
internlm/internlm2_5-7b,frr,Northern Frisian,Latn,alphabet,1.0,1.0,,direct,0.0
internlm/internlm2_5-7b,fur,Friulian,Latn,alphabet,1.0,1.0,,direct,0.0
internlm/internlm2_5-7b,fy,Western Frisian,Latn,alphabet,1.0,1.0,,direct,0.0
internlm/internlm2_5-7b,ga,Irish,Latn,alphabet,1.0,1.0,,direct,0.0
internlm/internlm2_5-7b,gaa,Ga,Latn,alphabet,1.0,1.0,,direct,0.0
internlm/internlm2_5-7b,gd,Scottish Gaelic,Latn,alphabet,1.0,1.0,,direct,0.0
internlm/internlm2_5-7b,gez,Geez,Ethi,syllabary,0.0,0.0,,within_script_only,0.0
internlm/internlm2_5-7b,gl,Galician,Latn,alphabet,1.0,1.0,,direct,0.0
internlm/internlm2_5-7b,gn,Guarani,Latn,alphabet,0.8,0.8,,direct,0.0
internlm/internlm2_5-7b,gsw,Swiss German,Latn,alphabet,1.0,1.0,,direct,0.0
internlm/internlm2_5-7b,gu,Gujarati,Gujr,abugida,0.0,0.0,,direct,0.0
internlm/internlm2_5-7b,guz,Gusii,Latn,alphabet,1.0,1.0,,direct,0.0
internlm/internlm2_5-7b,gv,Manx,Latn,alphabet,1.0,1.0,,direct,0.0
internlm/internlm2_5-7b,ha,Hausa,Latn,alphabet,0.8148,0.8148,,direct,0.0
internlm/internlm2_5-7b,haw,Hawaiian,Latn,alphabet,0.9444,0.9444,,direct,0.0
internlm/internlm2_5-7b,he,Hebrew,Hebr,abjad,0.4074,0.4074,,direct,0.0
internlm/internlm2_5-7b,hi,Hindi,Deva,abugida,0.1343,0.1343,,direct,0.0
internlm/internlm2_5-7b,hnj,Hmong Njua,Hmnp,alphabet,0.0,0.0,,direct,0.0
internlm/internlm2_5-7b,hr,Croatian,Latn,alphabet,1.0,1.0,,direct,0.0
internlm/internlm2_5-7b,hsb,Upper Sorbian,Latn,alphabet,0.9444,0.9444,,direct,0.0
internlm/internlm2_5-7b,ht,Haitian Creole,Latn,alphabet,1.0,1.0,,direct,0.0
internlm/internlm2_5-7b,hu,Hungarian,Latn,alphabet,0.9688,0.9688,,direct,0.0
internlm/internlm2_5-7b,hy,Armenian,Armn,alphabet,0.0789,0.0789,,direct,0.0
internlm/internlm2_5-7b,ia,Interlingua,Latn,alphabet,1.0,1.0,,direct,0.0
internlm/internlm2_5-7b,id,Indonesian,Latn,alphabet,1.0,1.0,,direct,0.0
internlm/internlm2_5-7b,ie,Interlingue,Latn,alphabet,1.0,1.0,,direct,0.0
internlm/internlm2_5-7b,ig,Igbo,Latn,alphabet,0.8571,0.8571,,direct,0.0
internlm/internlm2_5-7b,ii,Sichuan Yi,Yiii,syllabary,0.0,0.0,,within_script_only,0.0
internlm/internlm2_5-7b,io,Ido,Latn,alphabet,1.0,1.0,,direct,0.0
internlm/internlm2_5-7b,is,Icelandic,Latn,alphabet,0.9688,0.9688,,direct,0.0
internlm/internlm2_5-7b,it,Italian,Latn,alphabet,1.0,1.0,,direct,0.0
internlm/internlm2_5-7b,iu,Inuktitut,Cans,syllabary,0.0,0.0,,within_script_only,0.0
internlm/internlm2_5-7b,ja,Japanese,Jpan,mixed_logographic,0.9018,0.9018,,within_script_only,0.0
internlm/internlm2_5-7b,jbo,Lojban,Latn,alphabet,1.0,1.0,,direct,0.0
internlm/internlm2_5-7b,jgo,Ngomba,Latn,alphabet,0.8,0.8,,direct,0.0
internlm/internlm2_5-7b,jmc,Machame,Latn,alphabet,1.0,1.0,,direct,0.0
internlm/internlm2_5-7b,jv,Javanese,Latn,alphabet,1.0,1.0,,direct,0.0
internlm/internlm2_5-7b,ka,Georgian,Geor,alphabet,0.2121,0.2121,,direct,0.0
internlm/internlm2_5-7b,kaa,Kara-Kalpak,Cyrl,alphabet,0.8049,0.8049,,direct,0.0
internlm/internlm2_5-7b,kab,Kabyle,Latn,alphabet,0.7647,0.7647,,direct,0.0
internlm/internlm2_5-7b,kaj,Jju,Latn,alphabet,1.0,1.0,,direct,0.0
internlm/internlm2_5-7b,kam,Kamba,Latn,alphabet,0.9259,0.9259,,direct,0.0
internlm/internlm2_5-7b,kcg,Tyap,Latn,alphabet,0.96,0.96,,direct,0.0
internlm/internlm2_5-7b,kde,Makonde,Latn,alphabet,1.0,1.0,,direct,0.0
internlm/internlm2_5-7b,kea,Kabuverdianu,Latn,alphabet,1.0,1.0,,direct,0.0
internlm/internlm2_5-7b,ken,Kenyang,Latn,alphabet,0.9268,0.9268,,direct,0.0
internlm/internlm2_5-7b,kgp,Kaingang,Latn,alphabet,0.8462,0.8462,,direct,0.0
internlm/internlm2_5-7b,khq,Koyra Chiini,Latn,alphabet,0.9375,0.9375,,direct,0.0
internlm/internlm2_5-7b,ki,Kikuyu,Latn,alphabet,0.9,0.9,,direct,0.0
internlm/internlm2_5-7b,kk,Kazakh,Cyrl,alphabet,0.8095,0.8095,,direct,0.0
internlm/internlm2_5-7b,kkj,Kako,Latn,alphabet,0.9149,0.9149,,direct,0.0
internlm/internlm2_5-7b,kl,Kalaallisut,Latn,alphabet,1.0,1.0,,direct,0.0
internlm/internlm2_5-7b,kln,Kalenjin,Latn,alphabet,1.0,1.0,,direct,0.0
internlm/internlm2_5-7b,km,Khmer,Khmr,abugida,0.0417,0.0417,,direct,0.0
internlm/internlm2_5-7b,kn,Kannada,Knda,abugida,0.0423,0.0423,,direct,0.0
internlm/internlm2_5-7b,ko,Korean,Kore,featural_syllabary,0.0074,0.0074,0.0,within_script_only,0.0
internlm/internlm2_5-7b,kok,Konkani,Deva,abugida,0.1169,0.1169,,direct,0.0
internlm/internlm2_5-7b,kpe,Kpelle,Latn,alphabet,0.8966,0.8966,,direct,0.0
internlm/internlm2_5-7b,ks,Kashmiri,Arab,abjad,0.5,0.5,,direct,0.0
internlm/internlm2_5-7b,ksb,Shambala,Latn,alphabet,1.0,1.0,,direct,0.0
internlm/internlm2_5-7b,ksf,Bafia,Latn,alphabet,0.9706,0.9706,,direct,0.0
internlm/internlm2_5-7b,ksh,Colognian,Latn,alphabet,0.9444,0.9444,,direct,0.0
internlm/internlm2_5-7b,ku,Kurdish,Latn,alphabet,1.0,1.0,,direct,0.0
internlm/internlm2_5-7b,kw,Cornish,Latn,alphabet,1.0,1.0,,direct,0.0
internlm/internlm2_5-7b,kxv,Kuvi,Latn,alphabet,0.8182,0.8182,,direct,0.0
internlm/internlm2_5-7b,ky,Kyrgyz,Cyrl,alphabet,0.9032,0.9032,,direct,0.0
internlm/internlm2_5-7b,la,Latin,Latn,alphabet,1.0,1.0,,direct,0.0
internlm/internlm2_5-7b,lag,Langi,Latn,alphabet,0.9394,0.9394,,direct,0.0
internlm/internlm2_5-7b,lb,Luxembourgish,Latn,alphabet,1.0,1.0,,direct,0.0
internlm/internlm2_5-7b,lg,Ganda,Latn,alphabet,1.0,1.0,,direct,0.0
internlm/internlm2_5-7b,lij,Ligurian,Latn,alphabet,1.0,1.0,,direct,0.0
internlm/internlm2_5-7b,lkt,Lakota,Latn,alphabet,0.9,0.9,,direct,0.0
internlm/internlm2_5-7b,lld,lld,Latn,alphabet,1.0,1.0,,direct,0.0
internlm/internlm2_5-7b,lmo,Lombard,Latn,alphabet,1.0,1.0,,direct,0.0
internlm/internlm2_5-7b,ln,Lingala,Latn,alphabet,0.9512,0.9512,,direct,0.0
internlm/internlm2_5-7b,lo,Lao,Laoo,abugida,0.0182,0.0182,,direct,0.0
internlm/internlm2_5-7b,lrc,Northern Luri,Arab,abjad,0.5581,0.5581,,direct,0.0
internlm/internlm2_5-7b,lt,Lithuanian,Latn,alphabet,0.8438,0.8438,,direct,0.0
internlm/internlm2_5-7b,ltg,Latgalian,Latn,alphabet,0.8857,0.8857,,direct,0.0
internlm/internlm2_5-7b,lu,Luba-Katanga,Latn,alphabet,1.0,1.0,,direct,0.0
internlm/internlm2_5-7b,luo,Luo,Latn,alphabet,1.0,1.0,,direct,0.0
internlm/internlm2_5-7b,luy,Luyia,Latn,alphabet,1.0,1.0,,direct,0.0
internlm/internlm2_5-7b,lv,Latvian,Latn,alphabet,0.8788,0.8788,,direct,0.0
internlm/internlm2_5-7b,mai,Maithili,Deva,abugida,0.2,0.2,,direct,0.0
internlm/internlm2_5-7b,mas,Masai,Latn,alphabet,0.9574,0.9574,,direct,0.0
internlm/internlm2_5-7b,mdf,Moksha,Cyrl,alphabet,1.0,1.0,,direct,0.0
internlm/internlm2_5-7b,mer,Meru,Latn,alphabet,0.9286,0.9286,,direct,0.0
internlm/internlm2_5-7b,mfe,Morisyen,Latn,alphabet,1.0,1.0,,direct,0.0
internlm/internlm2_5-7b,mg,Malagasy,Latn,alphabet,1.0,1.0,,direct,0.0
internlm/internlm2_5-7b,mgh,Makhuwa-Meetto,Latn,alphabet,1.0,1.0,,direct,0.0
internlm/internlm2_5-7b,mgo,Metaʼ,Latn,alphabet,0.9688,0.9688,,direct,0.0
internlm/internlm2_5-7b,mhn,mhn,Latn,alphabet,1.0,1.0,,direct,0.0
internlm/internlm2_5-7b,mi,Māori,Latn,alphabet,1.0,1.0,,direct,0.0
internlm/internlm2_5-7b,mic,Mi'kmaw,Latn,alphabet,0.9091,0.9091,,direct,0.0
internlm/internlm2_5-7b,mk,Macedonian,Cyrl,alphabet,0.7742,0.7742,,direct,0.0
internlm/internlm2_5-7b,ml,Malayalam,Mlym,abugida,0.0,0.0,,direct,0.0
internlm/internlm2_5-7b,mn,Mongolian,Cyrl,alphabet,0.9429,0.9429,,direct,0.0
internlm/internlm2_5-7b,mni,Manipuri,Beng,abugida,0.0339,0.0339,,direct,0.0
internlm/internlm2_5-7b,moh,Mohawk,Latn,alphabet,0.9565,0.9565,,direct,0.0
internlm/internlm2_5-7b,mr,Marathi,Deva,abugida,0.1406,0.1406,,direct,0.0
internlm/internlm2_5-7b,ms,Malay,Latn,alphabet,1.0,1.0,,direct,0.0
internlm/internlm2_5-7b,mt,Maltese,Latn,alphabet,0.8788,0.8788,,direct,0.0
internlm/internlm2_5-7b,mua,Mundang,Latn,alphabet,0.8182,0.8182,,direct,0.0
internlm/internlm2_5-7b,mus,Muscogee,Latn,alphabet,0.9524,0.9524,,direct,0.0
internlm/internlm2_5-7b,my,Burmese,Mymr,abugida,0.15,0.15,,direct,0.0
internlm/internlm2_5-7b,myv,Erzya,Cyrl,alphabet,1.0,1.0,,direct,0.0
internlm/internlm2_5-7b,mzn,Mazanderani,Arab,abjad,0.6047,0.6047,,direct,0.0
internlm/internlm2_5-7b,naq,Nama,Latn,alphabet,0.871,0.871,,direct,0.0
internlm/internlm2_5-7b,nd,North Ndebele,Latn,alphabet,1.0,1.0,,direct,0.0
internlm/internlm2_5-7b,nds,Low German,Latn,alphabet,1.0,1.0,,direct,0.0
internlm/internlm2_5-7b,ne,Nepali,Deva,abugida,0.1343,0.1343,,direct,0.0
internlm/internlm2_5-7b,nl,Dutch,Latn,alphabet,1.0,1.0,,direct,0.0
internlm/internlm2_5-7b,nmg,Kwasio,Latn,alphabet,0.8947,0.8947,,direct,0.0
internlm/internlm2_5-7b,nnh,Ngiemboon,Latn,alphabet,0.8704,0.8704,,direct,0.0
internlm/internlm2_5-7b,no,Norwegian,Latn,alphabet,1.0,1.0,,direct,0.0
internlm/internlm2_5-7b,nqo,N’Ko,Nkoo,alphabet,0.0,0.0,,direct,0.0
internlm/internlm2_5-7b,nr,South Ndebele,Latn,alphabet,1.0,1.0,,direct,0.0
internlm/internlm2_5-7b,nso,Northern Sotho,Latn,alphabet,1.0,1.0,,direct,0.0
internlm/internlm2_5-7b,nus,Nuer,Latn,alphabet,0.9167,0.9167,,direct,0.0
internlm/internlm2_5-7b,nv,Navajo,Latn,alphabet,0.871,0.871,,direct,0.0
internlm/internlm2_5-7b,ny,Nyanja,Latn,alphabet,0.9583,0.9583,,direct,0.0
internlm/internlm2_5-7b,nyn,Nyankole,Latn,alphabet,1.0,1.0,,direct,0.0
internlm/internlm2_5-7b,oc,Occitan,Latn,alphabet,1.0,1.0,,direct,0.0
internlm/internlm2_5-7b,om,Oromo,Latn,alphabet,1.0,1.0,,direct,0.0
internlm/internlm2_5-7b,or,Odia,Orya,abugida,0.0,0.0,,direct,0.0
internlm/internlm2_5-7b,os,Ossetic,Cyrl,alphabet,0.9706,0.9706,,direct,0.0
internlm/internlm2_5-7b,osa,Osage,Osge,alphabet,0.025,0.025,,direct,0.0
internlm/internlm2_5-7b,pa,Punjabi,Guru,abugida,0.0,0.0,,direct,0.0
internlm/internlm2_5-7b,pap,Papiamento,Latn,alphabet,1.0,1.0,,direct,0.0
internlm/internlm2_5-7b,pcm,Nigerian Pidgin,Latn,alphabet,0.9375,0.9375,,direct,0.0
internlm/internlm2_5-7b,pis,Pijin,Latn,alphabet,1.0,1.0,,direct,0.0
internlm/internlm2_5-7b,pl,Polish,Latn,alphabet,0.875,0.875,,direct,0.0
internlm/internlm2_5-7b,prg,Prussian,Latn,alphabet,0.8718,0.8718,,direct,0.0
internlm/internlm2_5-7b,ps,Pashto,Arab,abjad,0.45,0.45,,direct,0.0
internlm/internlm2_5-7b,pt,Portuguese,Latn,alphabet,0.9744,0.9744,,direct,0.0
internlm/internlm2_5-7b,qu,Quechua,Latn,alphabet,0.9412,0.9412,,direct,0.0
internlm/internlm2_5-7b,quc,Kʼicheʼ,Latn,alphabet,0.96,0.96,,direct,0.0
internlm/internlm2_5-7b,raj,Rajasthani,Deva,abugida,0.1837,0.1837,,direct,0.0
internlm/internlm2_5-7b,rhg,Rohingya,Rohg,abjad,0.0,0.0,,direct,0.0
internlm/internlm2_5-7b,rif,Riffian,Latn,alphabet,0.8065,0.8065,,direct,0.0
internlm/internlm2_5-7b,rm,Romansh,Latn,alphabet,1.0,1.0,,direct,0.0
internlm/internlm2_5-7b,rn,Rundi,Latn,alphabet,1.0,1.0,,direct,0.0
internlm/internlm2_5-7b,ro,Romanian,Latn,alphabet,1.0,1.0,,direct,0.0
internlm/internlm2_5-7b,rof,Rombo,Latn,alphabet,1.0,1.0,,direct,0.0
internlm/internlm2_5-7b,ru,Russian,Cyrl,alphabet,1.0,1.0,,direct,0.0
internlm/internlm2_5-7b,rw,Kinyarwanda,Latn,alphabet,1.0,1.0,,direct,0.0
internlm/internlm2_5-7b,rwk,Rwa,Latn,alphabet,1.0,1.0,,direct,0.0
internlm/internlm2_5-7b,sa,Sanskrit,Deva,abugida,0.1286,0.1286,,direct,0.0
internlm/internlm2_5-7b,sah,Yakut,Cyrl,alphabet,0.8077,0.8077,,direct,0.0
internlm/internlm2_5-7b,saq,Samburu,Latn,alphabet,1.0,1.0,,direct,0.0
internlm/internlm2_5-7b,sat,Santali,Olck,alphabet,0.0,0.0,,direct,0.0
internlm/internlm2_5-7b,sbp,Sangu,Latn,alphabet,1.0,1.0,,direct,0.0
internlm/internlm2_5-7b,sc,Sardinian,Latn,alphabet,1.0,1.0,,direct,0.0
internlm/internlm2_5-7b,scn,Sicilian,Latn,alphabet,0.9697,0.9697,,direct,0.0
internlm/internlm2_5-7b,sd,Sindhi,Arab,abjad,0.4423,0.4423,,direct,0.0
internlm/internlm2_5-7b,sdh,Southern Kurdish,Arab,abjad,0.6176,0.6176,,direct,0.0
internlm/internlm2_5-7b,se,Northern Sami,Latn,alphabet,0.9655,0.9655,,direct,0.0
internlm/internlm2_5-7b,seh,Sena,Latn,alphabet,0.9744,0.9744,,direct,0.0
internlm/internlm2_5-7b,ses,Koyraboro Senni,Latn,alphabet,0.9375,0.9375,,direct,0.0
internlm/internlm2_5-7b,sg,Sango,Latn,alphabet,1.0,1.0,,direct,0.0
internlm/internlm2_5-7b,shi,Tachelhit,Tfng,alphabet,0.0,0.0,,direct,0.0
internlm/internlm2_5-7b,shn,Shan,Mymr,abugida,0.1739,0.1739,,direct,0.0
internlm/internlm2_5-7b,si,Sinhala,Sinh,abugida,0.0,0.0,,direct,0.0
internlm/internlm2_5-7b,sid,Sidamo,Latn,alphabet,1.0,1.0,,direct,0.0
internlm/internlm2_5-7b,sk,Slovak,Latn,alphabet,0.8605,0.8605,,direct,0.0
internlm/internlm2_5-7b,skr,skr,Arab,abjad,0.4694,0.4694,,direct,0.0
internlm/internlm2_5-7b,sl,Slovenian,Latn,alphabet,1.0,1.0,,direct,0.0
internlm/internlm2_5-7b,sma,Southern Sami,Latn,alphabet,1.0,1.0,,direct,0.0
internlm/internlm2_5-7b,smj,Lule Sami,Latn,alphabet,1.0,1.0,,direct,0.0
internlm/internlm2_5-7b,smn,Inari Sami,Latn,alphabet,1.0,1.0,,direct,0.0
internlm/internlm2_5-7b,sms,Skolt Sami,Latn,alphabet,0.8611,0.8611,,direct,0.0
internlm/internlm2_5-7b,sn,Shona,Latn,alphabet,1.0,1.0,,direct,0.0
internlm/internlm2_5-7b,so,Somali,Latn,alphabet,1.0,1.0,,direct,0.0
internlm/internlm2_5-7b,sq,Albanian,Latn,alphabet,1.0,1.0,,direct,0.0
internlm/internlm2_5-7b,sr,Serbian,Cyrl,alphabet,0.8333,0.8333,,direct,0.0
internlm/internlm2_5-7b,ss,Swati,Latn,alphabet,1.0,1.0,,direct,0.0
internlm/internlm2_5-7b,ssy,Saho,Latn,alphabet,1.0,1.0,,direct,0.0
internlm/internlm2_5-7b,st,Southern Sotho,Latn,alphabet,1.0,1.0,,direct,0.0
internlm/internlm2_5-7b,su,Sundanese,Latn,alphabet,1.0,1.0,,direct,0.0
internlm/internlm2_5-7b,sv,Swedish,Latn,alphabet,1.0,1.0,,direct,0.0
internlm/internlm2_5-7b,sw,Swahili,Latn,alphabet,1.0,1.0,,direct,0.0
internlm/internlm2_5-7b,syr,Syriac,Syrc,abjad,0.0,0.0,,direct,0.0
internlm/internlm2_5-7b,szl,Silesian,Latn,alphabet,0.8824,0.8824,,direct,0.0
internlm/internlm2_5-7b,ta,Tamil,Taml,abugida,0.0213,0.0213,,direct,0.0
internlm/internlm2_5-7b,te,Telugu,Telu,abugida,0.0,0.0,,direct,0.0
internlm/internlm2_5-7b,teo,Teso,Latn,alphabet,1.0,1.0,,direct,0.0
internlm/internlm2_5-7b,tg,Tajik,Cyrl,alphabet,0.8286,0.8286,,direct,0.0
internlm/internlm2_5-7b,th,Thai,Thai,abugida,0.4247,0.4247,,direct,0.0
internlm/internlm2_5-7b,ti,Tigrinya,Ethi,syllabary,0.0,0.0,,within_script_only,0.0
internlm/internlm2_5-7b,tig,Tigre,Ethi,syllabary,0.0,0.0,,within_script_only,0.0
internlm/internlm2_5-7b,tk,Turkmen,Latn,alphabet,0.9667,0.9667,,direct,0.0
internlm/internlm2_5-7b,tn,Tswana,Latn,alphabet,1.0,1.0,,direct,0.0
internlm/internlm2_5-7b,to,Tongan,Latn,alphabet,0.963,0.963,,direct,0.0
internlm/internlm2_5-7b,tok,Toki Pona,Latn,alphabet,1.0,1.0,,direct,0.0
internlm/internlm2_5-7b,tpi,Tok Pisin,Latn,alphabet,1.0,1.0,,direct,0.0
internlm/internlm2_5-7b,tr,Turkish,Latn,alphabet,0.9667,0.9667,,direct,0.0
internlm/internlm2_5-7b,trv,Taroko,Latn,alphabet,1.0,1.0,,direct,0.0
internlm/internlm2_5-7b,trw,Torwali,Arab,abjad,0.5,0.5,,direct,0.0
internlm/internlm2_5-7b,ts,Tsonga,Latn,alphabet,1.0,1.0,,direct,0.0
internlm/internlm2_5-7b,tt,Tatar,Cyrl,alphabet,0.8462,0.8462,,direct,0.0
internlm/internlm2_5-7b,twq,Tasawaq,Latn,alphabet,0.9375,0.9375,,direct,0.0
internlm/internlm2_5-7b,tyv,Tuvinian,Cyrl,alphabet,0.9167,0.9167,,direct,0.0
internlm/internlm2_5-7b,tzm,Central Atlas Tamazight,Latn,alphabet,0.7742,0.7742,,direct,0.0
internlm/internlm2_5-7b,ug,Uyghur,Arab,abjad,0.6176,0.6176,,direct,0.0
internlm/internlm2_5-7b,uk,Ukrainian,Cyrl,alphabet,0.9118,0.9118,,direct,0.0
internlm/internlm2_5-7b,ur,Urdu,Arab,abjad,0.5789,0.5789,,direct,0.0
internlm/internlm2_5-7b,uz,Uzbek,Latn,alphabet,0.9259,0.9259,,direct,0.0
internlm/internlm2_5-7b,vai,Vai,Vaii,syllabary,0.0,0.0,,within_script_only,0.0
internlm/internlm2_5-7b,ve,Venda,Latn,alphabet,0.8214,0.8214,,direct,0.0
internlm/internlm2_5-7b,vec,Venetian,Latn,alphabet,1.0,1.0,,direct,0.0
internlm/internlm2_5-7b,vi,Vietnamese,Latn,alphabet,0.5056,0.5056,,direct,0.0
internlm/internlm2_5-7b,vmw,Makhuwa,Latn,alphabet,1.0,1.0,,direct,0.0
internlm/internlm2_5-7b,vo,Volapük,Latn,alphabet,1.0,1.0,,direct,0.0
internlm/internlm2_5-7b,vun,Vunjo,Latn,alphabet,1.0,1.0,,direct,0.0
internlm/internlm2_5-7b,wa,Walloon,Latn,alphabet,0.9767,0.9767,,direct,0.0
internlm/internlm2_5-7b,wae,Walser,Latn,alphabet,0.9487,0.9487,,direct,0.0
internlm/internlm2_5-7b,wal,Wolaytta,Ethi,syllabary,0.0,0.0,,within_script_only,0.0
internlm/internlm2_5-7b,wbp,Warlpiri,Latn,alphabet,1.0,1.0,,direct,0.0
internlm/internlm2_5-7b,wo,Wolof,Latn,alphabet,1.0,1.0,,direct,0.0
internlm/internlm2_5-7b,xh,Xhosa,Latn,alphabet,1.0,1.0,,direct,0.0
internlm/internlm2_5-7b,xnr,Kangri,Deva,abugida,0.1667,0.1667,,direct,0.0
internlm/internlm2_5-7b,xog,Soga,Latn,alphabet,1.0,1.0,,direct,0.0
internlm/internlm2_5-7b,yav,Yangben,Latn,alphabet,1.0,1.0,,direct,0.0
internlm/internlm2_5-7b,yi,Yiddish,Hebr,abjad,0.3235,0.3235,,direct,0.0
internlm/internlm2_5-7b,yo,Yoruba,Latn,alphabet,0.85,0.85,,direct,0.0
internlm/internlm2_5-7b,yrl,Nheengatu,Latn,alphabet,0.8571,0.8571,,direct,0.0
internlm/internlm2_5-7b,yue,Cantonese,Hant,logographic,0.9806,0.9806,,within_script_only,0.0
internlm/internlm2_5-7b,za,Zhuang,Latn,alphabet,1.0,1.0,,direct,0.0
internlm/internlm2_5-7b,zgh,Standard Moroccan Tamazight,Tfng,alphabet,0.0,0.0,,direct,0.0
internlm/internlm2_5-7b,zh,Chinese,Hans,logographic,0.9986,0.9986,,within_script_only,0.0
internlm/internlm2_5-7b,zu,Zulu,Latn,alphabet,1.0,1.0,,direct,0.0
microsoft/Phi-3-medium-4k-instruct,aa,Afar,Latn,alphabet,1.0,1.0,,direct,0.0
microsoft/Phi-3-medium-4k-instruct,ab,Abkhazian,Cyrl,alphabet,0.78,0.78,,direct,0.0
microsoft/Phi-3-medium-4k-instruct,af,Afrikaans,Latn,alphabet,1.0,1.0,,direct,0.0
microsoft/Phi-3-medium-4k-instruct,agq,Aghem,Latn,alphabet,0.9846,0.9846,,direct,0.0
microsoft/Phi-3-medium-4k-instruct,ak,Akan,Latn,alphabet,1.0,1.0,,direct,0.0
microsoft/Phi-3-medium-4k-instruct,am,Amharic,Ethi,syllabary,0.2,0.2,,within_script_only,0.0
microsoft/Phi-3-medium-4k-instruct,an,Aragonese,Latn,alphabet,1.0,1.0,,direct,0.0
microsoft/Phi-3-medium-4k-instruct,ann,Obolo,Latn,alphabet,0.9795,0.9795,,direct,0.0
microsoft/Phi-3-medium-4k-instruct,apc,apc,Arab,abjad,0.9289,0.9289,,direct,0.0
microsoft/Phi-3-medium-4k-instruct,ar,Arabic,Arab,abjad,0.9289,0.9289,,direct,0.0
microsoft/Phi-3-medium-4k-instruct,arn,Mapuche,Latn,alphabet,0.936,0.936,,direct,0.0
microsoft/Phi-3-medium-4k-instruct,as,Assamese,Beng,abugida,0.4983,0.4983,,direct,0.0
microsoft/Phi-3-medium-4k-instruct,asa,Asu,Latn,alphabet,1.0,1.0,,direct,0.0
microsoft/Phi-3-medium-4k-instruct,ast,Asturian,Latn,alphabet,1.0,1.0,,direct,0.0
microsoft/Phi-3-medium-4k-instruct,az,Azerbaijani,Latn,alphabet,1.0,1.0,,direct,0.0
microsoft/Phi-3-medium-4k-instruct,ba,Bashkir,Cyrl,alphabet,0.9429,0.9429,,direct,0.0
microsoft/Phi-3-medium-4k-instruct,bal,Baluchi,Arab,abjad,0.8545,0.8545,,direct,0.0
microsoft/Phi-3-medium-4k-instruct,bas,Basaa,Latn,alphabet,0.9484,0.9484,,direct,0.0
microsoft/Phi-3-medium-4k-instruct,be,Belarusian,Cyrl,alphabet,1.0,1.0,,direct,0.0
microsoft/Phi-3-medium-4k-instruct,bem,Bemba,Latn,alphabet,1.0,1.0,,direct,0.0
microsoft/Phi-3-medium-4k-instruct,bew,Betawi,Latn,alphabet,1.0,1.0,,direct,0.0
microsoft/Phi-3-medium-4k-instruct,bez,Bena,Latn,alphabet,1.0,1.0,,direct,0.0
microsoft/Phi-3-medium-4k-instruct,bg,Bulgarian,Cyrl,alphabet,1.0,1.0,,direct,0.0
microsoft/Phi-3-medium-4k-instruct,bgc,Haryanvi,Deva,abugida,0.6966,0.6966,,direct,0.0
microsoft/Phi-3-medium-4k-instruct,bgn,Western Balochi,Arab,abjad,0.8703,0.8703,,direct,0.0
microsoft/Phi-3-medium-4k-instruct,bho,Bhojpuri,Deva,abugida,0.8,0.8,,direct,0.0
microsoft/Phi-3-medium-4k-instruct,blo,Anii,Latn,alphabet,0.9184,0.9184,,direct,0.0
microsoft/Phi-3-medium-4k-instruct,blt,Tai Dam,Tavt,abugida,0.2,0.2,,direct,0.0
microsoft/Phi-3-medium-4k-instruct,bm,Bambara,Latn,alphabet,1.0,1.0,,direct,0.0
microsoft/Phi-3-medium-4k-instruct,bn,Bangla,Beng,abugida,0.4706,0.4706,,direct,0.0
microsoft/Phi-3-medium-4k-instruct,bo,Tibetan,Tibt,abugida,0.3287,0.3287,,direct,0.0
microsoft/Phi-3-medium-4k-instruct,br,Breton,Latn,alphabet,1.0,1.0,,direct,0.0
microsoft/Phi-3-medium-4k-instruct,brx,Bodo,Deva,abugida,0.6984,0.6984,,direct,0.0
microsoft/Phi-3-medium-4k-instruct,bs,Bosnian,Latn,alphabet,1.0,1.0,,direct,0.0
microsoft/Phi-3-medium-4k-instruct,bss,Akoose,Latn,alphabet,0.9846,0.9846,,direct,0.0
microsoft/Phi-3-medium-4k-instruct,byn,Blin,Ethi,syllabary,0.2,0.2,,within_script_only,0.0
microsoft/Phi-3-medium-4k-instruct,ca,Catalan,Latn,alphabet,1.0,1.0,,direct,0.0
microsoft/Phi-3-medium-4k-instruct,cad,Caddo,Latn,alphabet,0.9733,0.9733,,direct,0.0
microsoft/Phi-3-medium-4k-instruct,cch,Atsam,Latn,alphabet,0.9429,0.9429,,direct,0.0
microsoft/Phi-3-medium-4k-instruct,ccp,Chakma,Cakm,abugida,0.2,0.2,,direct,0.0
microsoft/Phi-3-medium-4k-instruct,ce,Chechen,Cyrl,alphabet,1.0,1.0,,direct,0.0
microsoft/Phi-3-medium-4k-instruct,ceb,Cebuano,Latn,alphabet,1.0,1.0,,direct,0.0
microsoft/Phi-3-medium-4k-instruct,cgg,Chiga,Latn,alphabet,1.0,1.0,,direct,0.0
microsoft/Phi-3-medium-4k-instruct,cho,Choctaw,Latn,alphabet,1.0,1.0,,direct,0.0
microsoft/Phi-3-medium-4k-instruct,chr,Cherokee,Cher,syllabary,0.2,0.2,,within_script_only,0.0
microsoft/Phi-3-medium-4k-instruct,cic,Chickasaw,Latn,alphabet,1.0,1.0,,direct,0.0
microsoft/Phi-3-medium-4k-instruct,ckb,Central Kurdish,Arab,abjad,0.8545,0.8545,,direct,0.0
microsoft/Phi-3-medium-4k-instruct,co,Corsican,Latn,alphabet,1.0,1.0,,direct,0.0
microsoft/Phi-3-medium-4k-instruct,cop,Coptic,Copt,alphabet,0.2,0.2,,direct,0.0
microsoft/Phi-3-medium-4k-instruct,cs,Czech,Latn,alphabet,1.0,1.0,,direct,0.0
microsoft/Phi-3-medium-4k-instruct,csw,Swampy Cree,Cans,syllabary,0.2,0.2,,within_script_only,0.0
microsoft/Phi-3-medium-4k-instruct,cu,Church Slavic,Cyrl,alphabet,0.5889,0.5889,,direct,0.0
microsoft/Phi-3-medium-4k-instruct,cv,Chuvash,Cyrl,alphabet,0.9135,0.9135,,direct,0.0
microsoft/Phi-3-medium-4k-instruct,cy,Welsh,Latn,alphabet,0.9184,0.9184,,direct,0.0
microsoft/Phi-3-medium-4k-instruct,da,Danish,Latn,alphabet,1.0,1.0,,direct,0.0
microsoft/Phi-3-medium-4k-instruct,dav,Taita,Latn,alphabet,1.0,1.0,,direct,0.0
microsoft/Phi-3-medium-4k-instruct,de,German,Latn,alphabet,1.0,1.0,,direct,0.0
microsoft/Phi-3-medium-4k-instruct,dje,Zarma,Latn,alphabet,0.975,0.975,,direct,0.0
microsoft/Phi-3-medium-4k-instruct,doi,Dogri,Deva,abugida,0.6343,0.6343,,direct,0.0
microsoft/Phi-3-medium-4k-instruct,dsb,Lower Sorbian,Latn,alphabet,0.9784,0.9784,,direct,0.0
microsoft/Phi-3-medium-4k-instruct,dua,Duala,Latn,alphabet,0.9515,0.9515,,direct,0.0
microsoft/Phi-3-medium-4k-instruct,dv,Divehi,Thaa,abjad,0.2,0.2,,direct,0.0
microsoft/Phi-3-medium-4k-instruct,dyo,Jola-Fonyi,Latn,alphabet,1.0,1.0,,direct,0.0
microsoft/Phi-3-medium-4k-instruct,dz,Dzongkha,Tibt,abugida,0.3931,0.3931,,direct,0.0
microsoft/Phi-3-medium-4k-instruct,ebu,Embu,Latn,alphabet,1.0,1.0,,direct,0.0
microsoft/Phi-3-medium-4k-instruct,ee,Ewe,Latn,alphabet,0.9667,0.9667,,direct,0.0
microsoft/Phi-3-medium-4k-instruct,el,Greek,Grek,alphabet,0.9333,0.9333,,direct,0.0
microsoft/Phi-3-medium-4k-instruct,en,English,Latn,alphabet,1.0,1.0,,direct,0.0
microsoft/Phi-3-medium-4k-instruct,eo,Esperanto,Latn,alphabet,0.9429,0.9429,,direct,0.0
microsoft/Phi-3-medium-4k-instruct,es,Spanish,Latn,alphabet,1.0,1.0,,direct,0.0
microsoft/Phi-3-medium-4k-instruct,et,Estonian,Latn,alphabet,1.0,1.0,,direct,0.0
microsoft/Phi-3-medium-4k-instruct,eu,Basque,Latn,alphabet,1.0,1.0,,direct,0.0
microsoft/Phi-3-medium-4k-instruct,ewo,Ewondo,Latn,alphabet,0.9846,0.9846,,direct,0.0
microsoft/Phi-3-medium-4k-instruct,fa,Persian,Arab,abjad,0.907,0.907,,direct,0.0
microsoft/Phi-3-medium-4k-instruct,ff,Fula,Latn,alphabet,0.9111,0.9111,,direct,0.0
microsoft/Phi-3-medium-4k-instruct,fi,Finnish,Latn,alphabet,1.0,1.0,,direct,0.0
microsoft/Phi-3-medium-4k-instruct,fil,Filipino,Latn,alphabet,1.0,1.0,,direct,0.0
microsoft/Phi-3-medium-4k-instruct,fo,Faroese,Latn,alphabet,1.0,1.0,,direct,0.0
microsoft/Phi-3-medium-4k-instruct,fr,French,Latn,alphabet,1.0,1.0,,direct,0.0
microsoft/Phi-3-medium-4k-instruct,frr,Northern Frisian,Latn,alphabet,1.0,1.0,,direct,0.0
microsoft/Phi-3-medium-4k-instruct,fur,Friulian,Latn,alphabet,1.0,1.0,,direct,0.0
microsoft/Phi-3-medium-4k-instruct,fy,Western Frisian,Latn,alphabet,1.0,1.0,,direct,0.0
microsoft/Phi-3-medium-4k-instruct,ga,Irish,Latn,alphabet,1.0,1.0,,direct,0.0
microsoft/Phi-3-medium-4k-instruct,gaa,Ga,Latn,alphabet,1.0,1.0,,direct,0.0
microsoft/Phi-3-medium-4k-instruct,gd,Scottish Gaelic,Latn,alphabet,1.0,1.0,,direct,0.0
microsoft/Phi-3-medium-4k-instruct,gez,Geez,Ethi,syllabary,0.2,0.2,,within_script_only,0.0
microsoft/Phi-3-medium-4k-instruct,gl,Galician,Latn,alphabet,1.0,1.0,,direct,0.0
microsoft/Phi-3-medium-4k-instruct,gn,Guarani,Latn,alphabet,0.9733,0.9733,,direct,0.0
microsoft/Phi-3-medium-4k-instruct,gsw,Swiss German,Latn,alphabet,1.0,1.0,,direct,0.0
microsoft/Phi-3-medium-4k-instruct,gu,Gujarati,Gujr,abugida,0.2118,0.2118,,direct,0.0
microsoft/Phi-3-medium-4k-instruct,guz,Gusii,Latn,alphabet,1.0,1.0,,direct,0.0
microsoft/Phi-3-medium-4k-instruct,gv,Manx,Latn,alphabet,1.0,1.0,,direct,0.0
microsoft/Phi-3-medium-4k-instruct,ha,Hausa,Latn,alphabet,0.8815,0.8815,,direct,0.0
microsoft/Phi-3-medium-4k-instruct,haw,Hawaiian,Latn,alphabet,1.0,1.0,,direct,0.0
microsoft/Phi-3-medium-4k-instruct,he,Hebrew,Hebr,abjad,1.0,1.0,,direct,0.0
microsoft/Phi-3-medium-4k-instruct,hi,Hindi,Deva,abugida,0.6537,0.6537,,direct,0.0
microsoft/Phi-3-medium-4k-instruct,hnj,Hmong Njua,Hmnp,alphabet,0.2,0.2,,direct,0.0
microsoft/Phi-3-medium-4k-instruct,hr,Croatian,Latn,alphabet,1.0,1.0,,direct,0.0
microsoft/Phi-3-medium-4k-instruct,hsb,Upper Sorbian,Latn,alphabet,1.0,1.0,,direct,0.0
microsoft/Phi-3-medium-4k-instruct,ht,Haitian Creole,Latn,alphabet,1.0,1.0,,direct,0.0
microsoft/Phi-3-medium-4k-instruct,hu,Hungarian,Latn,alphabet,1.0,1.0,,direct,0.0
microsoft/Phi-3-medium-4k-instruct,hy,Armenian,Armn,alphabet,0.7263,0.7263,,direct,0.0
microsoft/Phi-3-medium-4k-instruct,ia,Interlingua,Latn,alphabet,1.0,1.0,,direct,0.0
microsoft/Phi-3-medium-4k-instruct,id,Indonesian,Latn,alphabet,1.0,1.0,,direct,0.0
microsoft/Phi-3-medium-4k-instruct,ie,Interlingue,Latn,alphabet,1.0,1.0,,direct,0.0
microsoft/Phi-3-medium-4k-instruct,ig,Igbo,Latn,alphabet,1.0,1.0,,direct,0.0
microsoft/Phi-3-medium-4k-instruct,ii,Sichuan Yi,Yiii,syllabary,0.2,0.2,,within_script_only,0.0
microsoft/Phi-3-medium-4k-instruct,io,Ido,Latn,alphabet,1.0,1.0,,direct,0.0
microsoft/Phi-3-medium-4k-instruct,is,Icelandic,Latn,alphabet,1.0,1.0,,direct,0.0
microsoft/Phi-3-medium-4k-instruct,it,Italian,Latn,alphabet,1.0,1.0,,direct,0.0
microsoft/Phi-3-medium-4k-instruct,iu,Inuktitut,Cans,syllabary,0.2,0.2,,within_script_only,0.0
microsoft/Phi-3-medium-4k-instruct,ja,Japanese,Jpan,mixed_logographic,0.435,0.435,,within_script_only,0.0
microsoft/Phi-3-medium-4k-instruct,jbo,Lojban,Latn,alphabet,1.0,1.0,,direct,0.0
microsoft/Phi-3-medium-4k-instruct,jgo,Ngomba,Latn,alphabet,0.9111,0.9111,,direct,0.0
microsoft/Phi-3-medium-4k-instruct,jmc,Machame,Latn,alphabet,1.0,1.0,,direct,0.0
microsoft/Phi-3-medium-4k-instruct,jv,Javanese,Latn,alphabet,1.0,1.0,,direct,0.0
microsoft/Phi-3-medium-4k-instruct,ka,Georgian,Geor,alphabet,0.8061,0.8061,,direct,0.0
microsoft/Phi-3-medium-4k-instruct,kaa,Kara-Kalpak,Cyrl,alphabet,0.9805,0.9805,,direct,0.0
microsoft/Phi-3-medium-4k-instruct,kab,Kabyle,Latn,alphabet,1.0,1.0,,direct,0.0
microsoft/Phi-3-medium-4k-instruct,kaj,Jju,Latn,alphabet,1.0,1.0,,direct,0.0
microsoft/Phi-3-medium-4k-instruct,kam,Kamba,Latn,alphabet,1.0,1.0,,direct,0.0
microsoft/Phi-3-medium-4k-instruct,kcg,Tyap,Latn,alphabet,1.0,1.0,,direct,0.0
microsoft/Phi-3-medium-4k-instruct,kde,Makonde,Latn,alphabet,1.0,1.0,,direct,0.0
microsoft/Phi-3-medium-4k-instruct,kea,Kabuverdianu,Latn,alphabet,1.0,1.0,,direct,0.0
microsoft/Phi-3-medium-4k-instruct,ken,Kenyang,Latn,alphabet,0.9805,0.9805,,direct,0.0
microsoft/Phi-3-medium-4k-instruct,kgp,Kaingang,Latn,alphabet,0.9692,0.9692,,direct,0.0
microsoft/Phi-3-medium-4k-instruct,khq,Koyra Chiini,Latn,alphabet,0.975,0.975,,direct,0.0
microsoft/Phi-3-medium-4k-instruct,ki,Kikuyu,Latn,alphabet,1.0,1.0,,direct,0.0
microsoft/Phi-3-medium-4k-instruct,kk,Kazakh,Cyrl,alphabet,0.981,0.981,,direct,0.0
microsoft/Phi-3-medium-4k-instruct,kkj,Kako,Latn,alphabet,0.9489,0.9489,,direct,0.0
microsoft/Phi-3-medium-4k-instruct,kl,Kalaallisut,Latn,alphabet,1.0,1.0,,direct,0.0
microsoft/Phi-3-medium-4k-instruct,kln,Kalenjin,Latn,alphabet,1.0,1.0,,direct,0.0
microsoft/Phi-3-medium-4k-instruct,km,Khmer,Khmr,abugida,0.2667,0.2667,,direct,0.0
microsoft/Phi-3-medium-4k-instruct,kn,Kannada,Knda,abugida,0.2225,0.2225,,direct,0.0
microsoft/Phi-3-medium-4k-instruct,ko,Korean,Kore,featural_syllabary,0.2079,0.2079,0.2,within_script_only,0.0
microsoft/Phi-3-medium-4k-instruct,kok,Konkani,Deva,abugida,0.5948,0.5948,,direct,0.0
microsoft/Phi-3-medium-4k-instruct,kpe,Kpelle,Latn,alphabet,0.9724,0.9724,,direct,0.0
microsoft/Phi-3-medium-4k-instruct,ks,Kashmiri,Arab,abjad,0.8261,0.8261,,direct,0.0
microsoft/Phi-3-medium-4k-instruct,ksb,Shambala,Latn,alphabet,1.0,1.0,,direct,0.0
microsoft/Phi-3-medium-4k-instruct,ksf,Bafia,Latn,alphabet,0.9765,0.9765,,direct,0.0
microsoft/Phi-3-medium-4k-instruct,ksh,Colognian,Latn,alphabet,1.0,1.0,,direct,0.0
microsoft/Phi-3-medium-4k-instruct,ku,Kurdish,Latn,alphabet,1.0,1.0,,direct,0.0
microsoft/Phi-3-medium-4k-instruct,kw,Cornish,Latn,alphabet,1.0,1.0,,direct,0.0
microsoft/Phi-3-medium-4k-instruct,kxv,Kuvi,Latn,alphabet,1.0,1.0,,direct,0.0
microsoft/Phi-3-medium-4k-instruct,ky,Kyrgyz,Cyrl,alphabet,1.0,1.0,,direct,0.0
microsoft/Phi-3-medium-4k-instruct,la,Latin,Latn,alphabet,1.0,1.0,,direct,0.0
microsoft/Phi-3-medium-4k-instruct,lag,Langi,Latn,alphabet,0.9758,0.9758,,direct,0.0
microsoft/Phi-3-medium-4k-instruct,lb,Luxembourgish,Latn,alphabet,1.0,1.0,,direct,0.0
microsoft/Phi-3-medium-4k-instruct,lg,Ganda,Latn,alphabet,1.0,1.0,,direct,0.0
microsoft/Phi-3-medium-4k-instruct,lij,Ligurian,Latn,alphabet,1.0,1.0,,direct,0.0
microsoft/Phi-3-medium-4k-instruct,lkt,Lakota,Latn,alphabet,0.9733,0.9733,,direct,0.0
microsoft/Phi-3-medium-4k-instruct,lld,lld,Latn,alphabet,1.0,1.0,,direct,0.0
microsoft/Phi-3-medium-4k-instruct,lmo,Lombard,Latn,alphabet,1.0,1.0,,direct,0.0
microsoft/Phi-3-medium-4k-instruct,ln,Lingala,Latn,alphabet,1.0,1.0,,direct,0.0
microsoft/Phi-3-medium-4k-instruct,lo,Lao,Laoo,abugida,0.2,0.2,,direct,0.0
microsoft/Phi-3-medium-4k-instruct,lrc,Northern Luri,Arab,abjad,0.8512,0.8512,,direct,0.0
microsoft/Phi-3-medium-4k-instruct,lt,Lithuanian,Latn,alphabet,1.0,1.0,,direct,0.0
microsoft/Phi-3-medium-4k-instruct,ltg,Latgalian,Latn,alphabet,0.9771,0.9771,,direct,0.0
microsoft/Phi-3-medium-4k-instruct,lu,Luba-Katanga,Latn,alphabet,1.0,1.0,,direct,0.0
microsoft/Phi-3-medium-4k-instruct,luo,Luo,Latn,alphabet,1.0,1.0,,direct,0.0
microsoft/Phi-3-medium-4k-instruct,luy,Luyia,Latn,alphabet,1.0,1.0,,direct,0.0
microsoft/Phi-3-medium-4k-instruct,lv,Latvian,Latn,alphabet,0.9758,0.9758,,direct,0.0
microsoft/Phi-3-medium-4k-instruct,mai,Maithili,Deva,abugida,0.84,0.84,,direct,0.0
microsoft/Phi-3-medium-4k-instruct,mas,Masai,Latn,alphabet,0.983,0.983,,direct,0.0
microsoft/Phi-3-medium-4k-instruct,mdf,Moksha,Cyrl,alphabet,1.0,1.0,,direct,0.0
microsoft/Phi-3-medium-4k-instruct,mer,Meru,Latn,alphabet,1.0,1.0,,direct,0.0
microsoft/Phi-3-medium-4k-instruct,mfe,Morisyen,Latn,alphabet,1.0,1.0,,direct,0.0
microsoft/Phi-3-medium-4k-instruct,mg,Malagasy,Latn,alphabet,1.0,1.0,,direct,0.0
microsoft/Phi-3-medium-4k-instruct,mgh,Makhuwa-Meetto,Latn,alphabet,1.0,1.0,,direct,0.0
microsoft/Phi-3-medium-4k-instruct,mgo,Metaʼ,Latn,alphabet,1.0,1.0,,direct,0.0
microsoft/Phi-3-medium-4k-instruct,mhn,mhn,Latn,alphabet,1.0,1.0,,direct,0.0
microsoft/Phi-3-medium-4k-instruct,mi,Māori,Latn,alphabet,1.0,1.0,,direct,0.0
microsoft/Phi-3-medium-4k-instruct,mic,Mi'kmaw,Latn,alphabet,1.0,1.0,,direct,0.0
microsoft/Phi-3-medium-4k-instruct,mk,Macedonian,Cyrl,alphabet,0.9226,0.9226,,direct,0.0
microsoft/Phi-3-medium-4k-instruct,ml,Malayalam,Mlym,abugida,0.5608,0.5608,,direct,0.0
microsoft/Phi-3-medium-4k-instruct,mn,Mongolian,Cyrl,alphabet,1.0,1.0,,direct,0.0
microsoft/Phi-3-medium-4k-instruct,mni,Manipuri,Beng,abugida,0.5119,0.5119,,direct,0.0
microsoft/Phi-3-medium-4k-instruct,moh,Mohawk,Latn,alphabet,1.0,1.0,,direct,0.0
microsoft/Phi-3-medium-4k-instruct,mr,Marathi,Deva,abugida,0.6625,0.6625,,direct,0.0
microsoft/Phi-3-medium-4k-instruct,ms,Malay,Latn,alphabet,1.0,1.0,,direct,0.0
microsoft/Phi-3-medium-4k-instruct,mt,Maltese,Latn,alphabet,1.0,1.0,,direct,0.0
microsoft/Phi-3-medium-4k-instruct,mua,Mundang,Latn,alphabet,0.903,0.903,,direct,0.0
microsoft/Phi-3-medium-4k-instruct,mus,Muscogee,Latn,alphabet,1.0,1.0,,direct,0.0
microsoft/Phi-3-medium-4k-instruct,my,Burmese,Mymr,abugida,0.4,0.4,,direct,0.0
microsoft/Phi-3-medium-4k-instruct,myv,Erzya,Cyrl,alphabet,1.0,1.0,,direct,0.0
microsoft/Phi-3-medium-4k-instruct,mzn,Mazanderani,Arab,abjad,0.907,0.907,,direct,0.0
microsoft/Phi-3-medium-4k-instruct,naq,Nama,Latn,alphabet,0.8968,0.8968,,direct,0.0
microsoft/Phi-3-medium-4k-instruct,nd,North Ndebele,Latn,alphabet,1.0,1.0,,direct,0.0
microsoft/Phi-3-medium-4k-instruct,nds,Low German,Latn,alphabet,1.0,1.0,,direct,0.0
microsoft/Phi-3-medium-4k-instruct,ne,Nepali,Deva,abugida,0.6537,0.6537,,direct,0.0
microsoft/Phi-3-medium-4k-instruct,nl,Dutch,Latn,alphabet,1.0,1.0,,direct,0.0
microsoft/Phi-3-medium-4k-instruct,nmg,Kwasio,Latn,alphabet,0.9579,0.9579,,direct,0.0
microsoft/Phi-3-medium-4k-instruct,nnh,Ngiemboon,Latn,alphabet,0.9556,0.9556,,direct,0.0
microsoft/Phi-3-medium-4k-instruct,no,Norwegian,Latn,alphabet,1.0,1.0,,direct,0.0
microsoft/Phi-3-medium-4k-instruct,nqo,N’Ko,Nkoo,alphabet,0.2195,0.2195,,direct,0.0
microsoft/Phi-3-medium-4k-instruct,nr,South Ndebele,Latn,alphabet,1.0,1.0,,direct,0.0
microsoft/Phi-3-medium-4k-instruct,nso,Northern Sotho,Latn,alphabet,1.0,1.0,,direct,0.0
microsoft/Phi-3-medium-4k-instruct,nus,Nuer,Latn,alphabet,1.0,1.0,,direct,0.0
microsoft/Phi-3-medium-4k-instruct,nv,Navajo,Latn,alphabet,1.0,1.0,,direct,0.0
microsoft/Phi-3-medium-4k-instruct,ny,Nyanja,Latn,alphabet,0.9667,0.9667,,direct,0.0
microsoft/Phi-3-medium-4k-instruct,nyn,Nyankole,Latn,alphabet,1.0,1.0,,direct,0.0
microsoft/Phi-3-medium-4k-instruct,oc,Occitan,Latn,alphabet,1.0,1.0,,direct,0.0
microsoft/Phi-3-medium-4k-instruct,om,Oromo,Latn,alphabet,1.0,1.0,,direct,0.0
microsoft/Phi-3-medium-4k-instruct,or,Odia,Orya,abugida,0.2,0.2,,direct,0.0
microsoft/Phi-3-medium-4k-instruct,os,Ossetic,Cyrl,alphabet,0.9765,0.9765,,direct,0.0
microsoft/Phi-3-medium-4k-instruct,osa,Osage,Osge,alphabet,0.24,0.24,,direct,0.0
microsoft/Phi-3-medium-4k-instruct,pa,Punjabi,Guru,abugida,0.2471,0.2471,,direct,0.0
microsoft/Phi-3-medium-4k-instruct,pap,Papiamento,Latn,alphabet,1.0,1.0,,direct,0.0
microsoft/Phi-3-medium-4k-instruct,pcm,Nigerian Pidgin,Latn,alphabet,0.975,0.975,,direct,0.0
microsoft/Phi-3-medium-4k-instruct,pis,Pijin,Latn,alphabet,1.0,1.0,,direct,0.0
microsoft/Phi-3-medium-4k-instruct,pl,Polish,Latn,alphabet,1.0,1.0,,direct,0.0
microsoft/Phi-3-medium-4k-instruct,prg,Prussian,Latn,alphabet,0.9385,0.9385,,direct,0.0
microsoft/Phi-3-medium-4k-instruct,ps,Pashto,Arab,abjad,0.7733,0.7733,,direct,0.0
microsoft/Phi-3-medium-4k-instruct,pt,Portuguese,Latn,alphabet,1.0,1.0,,direct,0.0
microsoft/Phi-3-medium-4k-instruct,qu,Quechua,Latn,alphabet,1.0,1.0,,direct,0.0
microsoft/Phi-3-medium-4k-instruct,quc,Kʼicheʼ,Latn,alphabet,1.0,1.0,,direct,0.0
microsoft/Phi-3-medium-4k-instruct,raj,Rajasthani,Deva,abugida,0.7878,0.7878,,direct,0.0
microsoft/Phi-3-medium-4k-instruct,rhg,Rohingya,Rohg,abjad,0.2,0.2,,direct,0.0
microsoft/Phi-3-medium-4k-instruct,rif,Riffian,Latn,alphabet,1.0,1.0,,direct,0.0
microsoft/Phi-3-medium-4k-instruct,rm,Romansh,Latn,alphabet,1.0,1.0,,direct,0.0
microsoft/Phi-3-medium-4k-instruct,rn,Rundi,Latn,alphabet,1.0,1.0,,direct,0.0
microsoft/Phi-3-medium-4k-instruct,ro,Romanian,Latn,alphabet,1.0,1.0,,direct,0.0
microsoft/Phi-3-medium-4k-instruct,rof,Rombo,Latn,alphabet,1.0,1.0,,direct,0.0
microsoft/Phi-3-medium-4k-instruct,ru,Russian,Cyrl,alphabet,1.0,1.0,,direct,0.0
microsoft/Phi-3-medium-4k-instruct,rw,Kinyarwanda,Latn,alphabet,1.0,1.0,,direct,0.0
microsoft/Phi-3-medium-4k-instruct,rwk,Rwa,Latn,alphabet,1.0,1.0,,direct,0.0
microsoft/Phi-3-medium-4k-instruct,sa,Sanskrit,Deva,abugida,0.6343,0.6343,,direct,0.0
microsoft/Phi-3-medium-4k-instruct,sah,Yakut,Cyrl,alphabet,0.9077,0.9077,,direct,0.0
microsoft/Phi-3-medium-4k-instruct,saq,Samburu,Latn,alphabet,1.0,1.0,,direct,0.0
microsoft/Phi-3-medium-4k-instruct,sat,Santali,Olck,alphabet,0.2,0.2,,direct,0.0
microsoft/Phi-3-medium-4k-instruct,sbp,Sangu,Latn,alphabet,1.0,1.0,,direct,0.0
microsoft/Phi-3-medium-4k-instruct,sc,Sardinian,Latn,alphabet,1.0,1.0,,direct,0.0
microsoft/Phi-3-medium-4k-instruct,scn,Sicilian,Latn,alphabet,1.0,1.0,,direct,0.0
microsoft/Phi-3-medium-4k-instruct,sd,Sindhi,Arab,abjad,0.7231,0.7231,,direct,0.0
microsoft/Phi-3-medium-4k-instruct,sdh,Southern Kurdish,Arab,abjad,0.8353,0.8353,,direct,0.0
microsoft/Phi-3-medium-4k-instruct,se,Northern Sami,Latn,alphabet,0.9724,0.9724,,direct,0.0
microsoft/Phi-3-medium-4k-instruct,seh,Sena,Latn,alphabet,1.0,1.0,,direct,0.0
microsoft/Phi-3-medium-4k-instruct,ses,Koyraboro Senni,Latn,alphabet,0.975,0.975,,direct,0.0
microsoft/Phi-3-medium-4k-instruct,sg,Sango,Latn,alphabet,1.0,1.0,,direct,0.0
microsoft/Phi-3-medium-4k-instruct,shi,Tachelhit,Tfng,alphabet,0.225,0.225,,direct,0.0
microsoft/Phi-3-medium-4k-instruct,shn,Shan,Mymr,abugida,0.4261,0.4261,,direct,0.0
microsoft/Phi-3-medium-4k-instruct,si,Sinhala,Sinh,abugida,0.2865,0.2865,,direct,0.0
microsoft/Phi-3-medium-4k-instruct,sid,Sidamo,Latn,alphabet,1.0,1.0,,direct,0.0
microsoft/Phi-3-medium-4k-instruct,sk,Slovak,Latn,alphabet,0.9628,0.9628,,direct,0.0
microsoft/Phi-3-medium-4k-instruct,skr,skr,Arab,abjad,0.7878,0.7878,,direct,0.0
microsoft/Phi-3-medium-4k-instruct,sl,Slovenian,Latn,alphabet,1.0,1.0,,direct,0.0
microsoft/Phi-3-medium-4k-instruct,sma,Southern Sami,Latn,alphabet,1.0,1.0,,direct,0.0
microsoft/Phi-3-medium-4k-instruct,smj,Lule Sami,Latn,alphabet,1.0,1.0,,direct,0.0
microsoft/Phi-3-medium-4k-instruct,smn,Inari Sami,Latn,alphabet,1.0,1.0,,direct,0.0
microsoft/Phi-3-medium-4k-instruct,sms,Skolt Sami,Latn,alphabet,0.9333,0.9333,,direct,0.0
microsoft/Phi-3-medium-4k-instruct,sn,Shona,Latn,alphabet,1.0,1.0,,direct,0.0
microsoft/Phi-3-medium-4k-instruct,so,Somali,Latn,alphabet,1.0,1.0,,direct,0.0
microsoft/Phi-3-medium-4k-instruct,sq,Albanian,Latn,alphabet,1.0,1.0,,direct,0.0
microsoft/Phi-3-medium-4k-instruct,sr,Serbian,Cyrl,alphabet,1.0,1.0,,direct,0.0
microsoft/Phi-3-medium-4k-instruct,ss,Swati,Latn,alphabet,1.0,1.0,,direct,0.0
microsoft/Phi-3-medium-4k-instruct,ssy,Saho,Latn,alphabet,1.0,1.0,,direct,0.0
microsoft/Phi-3-medium-4k-instruct,st,Southern Sotho,Latn,alphabet,1.0,1.0,,direct,0.0
microsoft/Phi-3-medium-4k-instruct,su,Sundanese,Latn,alphabet,1.0,1.0,,direct,0.0
microsoft/Phi-3-medium-4k-instruct,sv,Swedish,Latn,alphabet,1.0,1.0,,direct,0.0
microsoft/Phi-3-medium-4k-instruct,sw,Swahili,Latn,alphabet,1.0,1.0,,direct,0.0
microsoft/Phi-3-medium-4k-instruct,syr,Syriac,Syrc,abjad,0.2229,0.2229,,direct,0.0
microsoft/Phi-3-medium-4k-instruct,szl,Silesian,Latn,alphabet,1.0,1.0,,direct,0.0
microsoft/Phi-3-medium-4k-instruct,ta,Tamil,Taml,abugida,0.5234,0.5234,,direct,0.0
microsoft/Phi-3-medium-4k-instruct,te,Telugu,Telu,abugida,0.2114,0.2114,,direct,0.0
microsoft/Phi-3-medium-4k-instruct,teo,Teso,Latn,alphabet,1.0,1.0,,direct,0.0
microsoft/Phi-3-medium-4k-instruct,tg,Tajik,Cyrl,alphabet,0.9086,0.9086,,direct,0.0
microsoft/Phi-3-medium-4k-instruct,th,Thai,Thai,abugida,0.6822,0.6822,,direct,0.0
microsoft/Phi-3-medium-4k-instruct,ti,Tigrinya,Ethi,syllabary,0.2,0.2,,within_script_only,0.0
microsoft/Phi-3-medium-4k-instruct,tig,Tigre,Ethi,syllabary,0.2,0.2,,within_script_only,0.0
microsoft/Phi-3-medium-4k-instruct,tk,Turkmen,Latn,alphabet,1.0,1.0,,direct,0.0
microsoft/Phi-3-medium-4k-instruct,tn,Tswana,Latn,alphabet,1.0,1.0,,direct,0.0
microsoft/Phi-3-medium-4k-instruct,to,Tongan,Latn,alphabet,1.0,1.0,,direct,0.0
microsoft/Phi-3-medium-4k-instruct,tok,Toki Pona,Latn,alphabet,1.0,1.0,,direct,0.0
microsoft/Phi-3-medium-4k-instruct,tpi,Tok Pisin,Latn,alphabet,1.0,1.0,,direct,0.0
microsoft/Phi-3-medium-4k-instruct,tr,Turkish,Latn,alphabet,1.0,1.0,,direct,0.0
microsoft/Phi-3-medium-4k-instruct,trv,Taroko,Latn,alphabet,1.0,1.0,,direct,0.0
microsoft/Phi-3-medium-4k-instruct,trw,Torwali,Arab,abjad,0.8167,0.8167,,direct,0.0
microsoft/Phi-3-medium-4k-instruct,ts,Tsonga,Latn,alphabet,1.0,1.0,,direct,0.0
microsoft/Phi-3-medium-4k-instruct,tt,Tatar,Cyrl,alphabet,0.959,0.959,,direct,0.0
microsoft/Phi-3-medium-4k-instruct,twq,Tasawaq,Latn,alphabet,0.975,0.975,,direct,0.0
microsoft/Phi-3-medium-4k-instruct,tyv,Tuvinian,Cyrl,alphabet,1.0,1.0,,direct,0.0
microsoft/Phi-3-medium-4k-instruct,tzm,Central Atlas Tamazight,Latn,alphabet,1.0,1.0,,direct,0.0
microsoft/Phi-3-medium-4k-instruct,ug,Uyghur,Arab,abjad,0.8353,0.8353,,direct,0.0
microsoft/Phi-3-medium-4k-instruct,uk,Ukrainian,Cyrl,alphabet,1.0,1.0,,direct,0.0
microsoft/Phi-3-medium-4k-instruct,ur,Urdu,Arab,abjad,0.9158,0.9158,,direct,0.0
microsoft/Phi-3-medium-4k-instruct,uz,Uzbek,Latn,alphabet,1.0,1.0,,direct,0.0
microsoft/Phi-3-medium-4k-instruct,vai,Vai,Vaii,syllabary,0.2,0.2,,within_script_only,0.0
microsoft/Phi-3-medium-4k-instruct,ve,Venda,Latn,alphabet,0.8857,0.8857,,direct,0.0
microsoft/Phi-3-medium-4k-instruct,vec,Venetian,Latn,alphabet,1.0,1.0,,direct,0.0
microsoft/Phi-3-medium-4k-instruct,vi,Vietnamese,Latn,alphabet,0.8292,0.8292,,direct,0.0
microsoft/Phi-3-medium-4k-instruct,vmw,Makhuwa,Latn,alphabet,1.0,1.0,,direct,0.0
microsoft/Phi-3-medium-4k-instruct,vo,Volapük,Latn,alphabet,1.0,1.0,,direct,0.0
microsoft/Phi-3-medium-4k-instruct,vun,Vunjo,Latn,alphabet,1.0,1.0,,direct,0.0
microsoft/Phi-3-medium-4k-instruct,wa,Walloon,Latn,alphabet,1.0,1.0,,direct,0.0
microsoft/Phi-3-medium-4k-instruct,wae,Walser,Latn,alphabet,1.0,1.0,,direct,0.0
microsoft/Phi-3-medium-4k-instruct,wal,Wolaytta,Ethi,syllabary,0.2,0.2,,within_script_only,0.0
microsoft/Phi-3-medium-4k-instruct,wbp,Warlpiri,Latn,alphabet,1.0,1.0,,direct,0.0
microsoft/Phi-3-medium-4k-instruct,wo,Wolof,Latn,alphabet,1.0,1.0,,direct,0.0
microsoft/Phi-3-medium-4k-instruct,xh,Xhosa,Latn,alphabet,1.0,1.0,,direct,0.0
microsoft/Phi-3-medium-4k-instruct,xnr,Kangri,Deva,abugida,0.6727,0.6727,,direct,0.0
microsoft/Phi-3-medium-4k-instruct,xog,Soga,Latn,alphabet,1.0,1.0,,direct,0.0
microsoft/Phi-3-medium-4k-instruct,yav,Yangben,Latn,alphabet,1.0,1.0,,direct,0.0
microsoft/Phi-3-medium-4k-instruct,yi,Yiddish,Hebr,abjad,0.9294,0.9294,,direct,0.0
microsoft/Phi-3-medium-4k-instruct,yo,Yoruba,Latn,alphabet,0.94,0.94,,direct,0.0
microsoft/Phi-3-medium-4k-instruct,yrl,Nheengatu,Latn,alphabet,0.9619,0.9619,,direct,0.0
microsoft/Phi-3-medium-4k-instruct,yue,Cantonese,Hant,logographic,0.372,0.372,,within_script_only,0.0
microsoft/Phi-3-medium-4k-instruct,za,Zhuang,Latn,alphabet,1.0,1.0,,direct,0.0
microsoft/Phi-3-medium-4k-instruct,zgh,Standard Moroccan Tamazight,Tfng,alphabet,0.225,0.225,,direct,0.0
microsoft/Phi-3-medium-4k-instruct,zh,Chinese,Hans,logographic,0.4168,0.4168,,within_script_only,0.0
microsoft/Phi-3-medium-4k-instruct,zu,Zulu,Latn,alphabet,1.0,1.0,,direct,0.0
microsoft/Phi-3.5-mini-instruct,aa,Afar,Latn,alphabet,1.0,1.0,,direct,0.0
microsoft/Phi-3.5-mini-instruct,ab,Abkhazian,Cyrl,alphabet,0.78,0.78,,direct,0.0
microsoft/Phi-3.5-mini-instruct,af,Afrikaans,Latn,alphabet,1.0,1.0,,direct,0.0
microsoft/Phi-3.5-mini-instruct,agq,Aghem,Latn,alphabet,0.9846,0.9846,,direct,0.0
microsoft/Phi-3.5-mini-instruct,ak,Akan,Latn,alphabet,1.0,1.0,,direct,0.0
microsoft/Phi-3.5-mini-instruct,am,Amharic,Ethi,syllabary,0.2,0.2,,within_script_only,0.0
microsoft/Phi-3.5-mini-instruct,an,Aragonese,Latn,alphabet,1.0,1.0,,direct,0.0
microsoft/Phi-3.5-mini-instruct,ann,Obolo,Latn,alphabet,0.9795,0.9795,,direct,0.0
microsoft/Phi-3.5-mini-instruct,apc,apc,Arab,abjad,0.9289,0.9289,,direct,0.0
microsoft/Phi-3.5-mini-instruct,ar,Arabic,Arab,abjad,0.9289,0.9289,,direct,0.0
microsoft/Phi-3.5-mini-instruct,arn,Mapuche,Latn,alphabet,0.936,0.936,,direct,0.0
microsoft/Phi-3.5-mini-instruct,as,Assamese,Beng,abugida,0.4983,0.4983,,direct,0.0
microsoft/Phi-3.5-mini-instruct,asa,Asu,Latn,alphabet,1.0,1.0,,direct,0.0
microsoft/Phi-3.5-mini-instruct,ast,Asturian,Latn,alphabet,1.0,1.0,,direct,0.0
microsoft/Phi-3.5-mini-instruct,az,Azerbaijani,Latn,alphabet,1.0,1.0,,direct,0.0
microsoft/Phi-3.5-mini-instruct,ba,Bashkir,Cyrl,alphabet,0.9429,0.9429,,direct,0.0
microsoft/Phi-3.5-mini-instruct,bal,Baluchi,Arab,abjad,0.8545,0.8545,,direct,0.0
microsoft/Phi-3.5-mini-instruct,bas,Basaa,Latn,alphabet,0.9484,0.9484,,direct,0.0
microsoft/Phi-3.5-mini-instruct,be,Belarusian,Cyrl,alphabet,1.0,1.0,,direct,0.0
microsoft/Phi-3.5-mini-instruct,bem,Bemba,Latn,alphabet,1.0,1.0,,direct,0.0
microsoft/Phi-3.5-mini-instruct,bew,Betawi,Latn,alphabet,1.0,1.0,,direct,0.0
microsoft/Phi-3.5-mini-instruct,bez,Bena,Latn,alphabet,1.0,1.0,,direct,0.0
microsoft/Phi-3.5-mini-instruct,bg,Bulgarian,Cyrl,alphabet,1.0,1.0,,direct,0.0
microsoft/Phi-3.5-mini-instruct,bgc,Haryanvi,Deva,abugida,0.6966,0.6966,,direct,0.0
microsoft/Phi-3.5-mini-instruct,bgn,Western Balochi,Arab,abjad,0.8703,0.8703,,direct,0.0
microsoft/Phi-3.5-mini-instruct,bho,Bhojpuri,Deva,abugida,0.8,0.8,,direct,0.0
microsoft/Phi-3.5-mini-instruct,blo,Anii,Latn,alphabet,0.9184,0.9184,,direct,0.0
microsoft/Phi-3.5-mini-instruct,blt,Tai Dam,Tavt,abugida,0.2,0.2,,direct,0.0
microsoft/Phi-3.5-mini-instruct,bm,Bambara,Latn,alphabet,1.0,1.0,,direct,0.0
microsoft/Phi-3.5-mini-instruct,bn,Bangla,Beng,abugida,0.4706,0.4706,,direct,0.0
microsoft/Phi-3.5-mini-instruct,bo,Tibetan,Tibt,abugida,0.3287,0.3287,,direct,0.0
microsoft/Phi-3.5-mini-instruct,br,Breton,Latn,alphabet,1.0,1.0,,direct,0.0
microsoft/Phi-3.5-mini-instruct,brx,Bodo,Deva,abugida,0.6984,0.6984,,direct,0.0
microsoft/Phi-3.5-mini-instruct,bs,Bosnian,Latn,alphabet,1.0,1.0,,direct,0.0
microsoft/Phi-3.5-mini-instruct,bss,Akoose,Latn,alphabet,0.9846,0.9846,,direct,0.0
microsoft/Phi-3.5-mini-instruct,byn,Blin,Ethi,syllabary,0.2,0.2,,within_script_only,0.0
microsoft/Phi-3.5-mini-instruct,ca,Catalan,Latn,alphabet,1.0,1.0,,direct,0.0
microsoft/Phi-3.5-mini-instruct,cad,Caddo,Latn,alphabet,0.9733,0.9733,,direct,0.0
microsoft/Phi-3.5-mini-instruct,cch,Atsam,Latn,alphabet,0.9429,0.9429,,direct,0.0
microsoft/Phi-3.5-mini-instruct,ccp,Chakma,Cakm,abugida,0.2,0.2,,direct,0.0
microsoft/Phi-3.5-mini-instruct,ce,Chechen,Cyrl,alphabet,1.0,1.0,,direct,0.0
microsoft/Phi-3.5-mini-instruct,ceb,Cebuano,Latn,alphabet,1.0,1.0,,direct,0.0
microsoft/Phi-3.5-mini-instruct,cgg,Chiga,Latn,alphabet,1.0,1.0,,direct,0.0
microsoft/Phi-3.5-mini-instruct,cho,Choctaw,Latn,alphabet,1.0,1.0,,direct,0.0
microsoft/Phi-3.5-mini-instruct,chr,Cherokee,Cher,syllabary,0.2,0.2,,within_script_only,0.0
microsoft/Phi-3.5-mini-instruct,cic,Chickasaw,Latn,alphabet,1.0,1.0,,direct,0.0
microsoft/Phi-3.5-mini-instruct,ckb,Central Kurdish,Arab,abjad,0.8545,0.8545,,direct,0.0
microsoft/Phi-3.5-mini-instruct,co,Corsican,Latn,alphabet,1.0,1.0,,direct,0.0
microsoft/Phi-3.5-mini-instruct,cop,Coptic,Copt,alphabet,0.2,0.2,,direct,0.0
microsoft/Phi-3.5-mini-instruct,cs,Czech,Latn,alphabet,1.0,1.0,,direct,0.0
microsoft/Phi-3.5-mini-instruct,csw,Swampy Cree,Cans,syllabary,0.2,0.2,,within_script_only,0.0
microsoft/Phi-3.5-mini-instruct,cu,Church Slavic,Cyrl,alphabet,0.5889,0.5889,,direct,0.0
microsoft/Phi-3.5-mini-instruct,cv,Chuvash,Cyrl,alphabet,0.9135,0.9135,,direct,0.0
microsoft/Phi-3.5-mini-instruct,cy,Welsh,Latn,alphabet,0.9184,0.9184,,direct,0.0
microsoft/Phi-3.5-mini-instruct,da,Danish,Latn,alphabet,1.0,1.0,,direct,0.0
microsoft/Phi-3.5-mini-instruct,dav,Taita,Latn,alphabet,1.0,1.0,,direct,0.0
microsoft/Phi-3.5-mini-instruct,de,German,Latn,alphabet,1.0,1.0,,direct,0.0
microsoft/Phi-3.5-mini-instruct,dje,Zarma,Latn,alphabet,0.975,0.975,,direct,0.0
microsoft/Phi-3.5-mini-instruct,doi,Dogri,Deva,abugida,0.6343,0.6343,,direct,0.0
microsoft/Phi-3.5-mini-instruct,dsb,Lower Sorbian,Latn,alphabet,0.9784,0.9784,,direct,0.0
microsoft/Phi-3.5-mini-instruct,dua,Duala,Latn,alphabet,0.9515,0.9515,,direct,0.0
microsoft/Phi-3.5-mini-instruct,dv,Divehi,Thaa,abjad,0.2,0.2,,direct,0.0
microsoft/Phi-3.5-mini-instruct,dyo,Jola-Fonyi,Latn,alphabet,1.0,1.0,,direct,0.0
microsoft/Phi-3.5-mini-instruct,dz,Dzongkha,Tibt,abugida,0.3931,0.3931,,direct,0.0
microsoft/Phi-3.5-mini-instruct,ebu,Embu,Latn,alphabet,1.0,1.0,,direct,0.0
microsoft/Phi-3.5-mini-instruct,ee,Ewe,Latn,alphabet,0.9667,0.9667,,direct,0.0
microsoft/Phi-3.5-mini-instruct,el,Greek,Grek,alphabet,0.9333,0.9333,,direct,0.0
microsoft/Phi-3.5-mini-instruct,en,English,Latn,alphabet,1.0,1.0,,direct,0.0
microsoft/Phi-3.5-mini-instruct,eo,Esperanto,Latn,alphabet,0.9429,0.9429,,direct,0.0
microsoft/Phi-3.5-mini-instruct,es,Spanish,Latn,alphabet,1.0,1.0,,direct,0.0
microsoft/Phi-3.5-mini-instruct,et,Estonian,Latn,alphabet,1.0,1.0,,direct,0.0
microsoft/Phi-3.5-mini-instruct,eu,Basque,Latn,alphabet,1.0,1.0,,direct,0.0
microsoft/Phi-3.5-mini-instruct,ewo,Ewondo,Latn,alphabet,0.9846,0.9846,,direct,0.0
microsoft/Phi-3.5-mini-instruct,fa,Persian,Arab,abjad,0.907,0.907,,direct,0.0
microsoft/Phi-3.5-mini-instruct,ff,Fula,Latn,alphabet,0.9111,0.9111,,direct,0.0
microsoft/Phi-3.5-mini-instruct,fi,Finnish,Latn,alphabet,1.0,1.0,,direct,0.0
microsoft/Phi-3.5-mini-instruct,fil,Filipino,Latn,alphabet,1.0,1.0,,direct,0.0
microsoft/Phi-3.5-mini-instruct,fo,Faroese,Latn,alphabet,1.0,1.0,,direct,0.0
microsoft/Phi-3.5-mini-instruct,fr,French,Latn,alphabet,1.0,1.0,,direct,0.0
microsoft/Phi-3.5-mini-instruct,frr,Northern Frisian,Latn,alphabet,1.0,1.0,,direct,0.0
microsoft/Phi-3.5-mini-instruct,fur,Friulian,Latn,alphabet,1.0,1.0,,direct,0.0
microsoft/Phi-3.5-mini-instruct,fy,Western Frisian,Latn,alphabet,1.0,1.0,,direct,0.0
microsoft/Phi-3.5-mini-instruct,ga,Irish,Latn,alphabet,1.0,1.0,,direct,0.0
microsoft/Phi-3.5-mini-instruct,gaa,Ga,Latn,alphabet,1.0,1.0,,direct,0.0
microsoft/Phi-3.5-mini-instruct,gd,Scottish Gaelic,Latn,alphabet,1.0,1.0,,direct,0.0
microsoft/Phi-3.5-mini-instruct,gez,Geez,Ethi,syllabary,0.2,0.2,,within_script_only,0.0
microsoft/Phi-3.5-mini-instruct,gl,Galician,Latn,alphabet,1.0,1.0,,direct,0.0
microsoft/Phi-3.5-mini-instruct,gn,Guarani,Latn,alphabet,0.9733,0.9733,,direct,0.0
microsoft/Phi-3.5-mini-instruct,gsw,Swiss German,Latn,alphabet,1.0,1.0,,direct,0.0
microsoft/Phi-3.5-mini-instruct,gu,Gujarati,Gujr,abugida,0.2118,0.2118,,direct,0.0
microsoft/Phi-3.5-mini-instruct,guz,Gusii,Latn,alphabet,1.0,1.0,,direct,0.0
microsoft/Phi-3.5-mini-instruct,gv,Manx,Latn,alphabet,1.0,1.0,,direct,0.0
microsoft/Phi-3.5-mini-instruct,ha,Hausa,Latn,alphabet,0.8815,0.8815,,direct,0.0
microsoft/Phi-3.5-mini-instruct,haw,Hawaiian,Latn,alphabet,1.0,1.0,,direct,0.0
microsoft/Phi-3.5-mini-instruct,he,Hebrew,Hebr,abjad,1.0,1.0,,direct,0.0
microsoft/Phi-3.5-mini-instruct,hi,Hindi,Deva,abugida,0.6537,0.6537,,direct,0.0
microsoft/Phi-3.5-mini-instruct,hnj,Hmong Njua,Hmnp,alphabet,0.2,0.2,,direct,0.0
microsoft/Phi-3.5-mini-instruct,hr,Croatian,Latn,alphabet,1.0,1.0,,direct,0.0
microsoft/Phi-3.5-mini-instruct,hsb,Upper Sorbian,Latn,alphabet,1.0,1.0,,direct,0.0
microsoft/Phi-3.5-mini-instruct,ht,Haitian Creole,Latn,alphabet,1.0,1.0,,direct,0.0
microsoft/Phi-3.5-mini-instruct,hu,Hungarian,Latn,alphabet,1.0,1.0,,direct,0.0
microsoft/Phi-3.5-mini-instruct,hy,Armenian,Armn,alphabet,0.7263,0.7263,,direct,0.0
microsoft/Phi-3.5-mini-instruct,ia,Interlingua,Latn,alphabet,1.0,1.0,,direct,0.0
microsoft/Phi-3.5-mini-instruct,id,Indonesian,Latn,alphabet,1.0,1.0,,direct,0.0
microsoft/Phi-3.5-mini-instruct,ie,Interlingue,Latn,alphabet,1.0,1.0,,direct,0.0
microsoft/Phi-3.5-mini-instruct,ig,Igbo,Latn,alphabet,1.0,1.0,,direct,0.0
microsoft/Phi-3.5-mini-instruct,ii,Sichuan Yi,Yiii,syllabary,0.2,0.2,,within_script_only,0.0
microsoft/Phi-3.5-mini-instruct,io,Ido,Latn,alphabet,1.0,1.0,,direct,0.0
microsoft/Phi-3.5-mini-instruct,is,Icelandic,Latn,alphabet,1.0,1.0,,direct,0.0
microsoft/Phi-3.5-mini-instruct,it,Italian,Latn,alphabet,1.0,1.0,,direct,0.0
microsoft/Phi-3.5-mini-instruct,iu,Inuktitut,Cans,syllabary,0.2,0.2,,within_script_only,0.0
microsoft/Phi-3.5-mini-instruct,ja,Japanese,Jpan,mixed_logographic,0.435,0.435,,within_script_only,0.0
microsoft/Phi-3.5-mini-instruct,jbo,Lojban,Latn,alphabet,1.0,1.0,,direct,0.0
microsoft/Phi-3.5-mini-instruct,jgo,Ngomba,Latn,alphabet,0.9111,0.9111,,direct,0.0
microsoft/Phi-3.5-mini-instruct,jmc,Machame,Latn,alphabet,1.0,1.0,,direct,0.0
microsoft/Phi-3.5-mini-instruct,jv,Javanese,Latn,alphabet,1.0,1.0,,direct,0.0
microsoft/Phi-3.5-mini-instruct,ka,Georgian,Geor,alphabet,0.8061,0.8061,,direct,0.0
microsoft/Phi-3.5-mini-instruct,kaa,Kara-Kalpak,Cyrl,alphabet,0.9805,0.9805,,direct,0.0
microsoft/Phi-3.5-mini-instruct,kab,Kabyle,Latn,alphabet,1.0,1.0,,direct,0.0
microsoft/Phi-3.5-mini-instruct,kaj,Jju,Latn,alphabet,1.0,1.0,,direct,0.0
microsoft/Phi-3.5-mini-instruct,kam,Kamba,Latn,alphabet,1.0,1.0,,direct,0.0
microsoft/Phi-3.5-mini-instruct,kcg,Tyap,Latn,alphabet,1.0,1.0,,direct,0.0
microsoft/Phi-3.5-mini-instruct,kde,Makonde,Latn,alphabet,1.0,1.0,,direct,0.0
microsoft/Phi-3.5-mini-instruct,kea,Kabuverdianu,Latn,alphabet,1.0,1.0,,direct,0.0
microsoft/Phi-3.5-mini-instruct,ken,Kenyang,Latn,alphabet,0.9805,0.9805,,direct,0.0
microsoft/Phi-3.5-mini-instruct,kgp,Kaingang,Latn,alphabet,0.9692,0.9692,,direct,0.0
microsoft/Phi-3.5-mini-instruct,khq,Koyra Chiini,Latn,alphabet,0.975,0.975,,direct,0.0
microsoft/Phi-3.5-mini-instruct,ki,Kikuyu,Latn,alphabet,1.0,1.0,,direct,0.0
microsoft/Phi-3.5-mini-instruct,kk,Kazakh,Cyrl,alphabet,0.981,0.981,,direct,0.0
microsoft/Phi-3.5-mini-instruct,kkj,Kako,Latn,alphabet,0.9489,0.9489,,direct,0.0
microsoft/Phi-3.5-mini-instruct,kl,Kalaallisut,Latn,alphabet,1.0,1.0,,direct,0.0
microsoft/Phi-3.5-mini-instruct,kln,Kalenjin,Latn,alphabet,1.0,1.0,,direct,0.0
microsoft/Phi-3.5-mini-instruct,km,Khmer,Khmr,abugida,0.2667,0.2667,,direct,0.0
microsoft/Phi-3.5-mini-instruct,kn,Kannada,Knda,abugida,0.2225,0.2225,,direct,0.0
microsoft/Phi-3.5-mini-instruct,ko,Korean,Kore,featural_syllabary,0.2079,0.2079,0.2,within_script_only,0.0
microsoft/Phi-3.5-mini-instruct,kok,Konkani,Deva,abugida,0.5948,0.5948,,direct,0.0
microsoft/Phi-3.5-mini-instruct,kpe,Kpelle,Latn,alphabet,0.9724,0.9724,,direct,0.0
microsoft/Phi-3.5-mini-instruct,ks,Kashmiri,Arab,abjad,0.8261,0.8261,,direct,0.0
microsoft/Phi-3.5-mini-instruct,ksb,Shambala,Latn,alphabet,1.0,1.0,,direct,0.0
microsoft/Phi-3.5-mini-instruct,ksf,Bafia,Latn,alphabet,0.9765,0.9765,,direct,0.0
microsoft/Phi-3.5-mini-instruct,ksh,Colognian,Latn,alphabet,1.0,1.0,,direct,0.0
microsoft/Phi-3.5-mini-instruct,ku,Kurdish,Latn,alphabet,1.0,1.0,,direct,0.0
microsoft/Phi-3.5-mini-instruct,kw,Cornish,Latn,alphabet,1.0,1.0,,direct,0.0
microsoft/Phi-3.5-mini-instruct,kxv,Kuvi,Latn,alphabet,1.0,1.0,,direct,0.0
microsoft/Phi-3.5-mini-instruct,ky,Kyrgyz,Cyrl,alphabet,1.0,1.0,,direct,0.0
microsoft/Phi-3.5-mini-instruct,la,Latin,Latn,alphabet,1.0,1.0,,direct,0.0
microsoft/Phi-3.5-mini-instruct,lag,Langi,Latn,alphabet,0.9758,0.9758,,direct,0.0
microsoft/Phi-3.5-mini-instruct,lb,Luxembourgish,Latn,alphabet,1.0,1.0,,direct,0.0
microsoft/Phi-3.5-mini-instruct,lg,Ganda,Latn,alphabet,1.0,1.0,,direct,0.0
microsoft/Phi-3.5-mini-instruct,lij,Ligurian,Latn,alphabet,1.0,1.0,,direct,0.0
microsoft/Phi-3.5-mini-instruct,lkt,Lakota,Latn,alphabet,0.9733,0.9733,,direct,0.0
microsoft/Phi-3.5-mini-instruct,lld,lld,Latn,alphabet,1.0,1.0,,direct,0.0
microsoft/Phi-3.5-mini-instruct,lmo,Lombard,Latn,alphabet,1.0,1.0,,direct,0.0
microsoft/Phi-3.5-mini-instruct,ln,Lingala,Latn,alphabet,1.0,1.0,,direct,0.0
microsoft/Phi-3.5-mini-instruct,lo,Lao,Laoo,abugida,0.2,0.2,,direct,0.0
microsoft/Phi-3.5-mini-instruct,lrc,Northern Luri,Arab,abjad,0.8512,0.8512,,direct,0.0
microsoft/Phi-3.5-mini-instruct,lt,Lithuanian,Latn,alphabet,1.0,1.0,,direct,0.0
microsoft/Phi-3.5-mini-instruct,ltg,Latgalian,Latn,alphabet,0.9771,0.9771,,direct,0.0
microsoft/Phi-3.5-mini-instruct,lu,Luba-Katanga,Latn,alphabet,1.0,1.0,,direct,0.0
microsoft/Phi-3.5-mini-instruct,luo,Luo,Latn,alphabet,1.0,1.0,,direct,0.0
microsoft/Phi-3.5-mini-instruct,luy,Luyia,Latn,alphabet,1.0,1.0,,direct,0.0
microsoft/Phi-3.5-mini-instruct,lv,Latvian,Latn,alphabet,0.9758,0.9758,,direct,0.0
microsoft/Phi-3.5-mini-instruct,mai,Maithili,Deva,abugida,0.84,0.84,,direct,0.0
microsoft/Phi-3.5-mini-instruct,mas,Masai,Latn,alphabet,0.983,0.983,,direct,0.0
microsoft/Phi-3.5-mini-instruct,mdf,Moksha,Cyrl,alphabet,1.0,1.0,,direct,0.0
microsoft/Phi-3.5-mini-instruct,mer,Meru,Latn,alphabet,1.0,1.0,,direct,0.0
microsoft/Phi-3.5-mini-instruct,mfe,Morisyen,Latn,alphabet,1.0,1.0,,direct,0.0
microsoft/Phi-3.5-mini-instruct,mg,Malagasy,Latn,alphabet,1.0,1.0,,direct,0.0
microsoft/Phi-3.5-mini-instruct,mgh,Makhuwa-Meetto,Latn,alphabet,1.0,1.0,,direct,0.0
microsoft/Phi-3.5-mini-instruct,mgo,Metaʼ,Latn,alphabet,1.0,1.0,,direct,0.0
microsoft/Phi-3.5-mini-instruct,mhn,mhn,Latn,alphabet,1.0,1.0,,direct,0.0
microsoft/Phi-3.5-mini-instruct,mi,Māori,Latn,alphabet,1.0,1.0,,direct,0.0
microsoft/Phi-3.5-mini-instruct,mic,Mi'kmaw,Latn,alphabet,1.0,1.0,,direct,0.0
microsoft/Phi-3.5-mini-instruct,mk,Macedonian,Cyrl,alphabet,0.9226,0.9226,,direct,0.0
microsoft/Phi-3.5-mini-instruct,ml,Malayalam,Mlym,abugida,0.5608,0.5608,,direct,0.0
microsoft/Phi-3.5-mini-instruct,mn,Mongolian,Cyrl,alphabet,1.0,1.0,,direct,0.0
microsoft/Phi-3.5-mini-instruct,mni,Manipuri,Beng,abugida,0.5119,0.5119,,direct,0.0
microsoft/Phi-3.5-mini-instruct,moh,Mohawk,Latn,alphabet,1.0,1.0,,direct,0.0
microsoft/Phi-3.5-mini-instruct,mr,Marathi,Deva,abugida,0.6625,0.6625,,direct,0.0
microsoft/Phi-3.5-mini-instruct,ms,Malay,Latn,alphabet,1.0,1.0,,direct,0.0
microsoft/Phi-3.5-mini-instruct,mt,Maltese,Latn,alphabet,1.0,1.0,,direct,0.0
microsoft/Phi-3.5-mini-instruct,mua,Mundang,Latn,alphabet,0.903,0.903,,direct,0.0
microsoft/Phi-3.5-mini-instruct,mus,Muscogee,Latn,alphabet,1.0,1.0,,direct,0.0
microsoft/Phi-3.5-mini-instruct,my,Burmese,Mymr,abugida,0.4,0.4,,direct,0.0
microsoft/Phi-3.5-mini-instruct,myv,Erzya,Cyrl,alphabet,1.0,1.0,,direct,0.0
microsoft/Phi-3.5-mini-instruct,mzn,Mazanderani,Arab,abjad,0.907,0.907,,direct,0.0
microsoft/Phi-3.5-mini-instruct,naq,Nama,Latn,alphabet,0.8968,0.8968,,direct,0.0
microsoft/Phi-3.5-mini-instruct,nd,North Ndebele,Latn,alphabet,1.0,1.0,,direct,0.0
microsoft/Phi-3.5-mini-instruct,nds,Low German,Latn,alphabet,1.0,1.0,,direct,0.0
microsoft/Phi-3.5-mini-instruct,ne,Nepali,Deva,abugida,0.6537,0.6537,,direct,0.0
microsoft/Phi-3.5-mini-instruct,nl,Dutch,Latn,alphabet,1.0,1.0,,direct,0.0
microsoft/Phi-3.5-mini-instruct,nmg,Kwasio,Latn,alphabet,0.9579,0.9579,,direct,0.0
microsoft/Phi-3.5-mini-instruct,nnh,Ngiemboon,Latn,alphabet,0.9556,0.9556,,direct,0.0
microsoft/Phi-3.5-mini-instruct,no,Norwegian,Latn,alphabet,1.0,1.0,,direct,0.0
microsoft/Phi-3.5-mini-instruct,nqo,N’Ko,Nkoo,alphabet,0.2195,0.2195,,direct,0.0
microsoft/Phi-3.5-mini-instruct,nr,South Ndebele,Latn,alphabet,1.0,1.0,,direct,0.0
microsoft/Phi-3.5-mini-instruct,nso,Northern Sotho,Latn,alphabet,1.0,1.0,,direct,0.0
microsoft/Phi-3.5-mini-instruct,nus,Nuer,Latn,alphabet,1.0,1.0,,direct,0.0
microsoft/Phi-3.5-mini-instruct,nv,Navajo,Latn,alphabet,1.0,1.0,,direct,0.0
microsoft/Phi-3.5-mini-instruct,ny,Nyanja,Latn,alphabet,0.9667,0.9667,,direct,0.0
microsoft/Phi-3.5-mini-instruct,nyn,Nyankole,Latn,alphabet,1.0,1.0,,direct,0.0
microsoft/Phi-3.5-mini-instruct,oc,Occitan,Latn,alphabet,1.0,1.0,,direct,0.0
microsoft/Phi-3.5-mini-instruct,om,Oromo,Latn,alphabet,1.0,1.0,,direct,0.0
microsoft/Phi-3.5-mini-instruct,or,Odia,Orya,abugida,0.2,0.2,,direct,0.0
microsoft/Phi-3.5-mini-instruct,os,Ossetic,Cyrl,alphabet,0.9765,0.9765,,direct,0.0
microsoft/Phi-3.5-mini-instruct,osa,Osage,Osge,alphabet,0.24,0.24,,direct,0.0
microsoft/Phi-3.5-mini-instruct,pa,Punjabi,Guru,abugida,0.2471,0.2471,,direct,0.0
microsoft/Phi-3.5-mini-instruct,pap,Papiamento,Latn,alphabet,1.0,1.0,,direct,0.0
microsoft/Phi-3.5-mini-instruct,pcm,Nigerian Pidgin,Latn,alphabet,0.975,0.975,,direct,0.0
microsoft/Phi-3.5-mini-instruct,pis,Pijin,Latn,alphabet,1.0,1.0,,direct,0.0
microsoft/Phi-3.5-mini-instruct,pl,Polish,Latn,alphabet,1.0,1.0,,direct,0.0
microsoft/Phi-3.5-mini-instruct,prg,Prussian,Latn,alphabet,0.9385,0.9385,,direct,0.0
microsoft/Phi-3.5-mini-instruct,ps,Pashto,Arab,abjad,0.7733,0.7733,,direct,0.0
microsoft/Phi-3.5-mini-instruct,pt,Portuguese,Latn,alphabet,1.0,1.0,,direct,0.0
microsoft/Phi-3.5-mini-instruct,qu,Quechua,Latn,alphabet,1.0,1.0,,direct,0.0
microsoft/Phi-3.5-mini-instruct,quc,Kʼicheʼ,Latn,alphabet,1.0,1.0,,direct,0.0
microsoft/Phi-3.5-mini-instruct,raj,Rajasthani,Deva,abugida,0.7878,0.7878,,direct,0.0
microsoft/Phi-3.5-mini-instruct,rhg,Rohingya,Rohg,abjad,0.2,0.2,,direct,0.0
microsoft/Phi-3.5-mini-instruct,rif,Riffian,Latn,alphabet,1.0,1.0,,direct,0.0
microsoft/Phi-3.5-mini-instruct,rm,Romansh,Latn,alphabet,1.0,1.0,,direct,0.0
microsoft/Phi-3.5-mini-instruct,rn,Rundi,Latn,alphabet,1.0,1.0,,direct,0.0
microsoft/Phi-3.5-mini-instruct,ro,Romanian,Latn,alphabet,1.0,1.0,,direct,0.0
microsoft/Phi-3.5-mini-instruct,rof,Rombo,Latn,alphabet,1.0,1.0,,direct,0.0
microsoft/Phi-3.5-mini-instruct,ru,Russian,Cyrl,alphabet,1.0,1.0,,direct,0.0
microsoft/Phi-3.5-mini-instruct,rw,Kinyarwanda,Latn,alphabet,1.0,1.0,,direct,0.0
microsoft/Phi-3.5-mini-instruct,rwk,Rwa,Latn,alphabet,1.0,1.0,,direct,0.0
microsoft/Phi-3.5-mini-instruct,sa,Sanskrit,Deva,abugida,0.6343,0.6343,,direct,0.0
microsoft/Phi-3.5-mini-instruct,sah,Yakut,Cyrl,alphabet,0.9077,0.9077,,direct,0.0
microsoft/Phi-3.5-mini-instruct,saq,Samburu,Latn,alphabet,1.0,1.0,,direct,0.0
microsoft/Phi-3.5-mini-instruct,sat,Santali,Olck,alphabet,0.2,0.2,,direct,0.0
microsoft/Phi-3.5-mini-instruct,sbp,Sangu,Latn,alphabet,1.0,1.0,,direct,0.0
microsoft/Phi-3.5-mini-instruct,sc,Sardinian,Latn,alphabet,1.0,1.0,,direct,0.0
microsoft/Phi-3.5-mini-instruct,scn,Sicilian,Latn,alphabet,1.0,1.0,,direct,0.0
microsoft/Phi-3.5-mini-instruct,sd,Sindhi,Arab,abjad,0.7231,0.7231,,direct,0.0
microsoft/Phi-3.5-mini-instruct,sdh,Southern Kurdish,Arab,abjad,0.8353,0.8353,,direct,0.0
microsoft/Phi-3.5-mini-instruct,se,Northern Sami,Latn,alphabet,0.9724,0.9724,,direct,0.0
microsoft/Phi-3.5-mini-instruct,seh,Sena,Latn,alphabet,1.0,1.0,,direct,0.0
microsoft/Phi-3.5-mini-instruct,ses,Koyraboro Senni,Latn,alphabet,0.975,0.975,,direct,0.0
microsoft/Phi-3.5-mini-instruct,sg,Sango,Latn,alphabet,1.0,1.0,,direct,0.0
microsoft/Phi-3.5-mini-instruct,shi,Tachelhit,Tfng,alphabet,0.225,0.225,,direct,0.0
microsoft/Phi-3.5-mini-instruct,shn,Shan,Mymr,abugida,0.4261,0.4261,,direct,0.0
microsoft/Phi-3.5-mini-instruct,si,Sinhala,Sinh,abugida,0.2865,0.2865,,direct,0.0
microsoft/Phi-3.5-mini-instruct,sid,Sidamo,Latn,alphabet,1.0,1.0,,direct,0.0
microsoft/Phi-3.5-mini-instruct,sk,Slovak,Latn,alphabet,0.9628,0.9628,,direct,0.0
microsoft/Phi-3.5-mini-instruct,skr,skr,Arab,abjad,0.7878,0.7878,,direct,0.0
microsoft/Phi-3.5-mini-instruct,sl,Slovenian,Latn,alphabet,1.0,1.0,,direct,0.0
microsoft/Phi-3.5-mini-instruct,sma,Southern Sami,Latn,alphabet,1.0,1.0,,direct,0.0
microsoft/Phi-3.5-mini-instruct,smj,Lule Sami,Latn,alphabet,1.0,1.0,,direct,0.0
microsoft/Phi-3.5-mini-instruct,smn,Inari Sami,Latn,alphabet,1.0,1.0,,direct,0.0
microsoft/Phi-3.5-mini-instruct,sms,Skolt Sami,Latn,alphabet,0.9333,0.9333,,direct,0.0
microsoft/Phi-3.5-mini-instruct,sn,Shona,Latn,alphabet,1.0,1.0,,direct,0.0
microsoft/Phi-3.5-mini-instruct,so,Somali,Latn,alphabet,1.0,1.0,,direct,0.0
microsoft/Phi-3.5-mini-instruct,sq,Albanian,Latn,alphabet,1.0,1.0,,direct,0.0
microsoft/Phi-3.5-mini-instruct,sr,Serbian,Cyrl,alphabet,1.0,1.0,,direct,0.0
microsoft/Phi-3.5-mini-instruct,ss,Swati,Latn,alphabet,1.0,1.0,,direct,0.0
microsoft/Phi-3.5-mini-instruct,ssy,Saho,Latn,alphabet,1.0,1.0,,direct,0.0
microsoft/Phi-3.5-mini-instruct,st,Southern Sotho,Latn,alphabet,1.0,1.0,,direct,0.0
microsoft/Phi-3.5-mini-instruct,su,Sundanese,Latn,alphabet,1.0,1.0,,direct,0.0
microsoft/Phi-3.5-mini-instruct,sv,Swedish,Latn,alphabet,1.0,1.0,,direct,0.0
microsoft/Phi-3.5-mini-instruct,sw,Swahili,Latn,alphabet,1.0,1.0,,direct,0.0
microsoft/Phi-3.5-mini-instruct,syr,Syriac,Syrc,abjad,0.2229,0.2229,,direct,0.0
microsoft/Phi-3.5-mini-instruct,szl,Silesian,Latn,alphabet,1.0,1.0,,direct,0.0
microsoft/Phi-3.5-mini-instruct,ta,Tamil,Taml,abugida,0.5234,0.5234,,direct,0.0
microsoft/Phi-3.5-mini-instruct,te,Telugu,Telu,abugida,0.2114,0.2114,,direct,0.0
microsoft/Phi-3.5-mini-instruct,teo,Teso,Latn,alphabet,1.0,1.0,,direct,0.0
microsoft/Phi-3.5-mini-instruct,tg,Tajik,Cyrl,alphabet,0.9086,0.9086,,direct,0.0
microsoft/Phi-3.5-mini-instruct,th,Thai,Thai,abugida,0.6822,0.6822,,direct,0.0
microsoft/Phi-3.5-mini-instruct,ti,Tigrinya,Ethi,syllabary,0.2,0.2,,within_script_only,0.0
microsoft/Phi-3.5-mini-instruct,tig,Tigre,Ethi,syllabary,0.2,0.2,,within_script_only,0.0
microsoft/Phi-3.5-mini-instruct,tk,Turkmen,Latn,alphabet,1.0,1.0,,direct,0.0
microsoft/Phi-3.5-mini-instruct,tn,Tswana,Latn,alphabet,1.0,1.0,,direct,0.0
microsoft/Phi-3.5-mini-instruct,to,Tongan,Latn,alphabet,1.0,1.0,,direct,0.0
microsoft/Phi-3.5-mini-instruct,tok,Toki Pona,Latn,alphabet,1.0,1.0,,direct,0.0
microsoft/Phi-3.5-mini-instruct,tpi,Tok Pisin,Latn,alphabet,1.0,1.0,,direct,0.0
microsoft/Phi-3.5-mini-instruct,tr,Turkish,Latn,alphabet,1.0,1.0,,direct,0.0
microsoft/Phi-3.5-mini-instruct,trv,Taroko,Latn,alphabet,1.0,1.0,,direct,0.0
microsoft/Phi-3.5-mini-instruct,trw,Torwali,Arab,abjad,0.8167,0.8167,,direct,0.0
microsoft/Phi-3.5-mini-instruct,ts,Tsonga,Latn,alphabet,1.0,1.0,,direct,0.0
microsoft/Phi-3.5-mini-instruct,tt,Tatar,Cyrl,alphabet,0.959,0.959,,direct,0.0
microsoft/Phi-3.5-mini-instruct,twq,Tasawaq,Latn,alphabet,0.975,0.975,,direct,0.0
microsoft/Phi-3.5-mini-instruct,tyv,Tuvinian,Cyrl,alphabet,1.0,1.0,,direct,0.0
microsoft/Phi-3.5-mini-instruct,tzm,Central Atlas Tamazight,Latn,alphabet,1.0,1.0,,direct,0.0
microsoft/Phi-3.5-mini-instruct,ug,Uyghur,Arab,abjad,0.8353,0.8353,,direct,0.0
microsoft/Phi-3.5-mini-instruct,uk,Ukrainian,Cyrl,alphabet,1.0,1.0,,direct,0.0
microsoft/Phi-3.5-mini-instruct,ur,Urdu,Arab,abjad,0.9158,0.9158,,direct,0.0
microsoft/Phi-3.5-mini-instruct,uz,Uzbek,Latn,alphabet,1.0,1.0,,direct,0.0
microsoft/Phi-3.5-mini-instruct,vai,Vai,Vaii,syllabary,0.2,0.2,,within_script_only,0.0
microsoft/Phi-3.5-mini-instruct,ve,Venda,Latn,alphabet,0.8857,0.8857,,direct,0.0
microsoft/Phi-3.5-mini-instruct,vec,Venetian,Latn,alphabet,1.0,1.0,,direct,0.0
microsoft/Phi-3.5-mini-instruct,vi,Vietnamese,Latn,alphabet,0.8292,0.8292,,direct,0.0
microsoft/Phi-3.5-mini-instruct,vmw,Makhuwa,Latn,alphabet,1.0,1.0,,direct,0.0
microsoft/Phi-3.5-mini-instruct,vo,Volapük,Latn,alphabet,1.0,1.0,,direct,0.0
microsoft/Phi-3.5-mini-instruct,vun,Vunjo,Latn,alphabet,1.0,1.0,,direct,0.0
microsoft/Phi-3.5-mini-instruct,wa,Walloon,Latn,alphabet,1.0,1.0,,direct,0.0
microsoft/Phi-3.5-mini-instruct,wae,Walser,Latn,alphabet,1.0,1.0,,direct,0.0
microsoft/Phi-3.5-mini-instruct,wal,Wolaytta,Ethi,syllabary,0.2,0.2,,within_script_only,0.0
microsoft/Phi-3.5-mini-instruct,wbp,Warlpiri,Latn,alphabet,1.0,1.0,,direct,0.0
microsoft/Phi-3.5-mini-instruct,wo,Wolof,Latn,alphabet,1.0,1.0,,direct,0.0
microsoft/Phi-3.5-mini-instruct,xh,Xhosa,Latn,alphabet,1.0,1.0,,direct,0.0
microsoft/Phi-3.5-mini-instruct,xnr,Kangri,Deva,abugida,0.6727,0.6727,,direct,0.0
microsoft/Phi-3.5-mini-instruct,xog,Soga,Latn,alphabet,1.0,1.0,,direct,0.0
microsoft/Phi-3.5-mini-instruct,yav,Yangben,Latn,alphabet,1.0,1.0,,direct,0.0
microsoft/Phi-3.5-mini-instruct,yi,Yiddish,Hebr,abjad,0.9294,0.9294,,direct,0.0
microsoft/Phi-3.5-mini-instruct,yo,Yoruba,Latn,alphabet,0.94,0.94,,direct,0.0
microsoft/Phi-3.5-mini-instruct,yrl,Nheengatu,Latn,alphabet,0.9619,0.9619,,direct,0.0
microsoft/Phi-3.5-mini-instruct,yue,Cantonese,Hant,logographic,0.372,0.372,,within_script_only,0.0
microsoft/Phi-3.5-mini-instruct,za,Zhuang,Latn,alphabet,1.0,1.0,,direct,0.0
microsoft/Phi-3.5-mini-instruct,zgh,Standard Moroccan Tamazight,Tfng,alphabet,0.225,0.225,,direct,0.0
microsoft/Phi-3.5-mini-instruct,zh,Chinese,Hans,logographic,0.4168,0.4168,,within_script_only,0.0
microsoft/Phi-3.5-mini-instruct,zu,Zulu,Latn,alphabet,1.0,1.0,,direct,0.0
microsoft/phi-4,aa,Afar,Latn,alphabet,1.0,1.0,,direct,0.0
microsoft/phi-4,ab,Abkhazian,Cyrl,alphabet,0.65,0.72,,direct,0.06999999999999995
microsoft/phi-4,af,Afrikaans,Latn,alphabet,1.0,1.0,,direct,0.0
microsoft/phi-4,agq,Aghem,Latn,alphabet,0.75,0.8,,direct,0.050000000000000044
microsoft/phi-4,ak,Akan,Latn,alphabet,0.9091,0.9273,,direct,0.018199999999999994
microsoft/phi-4,am,Amharic,Ethi,syllabary,0.0,0.2,,within_script_only,0.2
microsoft/phi-4,an,Aragonese,Latn,alphabet,1.0,1.0,,direct,0.0
microsoft/phi-4,ann,Obolo,Latn,alphabet,0.9487,0.959,,direct,0.010299999999999976
microsoft/phi-4,apc,apc,Arab,abjad,0.8378,0.8689,,direct,0.031100000000000017
microsoft/phi-4,ar,Arabic,Arab,abjad,0.8378,0.8689,,direct,0.031100000000000017
microsoft/phi-4,arn,Mapuche,Latn,alphabet,0.88,0.904,,direct,0.02400000000000002
microsoft/phi-4,as,Assamese,Beng,abugida,0.0847,0.2678,,direct,0.18309999999999998
microsoft/phi-4,asa,Asu,Latn,alphabet,1.0,1.0,,direct,0.0
microsoft/phi-4,ast,Asturian,Latn,alphabet,0.9375,0.95,,direct,0.012499999999999956
microsoft/phi-4,az,Azerbaijani,Latn,alphabet,1.0,1.0,,direct,0.0
microsoft/phi-4,ba,Bashkir,Cyrl,alphabet,0.7857,0.8286,,direct,0.04290000000000005
microsoft/phi-4,bal,Baluchi,Arab,abjad,0.697,0.7576,,direct,0.0606000000000001
microsoft/phi-4,bas,Basaa,Latn,alphabet,0.7742,0.8194,,direct,0.04520000000000002
microsoft/phi-4,be,Belarusian,Cyrl,alphabet,0.9688,0.975,,direct,0.006199999999999983
microsoft/phi-4,bem,Bemba,Latn,alphabet,1.0,1.0,,direct,0.0
microsoft/phi-4,bew,Betawi,Latn,alphabet,0.9655,0.9724,,direct,0.006900000000000017
microsoft/phi-4,bez,Bena,Latn,alphabet,1.0,1.0,,direct,0.0
microsoft/phi-4,bg,Bulgarian,Cyrl,alphabet,1.0,1.0,,direct,0.0
microsoft/phi-4,bgc,Haryanvi,Deva,abugida,0.2759,0.4207,,direct,0.14480000000000004
microsoft/phi-4,bgn,Western Balochi,Arab,abjad,0.7297,0.7838,,direct,0.05410000000000004
microsoft/phi-4,bho,Bhojpuri,Deva,abugida,0.3542,0.4833,,direct,0.1291
microsoft/phi-4,blo,Anii,Latn,alphabet,0.7959,0.8367,,direct,0.04079999999999995
microsoft/phi-4,blt,Tai Dam,Tavt,abugida,0.0,0.2,,direct,0.2
microsoft/phi-4,bm,Bambara,Latn,alphabet,0.8519,0.8815,,direct,0.02959999999999996
microsoft/phi-4,bn,Bangla,Beng,abugida,0.0882,0.2706,,direct,0.1824
microsoft/phi-4,bo,Tibetan,Tibt,abugida,0.0,0.2,,direct,0.2
microsoft/phi-4,br,Breton,Latn,alphabet,0.9655,0.9724,,direct,0.006900000000000017
microsoft/phi-4,brx,Bodo,Deva,abugida,0.2787,0.423,,direct,0.14429999999999998
microsoft/phi-4,bs,Bosnian,Latn,alphabet,1.0,1.0,,direct,0.0
microsoft/phi-4,bss,Akoose,Latn,alphabet,0.7692,0.8154,,direct,0.04620000000000002
microsoft/phi-4,byn,Blin,Ethi,syllabary,0.0,0.2,,within_script_only,0.2
microsoft/phi-4,ca,Catalan,Latn,alphabet,1.0,1.0,,direct,0.0
microsoft/phi-4,cad,Caddo,Latn,alphabet,0.9,0.92,,direct,0.020000000000000018
microsoft/phi-4,cch,Atsam,Latn,alphabet,0.8571,0.8857,,direct,0.02860000000000007
microsoft/phi-4,ccp,Chakma,Cakm,abugida,0.0,0.2,,direct,0.2
microsoft/phi-4,ce,Chechen,Cyrl,alphabet,0.9706,0.9765,,direct,0.005900000000000016
microsoft/phi-4,ceb,Cebuano,Latn,alphabet,1.0,1.0,,direct,0.0
microsoft/phi-4,cgg,Chiga,Latn,alphabet,1.0,1.0,,direct,0.0
microsoft/phi-4,cho,Choctaw,Latn,alphabet,0.9048,0.9238,,direct,0.018999999999999906
microsoft/phi-4,chr,Cherokee,Cher,syllabary,0.0,0.2,,within_script_only,0.2
microsoft/phi-4,cic,Chickasaw,Latn,alphabet,0.8947,0.9158,,direct,0.021099999999999897
microsoft/phi-4,ckb,Central Kurdish,Arab,abjad,0.7273,0.7818,,direct,0.054500000000000104
microsoft/phi-4,co,Corsican,Latn,alphabet,1.0,1.0,,direct,0.0
microsoft/phi-4,cop,Coptic,Copt,alphabet,0.0,0.2,,direct,0.2
microsoft/phi-4,cs,Czech,Latn,alphabet,0.9512,0.961,,direct,0.00979999999999992
microsoft/phi-4,csw,Swampy Cree,Cans,syllabary,0.0,0.2,,within_script_only,0.2
microsoft/phi-4,cu,Church Slavic,Cyrl,alphabet,0.4306,0.5444,,direct,0.11380000000000001
microsoft/phi-4,cv,Chuvash,Cyrl,alphabet,0.8919,0.9135,,direct,0.021599999999999953
microsoft/phi-4,cy,Welsh,Latn,alphabet,0.8571,0.8857,,direct,0.02860000000000007
microsoft/phi-4,da,Danish,Latn,alphabet,1.0,1.0,,direct,0.0
microsoft/phi-4,dav,Taita,Latn,alphabet,1.0,1.0,,direct,0.0
microsoft/phi-4,de,German,Latn,alphabet,1.0,1.0,,direct,0.0
microsoft/phi-4,dje,Zarma,Latn,alphabet,0.9062,0.925,,direct,0.01880000000000004
microsoft/phi-4,doi,Dogri,Deva,abugida,0.2429,0.3943,,direct,0.15139999999999998
microsoft/phi-4,dsb,Lower Sorbian,Latn,alphabet,0.973,0.9784,,direct,0.005400000000000071
microsoft/phi-4,dua,Duala,Latn,alphabet,0.8485,0.8788,,direct,0.030299999999999994
microsoft/phi-4,dv,Divehi,Thaa,abjad,0.0,0.2,,direct,0.2
microsoft/phi-4,dyo,Jola-Fonyi,Latn,alphabet,0.9688,0.975,,direct,0.006199999999999983
microsoft/phi-4,dz,Dzongkha,Tibt,abugida,0.0,0.2,,direct,0.2
microsoft/phi-4,ebu,Embu,Latn,alphabet,0.9286,0.9429,,direct,0.01429999999999998
microsoft/phi-4,ee,Ewe,Latn,alphabet,0.7708,0.8167,,direct,0.04589999999999994
microsoft/phi-4,el,Greek,Grek,alphabet,0.75,0.8,,direct,0.050000000000000044
microsoft/phi-4,en,English,Latn,alphabet,1.0,1.0,,direct,0.0
microsoft/phi-4,eo,Esperanto,Latn,alphabet,0.7857,0.8286,,direct,0.04290000000000005
microsoft/phi-4,es,Spanish,Latn,alphabet,1.0,1.0,,direct,0.0
microsoft/phi-4,et,Estonian,Latn,alphabet,1.0,1.0,,direct,0.0
microsoft/phi-4,eu,Basque,Latn,alphabet,1.0,1.0,,direct,0.0
microsoft/phi-4,ewo,Ewondo,Latn,alphabet,0.8077,0.8462,,direct,0.03849999999999998
microsoft/phi-4,fa,Persian,Arab,abjad,0.7837,0.8256,,direct,0.04190000000000005
microsoft/phi-4,ff,Fula,Latn,alphabet,0.8519,0.8815,,direct,0.02959999999999996
microsoft/phi-4,fi,Finnish,Latn,alphabet,1.0,1.0,,direct,0.0
microsoft/phi-4,fil,Filipino,Latn,alphabet,1.0,1.0,,direct,0.0
microsoft/phi-4,fo,Faroese,Latn,alphabet,1.0,1.0,,direct,0.0
microsoft/phi-4,fr,French,Latn,alphabet,0.9762,0.981,,direct,0.0048000000000000265
microsoft/phi-4,frr,Northern Frisian,Latn,alphabet,1.0,1.0,,direct,0.0
microsoft/phi-4,fur,Friulian,Latn,alphabet,1.0,1.0,,direct,0.0
microsoft/phi-4,fy,Western Frisian,Latn,alphabet,1.0,1.0,,direct,0.0
microsoft/phi-4,ga,Irish,Latn,alphabet,1.0,1.0,,direct,0.0
microsoft/phi-4,gaa,Ga,Latn,alphabet,0.8846,0.9077,,direct,0.0230999999999999
microsoft/phi-4,gd,Scottish Gaelic,Latn,alphabet,1.0,1.0,,direct,0.0
microsoft/phi-4,gez,Geez,Ethi,syllabary,0.0,0.2,,within_script_only,0.2
microsoft/phi-4,gl,Galician,Latn,alphabet,1.0,1.0,,direct,0.0
microsoft/phi-4,gn,Guarani,Latn,alphabet,0.8,0.84,,direct,0.039999999999999925
microsoft/phi-4,gsw,Swiss German,Latn,alphabet,1.0,1.0,,direct,0.0
microsoft/phi-4,gu,Gujarati,Gujr,abugida,0.0,0.2,,direct,0.2
microsoft/phi-4,guz,Gusii,Latn,alphabet,1.0,1.0,,direct,0.0
microsoft/phi-4,gv,Manx,Latn,alphabet,1.0,1.0,,direct,0.0
microsoft/phi-4,ha,Hausa,Latn,alphabet,0.8148,0.8519,,direct,0.03710000000000002
microsoft/phi-4,haw,Hawaiian,Latn,alphabet,0.9444,0.9556,,direct,0.011199999999999988
microsoft/phi-4,he,Hebrew,Hebr,abjad,0.5185,0.6148,,direct,0.09630000000000005
microsoft/phi-4,hi,Hindi,Deva,abugida,0.2537,0.403,,direct,0.14930000000000004
microsoft/phi-4,hnj,Hmong Njua,Hmnp,alphabet,0.0,0.2,,direct,0.2
microsoft/phi-4,hr,Croatian,Latn,alphabet,1.0,1.0,,direct,0.0
microsoft/phi-4,hsb,Upper Sorbian,Latn,alphabet,1.0,1.0,,direct,0.0
microsoft/phi-4,ht,Haitian Creole,Latn,alphabet,1.0,1.0,,direct,0.0
microsoft/phi-4,hu,Hungarian,Latn,alphabet,1.0,1.0,,direct,0.0
microsoft/phi-4,hy,Armenian,Armn,alphabet,0.0,0.2,,direct,0.2
microsoft/phi-4,ia,Interlingua,Latn,alphabet,1.0,1.0,,direct,0.0
microsoft/phi-4,id,Indonesian,Latn,alphabet,1.0,1.0,,direct,0.0
microsoft/phi-4,ie,Interlingue,Latn,alphabet,1.0,1.0,,direct,0.0
microsoft/phi-4,ig,Igbo,Latn,alphabet,0.9643,0.9714,,direct,0.007099999999999995
microsoft/phi-4,ii,Sichuan Yi,Yiii,syllabary,0.0,0.2,,within_script_only,0.2
microsoft/phi-4,io,Ido,Latn,alphabet,1.0,1.0,,direct,0.0
microsoft/phi-4,is,Icelandic,Latn,alphabet,0.9906,0.9906,,direct,0.0
microsoft/phi-4,it,Italian,Latn,alphabet,1.0,1.0,,direct,0.0
microsoft/phi-4,iu,Inuktitut,Cans,syllabary,0.0,0.2,,within_script_only,0.2
microsoft/phi-4,ja,Japanese,Jpan,mixed_logographic,0.2026,0.3619,,within_script_only,0.1593
microsoft/phi-4,jbo,Lojban,Latn,alphabet,1.0,1.0,,direct,0.0
microsoft/phi-4,jgo,Ngomba,Latn,alphabet,0.6667,0.7333,,direct,0.06659999999999999
microsoft/phi-4,jmc,Machame,Latn,alphabet,1.0,1.0,,direct,0.0
microsoft/phi-4,jv,Javanese,Latn,alphabet,1.0,1.0,,direct,0.0
microsoft/phi-4,ka,Georgian,Geor,alphabet,0.0,0.2,,direct,0.2
microsoft/phi-4,kaa,Kara-Kalpak,Cyrl,alphabet,0.8049,0.8439,,direct,0.039000000000000035
microsoft/phi-4,kab,Kabyle,Latn,alphabet,0.7353,0.7882,,direct,0.05290000000000006
microsoft/phi-4,kaj,Jju,Latn,alphabet,1.0,1.0,,direct,0.0
microsoft/phi-4,kam,Kamba,Latn,alphabet,0.9259,0.9407,,direct,0.014800000000000035
microsoft/phi-4,kcg,Tyap,Latn,alphabet,0.96,0.968,,direct,0.008000000000000007
microsoft/phi-4,kde,Makonde,Latn,alphabet,1.0,1.0,,direct,0.0
microsoft/phi-4,kea,Kabuverdianu,Latn,alphabet,1.0,1.0,,direct,0.0
microsoft/phi-4,ken,Kenyang,Latn,alphabet,0.7805,0.8244,,direct,0.04390000000000005
microsoft/phi-4,kgp,Kaingang,Latn,alphabet,0.8462,0.8769,,direct,0.03070000000000006
microsoft/phi-4,khq,Koyra Chiini,Latn,alphabet,0.9062,0.925,,direct,0.01880000000000004
microsoft/phi-4,ki,Kikuyu,Latn,alphabet,0.9,0.92,,direct,0.020000000000000018
microsoft/phi-4,kk,Kazakh,Cyrl,alphabet,0.8095,0.8476,,direct,0.03810000000000002
microsoft/phi-4,kkj,Kako,Latn,alphabet,0.8511,0.8809,,direct,0.02980000000000005
microsoft/phi-4,kl,Kalaallisut,Latn,alphabet,1.0,1.0,,direct,0.0
microsoft/phi-4,kln,Kalenjin,Latn,alphabet,1.0,1.0,,direct,0.0
microsoft/phi-4,km,Khmer,Khmr,abugida,0.0278,0.2222,,direct,0.19440000000000002
microsoft/phi-4,kn,Kannada,Knda,abugida,0.0,0.2,,direct,0.2
microsoft/phi-4,ko,Korean,Kore,featural_syllabary,0.0145,0.2114,0.2,within_script_only,0.1969
microsoft/phi-4,kok,Konkani,Deva,abugida,0.2208,0.3766,,direct,0.1558
microsoft/phi-4,kpe,Kpelle,Latn,alphabet,0.7586,0.8069,,direct,0.0482999999999999
microsoft/phi-4,ks,Kashmiri,Arab,abjad,0.6674,0.7326,,direct,0.06520000000000004
microsoft/phi-4,ksb,Shambala,Latn,alphabet,1.0,1.0,,direct,0.0
microsoft/phi-4,ksf,Bafia,Latn,alphabet,0.8824,0.9059,,direct,0.023500000000000076
microsoft/phi-4,ksh,Colognian,Latn,alphabet,0.9722,0.9778,,direct,0.005600000000000049
microsoft/phi-4,ku,Kurdish,Latn,alphabet,1.0,1.0,,direct,0.0
microsoft/phi-4,kw,Cornish,Latn,alphabet,1.0,1.0,,direct,0.0
microsoft/phi-4,kxv,Kuvi,Latn,alphabet,0.8182,0.8545,,direct,0.0363
microsoft/phi-4,ky,Kyrgyz,Cyrl,alphabet,0.9032,0.9226,,direct,0.019399999999999973
microsoft/phi-4,la,Latin,Latn,alphabet,1.0,1.0,,direct,0.0
microsoft/phi-4,lag,Langi,Latn,alphabet,0.9394,0.9515,,direct,0.0121
microsoft/phi-4,lb,Luxembourgish,Latn,alphabet,1.0,1.0,,direct,0.0
microsoft/phi-4,lg,Ganda,Latn,alphabet,0.9583,0.9667,,direct,0.008399999999999963
microsoft/phi-4,lij,Ligurian,Latn,alphabet,1.0,1.0,,direct,0.0
microsoft/phi-4,lkt,Lakota,Latn,alphabet,0.8667,0.8933,,direct,0.026599999999999957
microsoft/phi-4,lld,lld,Latn,alphabet,1.0,1.0,,direct,0.0
microsoft/phi-4,lmo,Lombard,Latn,alphabet,1.0,1.0,,direct,0.0
microsoft/phi-4,ln,Lingala,Latn,alphabet,0.8293,0.8634,,direct,0.03409999999999991
microsoft/phi-4,lo,Lao,Laoo,abugida,0.0,0.2,,direct,0.2
microsoft/phi-4,lrc,Northern Luri,Arab,abjad,0.6977,0.7581,,direct,0.06040000000000001
microsoft/phi-4,lt,Lithuanian,Latn,alphabet,0.9062,0.925,,direct,0.01880000000000004
microsoft/phi-4,ltg,Latgalian,Latn,alphabet,0.8857,0.9086,,direct,0.02289999999999992
microsoft/phi-4,lu,Luba-Katanga,Latn,alphabet,0.9474,0.9579,,direct,0.010499999999999954
microsoft/phi-4,luo,Luo,Latn,alphabet,1.0,1.0,,direct,0.0
microsoft/phi-4,luy,Luyia,Latn,alphabet,1.0,1.0,,direct,0.0
microsoft/phi-4,lv,Latvian,Latn,alphabet,0.8788,0.903,,direct,0.0242
microsoft/phi-4,mai,Maithili,Deva,abugida,0.3778,0.5022,,direct,0.12439999999999996
microsoft/phi-4,mas,Masai,Latn,alphabet,0.8936,0.9149,,direct,0.021300000000000097
microsoft/phi-4,mdf,Moksha,Cyrl,alphabet,1.0,1.0,,direct,0.0
microsoft/phi-4,mer,Meru,Latn,alphabet,0.9286,0.9429,,direct,0.01429999999999998
microsoft/phi-4,mfe,Morisyen,Latn,alphabet,1.0,1.0,,direct,0.0
microsoft/phi-4,mg,Malagasy,Latn,alphabet,1.0,1.0,,direct,0.0
microsoft/phi-4,mgh,Makhuwa-Meetto,Latn,alphabet,1.0,1.0,,direct,0.0
microsoft/phi-4,mgo,Metaʼ,Latn,alphabet,0.9062,0.925,,direct,0.01880000000000004
microsoft/phi-4,mhn,mhn,Latn,alphabet,1.0,1.0,,direct,0.0
microsoft/phi-4,mi,Māori,Latn,alphabet,1.0,1.0,,direct,0.0
microsoft/phi-4,mic,Mi'kmaw,Latn,alphabet,0.9091,0.9273,,direct,0.018199999999999994
microsoft/phi-4,mk,Macedonian,Cyrl,alphabet,0.7742,0.8194,,direct,0.04520000000000002
microsoft/phi-4,ml,Malayalam,Mlym,abugida,0.0,0.2,,direct,0.2
microsoft/phi-4,mn,Mongolian,Cyrl,alphabet,0.9429,0.9543,,direct,0.011400000000000077
microsoft/phi-4,mni,Manipuri,Beng,abugida,0.1017,0.2814,,direct,0.17969999999999997
microsoft/phi-4,moh,Mohawk,Latn,alphabet,0.9565,0.9652,,direct,0.00869999999999993
microsoft/phi-4,mr,Marathi,Deva,abugida,0.2656,0.4125,,direct,0.14689999999999998
microsoft/phi-4,ms,Malay,Latn,alphabet,1.0,1.0,,direct,0.0
microsoft/phi-4,mt,Maltese,Latn,alphabet,0.9091,0.9273,,direct,0.018199999999999994
microsoft/phi-4,mua,Mundang,Latn,alphabet,0.8182,0.8545,,direct,0.0363
microsoft/phi-4,mus,Muscogee,Latn,alphabet,0.9524,0.9619,,direct,0.009499999999999953
microsoft/phi-4,my,Burmese,Mymr,abugida,0.0,0.2,,direct,0.2
microsoft/phi-4,myv,Erzya,Cyrl,alphabet,1.0,1.0,,direct,0.0
microsoft/phi-4,mzn,Mazanderani,Arab,abjad,0.7837,0.8256,,direct,0.04190000000000005
microsoft/phi-4,naq,Nama,Latn,alphabet,0.871,0.8968,,direct,0.025800000000000045
microsoft/phi-4,nd,North Ndebele,Latn,alphabet,1.0,1.0,,direct,0.0
microsoft/phi-4,nds,Low German,Latn,alphabet,1.0,1.0,,direct,0.0
microsoft/phi-4,ne,Nepali,Deva,abugida,0.2537,0.403,,direct,0.14930000000000004
microsoft/phi-4,nl,Dutch,Latn,alphabet,1.0,1.0,,direct,0.0
microsoft/phi-4,nmg,Kwasio,Latn,alphabet,0.7719,0.8175,,direct,0.045599999999999974
microsoft/phi-4,nnh,Ngiemboon,Latn,alphabet,0.7593,0.8074,,direct,0.04810000000000003
microsoft/phi-4,no,Norwegian,Latn,alphabet,1.0,1.0,,direct,0.0
microsoft/phi-4,nqo,N’Ko,Nkoo,alphabet,0.0,0.2,,direct,0.2
microsoft/phi-4,nr,South Ndebele,Latn,alphabet,1.0,1.0,,direct,0.0
microsoft/phi-4,nso,Northern Sotho,Latn,alphabet,1.0,1.0,,direct,0.0
microsoft/phi-4,nus,Nuer,Latn,alphabet,0.8333,0.8667,,direct,0.033399999999999985
microsoft/phi-4,nv,Navajo,Latn,alphabet,0.9355,0.9484,,direct,0.012900000000000023
microsoft/phi-4,ny,Nyanja,Latn,alphabet,0.9583,0.9667,,direct,0.008399999999999963
microsoft/phi-4,nyn,Nyankole,Latn,alphabet,1.0,1.0,,direct,0.0
microsoft/phi-4,oc,Occitan,Latn,alphabet,1.0,1.0,,direct,0.0
microsoft/phi-4,om,Oromo,Latn,alphabet,1.0,1.0,,direct,0.0
microsoft/phi-4,or,Odia,Orya,abugida,0.0,0.2,,direct,0.2
microsoft/phi-4,os,Ossetic,Cyrl,alphabet,0.9706,0.9765,,direct,0.005900000000000016
microsoft/phi-4,osa,Osage,Osge,alphabet,0.025,0.22,,direct,0.195
microsoft/phi-4,pa,Punjabi,Guru,abugida,0.0,0.2,,direct,0.2
microsoft/phi-4,pap,Papiamento,Latn,alphabet,1.0,1.0,,direct,0.0
microsoft/phi-4,pcm,Nigerian Pidgin,Latn,alphabet,0.9688,0.975,,direct,0.006199999999999983
microsoft/phi-4,pis,Pijin,Latn,alphabet,1.0,1.0,,direct,0.0
microsoft/phi-4,pl,Polish,Latn,alphabet,1.0,1.0,,direct,0.0
microsoft/phi-4,prg,Prussian,Latn,alphabet,0.8718,0.8974,,direct,0.025599999999999956
microsoft/phi-4,ps,Pashto,Arab,abjad,0.645,0.715,,direct,0.06999999999999995
microsoft/phi-4,pt,Portuguese,Latn,alphabet,1.0,1.0,,direct,0.0
microsoft/phi-4,qu,Quechua,Latn,alphabet,0.9412,0.9529,,direct,0.011699999999999933
microsoft/phi-4,quc,Kʼicheʼ,Latn,alphabet,0.96,0.968,,direct,0.008000000000000007
microsoft/phi-4,raj,Rajasthani,Deva,abugida,0.3469,0.4776,,direct,0.13070000000000004
microsoft/phi-4,rhg,Rohingya,Rohg,abjad,0.0,0.2,,direct,0.2
microsoft/phi-4,rif,Riffian,Latn,alphabet,0.7742,0.8194,,direct,0.04520000000000002
microsoft/phi-4,rm,Romansh,Latn,alphabet,1.0,1.0,,direct,0.0
microsoft/phi-4,rn,Rundi,Latn,alphabet,1.0,1.0,,direct,0.0
microsoft/phi-4,ro,Romanian,Latn,alphabet,1.0,1.0,,direct,0.0
microsoft/phi-4,rof,Rombo,Latn,alphabet,1.0,1.0,,direct,0.0
microsoft/phi-4,ru,Russian,Cyrl,alphabet,1.0,1.0,,direct,0.0
microsoft/phi-4,rw,Kinyarwanda,Latn,alphabet,1.0,1.0,,direct,0.0
microsoft/phi-4,rwk,Rwa,Latn,alphabet,1.0,1.0,,direct,0.0
microsoft/phi-4,sa,Sanskrit,Deva,abugida,0.2429,0.3943,,direct,0.15139999999999998
microsoft/phi-4,sah,Yakut,Cyrl,alphabet,0.8077,0.8462,,direct,0.03849999999999998
microsoft/phi-4,saq,Samburu,Latn,alphabet,1.0,1.0,,direct,0.0
microsoft/phi-4,sat,Santali,Olck,alphabet,0.0,0.2,,direct,0.2
microsoft/phi-4,sbp,Sangu,Latn,alphabet,1.0,1.0,,direct,0.0
microsoft/phi-4,sc,Sardinian,Latn,alphabet,1.0,1.0,,direct,0.0
microsoft/phi-4,scn,Sicilian,Latn,alphabet,0.9697,0.9758,,direct,0.006099999999999994
microsoft/phi-4,sd,Sindhi,Arab,abjad,0.5904,0.6712,,direct,0.08079999999999998
microsoft/phi-4,sdh,Southern Kurdish,Arab,abjad,0.6765,0.7412,,direct,0.06469999999999998
microsoft/phi-4,se,Northern Sami,Latn,alphabet,0.931,0.9448,,direct,0.013799999999999923
microsoft/phi-4,seh,Sena,Latn,alphabet,1.0,1.0,,direct,0.0
microsoft/phi-4,ses,Koyraboro Senni,Latn,alphabet,0.9062,0.925,,direct,0.01880000000000004
microsoft/phi-4,sg,Sango,Latn,alphabet,1.0,1.0,,direct,0.0
microsoft/phi-4,shi,Tachelhit,Tfng,alphabet,0.0,0.2,,direct,0.2
microsoft/phi-4,shn,Shan,Mymr,abugida,0.0217,0.2174,,direct,0.1957
microsoft/phi-4,si,Sinhala,Sinh,abugida,0.0,0.2,,direct,0.2
microsoft/phi-4,sid,Sidamo,Latn,alphabet,1.0,1.0,,direct,0.0
microsoft/phi-4,sk,Slovak,Latn,alphabet,0.8837,0.907,,direct,0.023299999999999987
microsoft/phi-4,skr,skr,Arab,abjad,0.6061,0.6837,,direct,0.0776
microsoft/phi-4,sl,Slovenian,Latn,alphabet,1.0,1.0,,direct,0.0
microsoft/phi-4,sma,Southern Sami,Latn,alphabet,1.0,1.0,,direct,0.0
microsoft/phi-4,smj,Lule Sami,Latn,alphabet,1.0,1.0,,direct,0.0
microsoft/phi-4,smn,Inari Sami,Latn,alphabet,0.9677,0.9742,,direct,0.00649999999999995
microsoft/phi-4,sms,Skolt Sami,Latn,alphabet,0.8333,0.8667,,direct,0.033399999999999985
microsoft/phi-4,sn,Shona,Latn,alphabet,1.0,1.0,,direct,0.0
microsoft/phi-4,so,Somali,Latn,alphabet,1.0,1.0,,direct,0.0
microsoft/phi-4,sq,Albanian,Latn,alphabet,1.0,1.0,,direct,0.0
microsoft/phi-4,sr,Serbian,Cyrl,alphabet,0.8,0.84,,direct,0.039999999999999925
microsoft/phi-4,ss,Swati,Latn,alphabet,1.0,1.0,,direct,0.0
microsoft/phi-4,ssy,Saho,Latn,alphabet,1.0,1.0,,direct,0.0
microsoft/phi-4,st,Southern Sotho,Latn,alphabet,1.0,1.0,,direct,0.0
microsoft/phi-4,su,Sundanese,Latn,alphabet,1.0,1.0,,direct,0.0
microsoft/phi-4,sv,Swedish,Latn,alphabet,1.0,1.0,,direct,0.0
microsoft/phi-4,sw,Swahili,Latn,alphabet,1.0,1.0,,direct,0.0
microsoft/phi-4,syr,Syriac,Syrc,abjad,0.0,0.2,,direct,0.2
microsoft/phi-4,szl,Silesian,Latn,alphabet,0.9706,0.9765,,direct,0.005900000000000016
microsoft/phi-4,ta,Tamil,Taml,abugida,0.0638,0.2511,,direct,0.1873
microsoft/phi-4,te,Telugu,Telu,abugida,0.0,0.2,,direct,0.2
microsoft/phi-4,teo,Teso,Latn,alphabet,1.0,1.0,,direct,0.0
microsoft/phi-4,tg,Tajik,Cyrl,alphabet,0.8286,0.8629,,direct,0.0343
microsoft/phi-4,th,Thai,Thai,abugida,0.5616,0.6493,,direct,0.0877
microsoft/phi-4,ti,Tigrinya,Ethi,syllabary,0.0,0.2,,within_script_only,0.2
microsoft/phi-4,tig,Tigre,Ethi,syllabary,0.0,0.2,,within_script_only,0.2
microsoft/phi-4,tk,Turkmen,Latn,alphabet,0.9667,0.9733,,direct,0.00660000000000005
microsoft/phi-4,tn,Tswana,Latn,alphabet,1.0,1.0,,direct,0.0
microsoft/phi-4,to,Tongan,Latn,alphabet,0.963,0.9704,,direct,0.007400000000000073
microsoft/phi-4,tok,Toki Pona,Latn,alphabet,1.0,1.0,,direct,0.0
microsoft/phi-4,tpi,Tok Pisin,Latn,alphabet,1.0,1.0,,direct,0.0
microsoft/phi-4,tr,Turkish,Latn,alphabet,1.0,1.0,,direct,0.0
microsoft/phi-4,trv,Taroko,Latn,alphabet,1.0,1.0,,direct,0.0
microsoft/phi-4,trw,Torwali,Arab,abjad,0.6396,0.7104,,direct,0.07080000000000009
microsoft/phi-4,ts,Tsonga,Latn,alphabet,1.0,1.0,,direct,0.0
microsoft/phi-4,tt,Tatar,Cyrl,alphabet,0.8462,0.8769,,direct,0.03070000000000006
microsoft/phi-4,twq,Tasawaq,Latn,alphabet,0.9062,0.925,,direct,0.01880000000000004
microsoft/phi-4,tyv,Tuvinian,Cyrl,alphabet,0.9167,0.9333,,direct,0.01660000000000006
microsoft/phi-4,tzm,Central Atlas Tamazight,Latn,alphabet,0.7419,0.7935,,direct,0.05159999999999998
microsoft/phi-4,ug,Uyghur,Arab,abjad,0.6765,0.7412,,direct,0.06469999999999998
microsoft/phi-4,uk,Ukrainian,Cyrl,alphabet,0.8824,0.9059,,direct,0.023500000000000076
microsoft/phi-4,ur,Urdu,Arab,abjad,0.7816,0.8237,,direct,0.042100000000000026
microsoft/phi-4,uz,Uzbek,Latn,alphabet,0.9259,0.9407,,direct,0.014800000000000035
microsoft/phi-4,vai,Vai,Vaii,syllabary,0.0,0.2,,within_script_only,0.2
microsoft/phi-4,ve,Venda,Latn,alphabet,0.8214,0.8571,,direct,0.035699999999999954
microsoft/phi-4,vec,Venetian,Latn,alphabet,1.0,1.0,,direct,0.0
microsoft/phi-4,vi,Vietnamese,Latn,alphabet,0.8281,0.8618,,direct,0.03370000000000006
microsoft/phi-4,vmw,Makhuwa,Latn,alphabet,1.0,1.0,,direct,0.0
microsoft/phi-4,vo,Volapük,Latn,alphabet,1.0,1.0,,direct,0.0
microsoft/phi-4,vun,Vunjo,Latn,alphabet,1.0,1.0,,direct,0.0
microsoft/phi-4,wa,Walloon,Latn,alphabet,0.9767,0.9814,,direct,0.0047000000000000375
microsoft/phi-4,wae,Walser,Latn,alphabet,0.9744,0.9795,,direct,0.005099999999999993
microsoft/phi-4,wal,Wolaytta,Ethi,syllabary,0.0,0.2,,within_script_only,0.2
microsoft/phi-4,wbp,Warlpiri,Latn,alphabet,1.0,1.0,,direct,0.0
microsoft/phi-4,wo,Wolof,Latn,alphabet,0.9655,0.9724,,direct,0.006900000000000017
microsoft/phi-4,xh,Xhosa,Latn,alphabet,1.0,1.0,,direct,0.0
microsoft/phi-4,xnr,Kangri,Deva,abugida,0.2727,0.4182,,direct,0.14550000000000002
microsoft/phi-4,xog,Soga,Latn,alphabet,1.0,1.0,,direct,0.0
microsoft/phi-4,yav,Yangben,Latn,alphabet,0.8723,0.8979,,direct,0.025600000000000067
microsoft/phi-4,yi,Yiddish,Hebr,abjad,0.4118,0.5294,,direct,0.11759999999999998
microsoft/phi-4,yo,Yoruba,Latn,alphabet,0.875,0.9,,direct,0.025000000000000022
microsoft/phi-4,yrl,Nheengatu,Latn,alphabet,0.8571,0.8857,,direct,0.02860000000000007
microsoft/phi-4,yue,Cantonese,Hant,logographic,0.1495,0.3194,,within_script_only,0.16990000000000002
microsoft/phi-4,za,Zhuang,Latn,alphabet,1.0,1.0,,direct,0.0
microsoft/phi-4,zgh,Standard Moroccan Tamazight,Tfng,alphabet,0.0,0.2,,direct,0.2
microsoft/phi-4,zh,Chinese,Hans,logographic,0.2448,0.3953,,within_script_only,0.1505
microsoft/phi-4,zu,Zulu,Latn,alphabet,1.0,1.0,,direct,0.0
mistralai/Mistral-7B-v0.3,aa,Afar,Latn,alphabet,1.0,1.0,,direct,0.0
mistralai/Mistral-7B-v0.3,ab,Abkhazian,Cyrl,alphabet,0.82,0.82,,direct,0.0
mistralai/Mistral-7B-v0.3,af,Afrikaans,Latn,alphabet,1.0,1.0,,direct,0.0
mistralai/Mistral-7B-v0.3,agq,Aghem,Latn,alphabet,0.9846,0.9846,,direct,0.0
mistralai/Mistral-7B-v0.3,ak,Akan,Latn,alphabet,1.0,1.0,,direct,0.0
mistralai/Mistral-7B-v0.3,am,Amharic,Ethi,syllabary,0.2227,0.2227,,within_script_only,0.0
mistralai/Mistral-7B-v0.3,an,Aragonese,Latn,alphabet,1.0,1.0,,direct,0.0
mistralai/Mistral-7B-v0.3,ann,Obolo,Latn,alphabet,0.9795,0.9795,,direct,0.0
mistralai/Mistral-7B-v0.3,apc,apc,Arab,abjad,1.0,1.0,,direct,0.0
mistralai/Mistral-7B-v0.3,ar,Arabic,Arab,abjad,1.0,1.0,,direct,0.0
mistralai/Mistral-7B-v0.3,arn,Mapuche,Latn,alphabet,0.936,0.936,,direct,0.0
mistralai/Mistral-7B-v0.3,as,Assamese,Beng,abugida,0.6339,0.6339,,direct,0.0
mistralai/Mistral-7B-v0.3,asa,Asu,Latn,alphabet,1.0,1.0,,direct,0.0
mistralai/Mistral-7B-v0.3,ast,Asturian,Latn,alphabet,1.0,1.0,,direct,0.0
mistralai/Mistral-7B-v0.3,az,Azerbaijani,Latn,alphabet,1.0,1.0,,direct,0.0
mistralai/Mistral-7B-v0.3,ba,Bashkir,Cyrl,alphabet,0.9429,0.9429,,direct,0.0
mistralai/Mistral-7B-v0.3,bal,Baluchi,Arab,abjad,0.9758,0.9758,,direct,0.0
mistralai/Mistral-7B-v0.3,bas,Basaa,Latn,alphabet,0.9484,0.9484,,direct,0.0
mistralai/Mistral-7B-v0.3,be,Belarusian,Cyrl,alphabet,1.0,1.0,,direct,0.0
mistralai/Mistral-7B-v0.3,bem,Bemba,Latn,alphabet,1.0,1.0,,direct,0.0
mistralai/Mistral-7B-v0.3,bew,Betawi,Latn,alphabet,1.0,1.0,,direct,0.0
mistralai/Mistral-7B-v0.3,bez,Bena,Latn,alphabet,1.0,1.0,,direct,0.0
mistralai/Mistral-7B-v0.3,bg,Bulgarian,Cyrl,alphabet,1.0,1.0,,direct,0.0
mistralai/Mistral-7B-v0.3,bgc,Haryanvi,Deva,abugida,0.7655,0.7655,,direct,0.0
mistralai/Mistral-7B-v0.3,bgn,Western Balochi,Arab,abjad,0.9784,0.9784,,direct,0.0
mistralai/Mistral-7B-v0.3,bho,Bhojpuri,Deva,abugida,0.8167,0.8167,,direct,0.0
mistralai/Mistral-7B-v0.3,blo,Anii,Latn,alphabet,0.9347,0.9347,,direct,0.0
mistralai/Mistral-7B-v0.3,blt,Tai Dam,Tavt,abugida,0.2,0.2,,direct,0.0
mistralai/Mistral-7B-v0.3,bm,Bambara,Latn,alphabet,1.0,1.0,,direct,0.0
mistralai/Mistral-7B-v0.3,bn,Bangla,Beng,abugida,0.5882,0.5882,,direct,0.0
mistralai/Mistral-7B-v0.3,bo,Tibetan,Tibt,abugida,0.3195,0.3195,,direct,0.0
mistralai/Mistral-7B-v0.3,br,Breton,Latn,alphabet,1.0,1.0,,direct,0.0
mistralai/Mistral-7B-v0.3,brx,Bodo,Deva,abugida,0.7639,0.7639,,direct,0.0
mistralai/Mistral-7B-v0.3,bs,Bosnian,Latn,alphabet,1.0,1.0,,direct,0.0
mistralai/Mistral-7B-v0.3,bss,Akoose,Latn,alphabet,0.9846,0.9846,,direct,0.0
mistralai/Mistral-7B-v0.3,byn,Blin,Ethi,syllabary,0.2221,0.2221,,within_script_only,0.0
mistralai/Mistral-7B-v0.3,ca,Catalan,Latn,alphabet,1.0,1.0,,direct,0.0
mistralai/Mistral-7B-v0.3,cad,Caddo,Latn,alphabet,0.9733,0.9733,,direct,0.0
mistralai/Mistral-7B-v0.3,cch,Atsam,Latn,alphabet,0.9143,0.9143,,direct,0.0
mistralai/Mistral-7B-v0.3,ccp,Chakma,Cakm,abugida,0.2,0.2,,direct,0.0
mistralai/Mistral-7B-v0.3,ce,Chechen,Cyrl,alphabet,1.0,1.0,,direct,0.0
mistralai/Mistral-7B-v0.3,ceb,Cebuano,Latn,alphabet,1.0,1.0,,direct,0.0
mistralai/Mistral-7B-v0.3,cgg,Chiga,Latn,alphabet,1.0,1.0,,direct,0.0
mistralai/Mistral-7B-v0.3,cho,Choctaw,Latn,alphabet,0.9619,0.9619,,direct,0.0
mistralai/Mistral-7B-v0.3,chr,Cherokee,Cher,syllabary,0.2,0.2,,within_script_only,0.0
mistralai/Mistral-7B-v0.3,cic,Chickasaw,Latn,alphabet,0.9579,0.9579,,direct,0.0
mistralai/Mistral-7B-v0.3,ckb,Central Kurdish,Arab,abjad,0.9515,0.9515,,direct,0.0
mistralai/Mistral-7B-v0.3,co,Corsican,Latn,alphabet,1.0,1.0,,direct,0.0
mistralai/Mistral-7B-v0.3,cop,Coptic,Copt,alphabet,0.2,0.2,,direct,0.0
mistralai/Mistral-7B-v0.3,cs,Czech,Latn,alphabet,1.0,1.0,,direct,0.0
mistralai/Mistral-7B-v0.3,csw,Swampy Cree,Cans,syllabary,0.2,0.2,,within_script_only,0.0
mistralai/Mistral-7B-v0.3,cu,Church Slavic,Cyrl,alphabet,0.5889,0.5889,,direct,0.0
mistralai/Mistral-7B-v0.3,cv,Chuvash,Cyrl,alphabet,0.9135,0.9135,,direct,0.0
mistralai/Mistral-7B-v0.3,cy,Welsh,Latn,alphabet,0.9184,0.9184,,direct,0.0
mistralai/Mistral-7B-v0.3,da,Danish,Latn,alphabet,1.0,1.0,,direct,0.0
mistralai/Mistral-7B-v0.3,dav,Taita,Latn,alphabet,1.0,1.0,,direct,0.0
mistralai/Mistral-7B-v0.3,de,German,Latn,alphabet,1.0,1.0,,direct,0.0
mistralai/Mistral-7B-v0.3,dje,Zarma,Latn,alphabet,1.0,1.0,,direct,0.0
mistralai/Mistral-7B-v0.3,doi,Dogri,Deva,abugida,0.6914,0.6914,,direct,0.0
mistralai/Mistral-7B-v0.3,dsb,Lower Sorbian,Latn,alphabet,1.0,1.0,,direct,0.0
mistralai/Mistral-7B-v0.3,dua,Duala,Latn,alphabet,0.9515,0.9515,,direct,0.0
mistralai/Mistral-7B-v0.3,dv,Divehi,Thaa,abjad,0.2,0.2,,direct,0.0
mistralai/Mistral-7B-v0.3,dyo,Jola-Fonyi,Latn,alphabet,1.0,1.0,,direct,0.0
mistralai/Mistral-7B-v0.3,dz,Dzongkha,Tibt,abugida,0.3793,0.3793,,direct,0.0
mistralai/Mistral-7B-v0.3,ebu,Embu,Latn,alphabet,1.0,1.0,,direct,0.0
mistralai/Mistral-7B-v0.3,ee,Ewe,Latn,alphabet,0.9833,0.9833,,direct,0.0
mistralai/Mistral-7B-v0.3,el,Greek,Grek,alphabet,0.9111,0.9111,,direct,0.0
mistralai/Mistral-7B-v0.3,en,English,Latn,alphabet,1.0,1.0,,direct,0.0
mistralai/Mistral-7B-v0.3,eo,Esperanto,Latn,alphabet,0.9143,0.9143,,direct,0.0
mistralai/Mistral-7B-v0.3,es,Spanish,Latn,alphabet,1.0,1.0,,direct,0.0
mistralai/Mistral-7B-v0.3,et,Estonian,Latn,alphabet,1.0,1.0,,direct,0.0
mistralai/Mistral-7B-v0.3,eu,Basque,Latn,alphabet,1.0,1.0,,direct,0.0
mistralai/Mistral-7B-v0.3,ewo,Ewondo,Latn,alphabet,0.9846,0.9846,,direct,0.0
mistralai/Mistral-7B-v0.3,fa,Persian,Arab,abjad,1.0,1.0,,direct,0.0
mistralai/Mistral-7B-v0.3,ff,Fula,Latn,alphabet,0.9111,0.9111,,direct,0.0
mistralai/Mistral-7B-v0.3,fi,Finnish,Latn,alphabet,1.0,1.0,,direct,0.0
mistralai/Mistral-7B-v0.3,fil,Filipino,Latn,alphabet,1.0,1.0,,direct,0.0
mistralai/Mistral-7B-v0.3,fo,Faroese,Latn,alphabet,1.0,1.0,,direct,0.0
mistralai/Mistral-7B-v0.3,fr,French,Latn,alphabet,1.0,1.0,,direct,0.0
mistralai/Mistral-7B-v0.3,frr,Northern Frisian,Latn,alphabet,1.0,1.0,,direct,0.0
mistralai/Mistral-7B-v0.3,fur,Friulian,Latn,alphabet,1.0,1.0,,direct,0.0
mistralai/Mistral-7B-v0.3,fy,Western Frisian,Latn,alphabet,1.0,1.0,,direct,0.0
mistralai/Mistral-7B-v0.3,ga,Irish,Latn,alphabet,1.0,1.0,,direct,0.0
mistralai/Mistral-7B-v0.3,gaa,Ga,Latn,alphabet,1.0,1.0,,direct,0.0
mistralai/Mistral-7B-v0.3,gd,Scottish Gaelic,Latn,alphabet,1.0,1.0,,direct,0.0
mistralai/Mistral-7B-v0.3,gez,Geez,Ethi,syllabary,0.23,0.23,,within_script_only,0.0
mistralai/Mistral-7B-v0.3,gl,Galician,Latn,alphabet,1.0,1.0,,direct,0.0
mistralai/Mistral-7B-v0.3,gn,Guarani,Latn,alphabet,1.0,1.0,,direct,0.0
mistralai/Mistral-7B-v0.3,gsw,Swiss German,Latn,alphabet,1.0,1.0,,direct,0.0
mistralai/Mistral-7B-v0.3,gu,Gujarati,Gujr,abugida,0.2588,0.2588,,direct,0.0
mistralai/Mistral-7B-v0.3,guz,Gusii,Latn,alphabet,1.0,1.0,,direct,0.0
mistralai/Mistral-7B-v0.3,gv,Manx,Latn,alphabet,1.0,1.0,,direct,0.0
mistralai/Mistral-7B-v0.3,ha,Hausa,Latn,alphabet,0.8815,0.8815,,direct,0.0
mistralai/Mistral-7B-v0.3,haw,Hawaiian,Latn,alphabet,1.0,1.0,,direct,0.0
mistralai/Mistral-7B-v0.3,he,Hebrew,Hebr,abjad,1.0,1.0,,direct,0.0
mistralai/Mistral-7B-v0.3,hi,Hindi,Deva,abugida,0.7134,0.7134,,direct,0.0
mistralai/Mistral-7B-v0.3,hnj,Hmong Njua,Hmnp,alphabet,0.2,0.2,,direct,0.0
mistralai/Mistral-7B-v0.3,hr,Croatian,Latn,alphabet,1.0,1.0,,direct,0.0
mistralai/Mistral-7B-v0.3,hsb,Upper Sorbian,Latn,alphabet,1.0,1.0,,direct,0.0
mistralai/Mistral-7B-v0.3,ht,Haitian Creole,Latn,alphabet,1.0,1.0,,direct,0.0
mistralai/Mistral-7B-v0.3,hu,Hungarian,Latn,alphabet,1.0,1.0,,direct,0.0
mistralai/Mistral-7B-v0.3,hy,Armenian,Armn,alphabet,0.7053,0.7053,,direct,0.0
mistralai/Mistral-7B-v0.3,ia,Interlingua,Latn,alphabet,1.0,1.0,,direct,0.0
mistralai/Mistral-7B-v0.3,id,Indonesian,Latn,alphabet,1.0,1.0,,direct,0.0
mistralai/Mistral-7B-v0.3,ie,Interlingue,Latn,alphabet,1.0,1.0,,direct,0.0
mistralai/Mistral-7B-v0.3,ig,Igbo,Latn,alphabet,1.0,1.0,,direct,0.0
mistralai/Mistral-7B-v0.3,ii,Sichuan Yi,Yiii,syllabary,0.2,0.2,,within_script_only,0.0
mistralai/Mistral-7B-v0.3,io,Ido,Latn,alphabet,1.0,1.0,,direct,0.0
mistralai/Mistral-7B-v0.3,is,Icelandic,Latn,alphabet,1.0,1.0,,direct,0.0
mistralai/Mistral-7B-v0.3,it,Italian,Latn,alphabet,1.0,1.0,,direct,0.0
mistralai/Mistral-7B-v0.3,iu,Inuktitut,Cans,syllabary,0.2,0.2,,within_script_only,0.0
mistralai/Mistral-7B-v0.3,ja,Japanese,Jpan,mixed_logographic,0.5569,0.5569,,within_script_only,0.0
mistralai/Mistral-7B-v0.3,jbo,Lojban,Latn,alphabet,1.0,1.0,,direct,0.0
mistralai/Mistral-7B-v0.3,jgo,Ngomba,Latn,alphabet,0.9111,0.9111,,direct,0.0
mistralai/Mistral-7B-v0.3,jmc,Machame,Latn,alphabet,1.0,1.0,,direct,0.0
mistralai/Mistral-7B-v0.3,jv,Javanese,Latn,alphabet,1.0,1.0,,direct,0.0
mistralai/Mistral-7B-v0.3,ka,Georgian,Geor,alphabet,0.903,0.903,,direct,0.0
mistralai/Mistral-7B-v0.3,kaa,Kara-Kalpak,Cyrl,alphabet,1.0,1.0,,direct,0.0
mistralai/Mistral-7B-v0.3,kab,Kabyle,Latn,alphabet,1.0,1.0,,direct,0.0
mistralai/Mistral-7B-v0.3,kaj,Jju,Latn,alphabet,1.0,1.0,,direct,0.0
mistralai/Mistral-7B-v0.3,kam,Kamba,Latn,alphabet,1.0,1.0,,direct,0.0
mistralai/Mistral-7B-v0.3,kcg,Tyap,Latn,alphabet,0.968,0.968,,direct,0.0
mistralai/Mistral-7B-v0.3,kde,Makonde,Latn,alphabet,1.0,1.0,,direct,0.0
mistralai/Mistral-7B-v0.3,kea,Kabuverdianu,Latn,alphabet,1.0,1.0,,direct,0.0
mistralai/Mistral-7B-v0.3,ken,Kenyang,Latn,alphabet,0.9805,0.9805,,direct,0.0
mistralai/Mistral-7B-v0.3,kgp,Kaingang,Latn,alphabet,1.0,1.0,,direct,0.0
mistralai/Mistral-7B-v0.3,khq,Koyra Chiini,Latn,alphabet,1.0,1.0,,direct,0.0
mistralai/Mistral-7B-v0.3,ki,Kikuyu,Latn,alphabet,1.0,1.0,,direct,0.0
mistralai/Mistral-7B-v0.3,kk,Kazakh,Cyrl,alphabet,1.0,1.0,,direct,0.0
mistralai/Mistral-7B-v0.3,kkj,Kako,Latn,alphabet,0.966,0.966,,direct,0.0
mistralai/Mistral-7B-v0.3,kl,Kalaallisut,Latn,alphabet,1.0,1.0,,direct,0.0
mistralai/Mistral-7B-v0.3,kln,Kalenjin,Latn,alphabet,1.0,1.0,,direct,0.0
mistralai/Mistral-7B-v0.3,km,Khmer,Khmr,abugida,0.5556,0.5556,,direct,0.0
mistralai/Mistral-7B-v0.3,kn,Kannada,Knda,abugida,0.4028,0.4028,,direct,0.0
mistralai/Mistral-7B-v0.3,ko,Korean,Kore,featural_syllabary,0.2248,0.2248,0.2,within_script_only,0.0
mistralai/Mistral-7B-v0.3,kok,Konkani,Deva,abugida,0.6468,0.6468,,direct,0.0
mistralai/Mistral-7B-v0.3,kpe,Kpelle,Latn,alphabet,0.9724,0.9724,,direct,0.0
mistralai/Mistral-7B-v0.3,ks,Kashmiri,Arab,abjad,0.9304,0.9304,,direct,0.0
mistralai/Mistral-7B-v0.3,ksb,Shambala,Latn,alphabet,1.0,1.0,,direct,0.0
mistralai/Mistral-7B-v0.3,ksf,Bafia,Latn,alphabet,1.0,1.0,,direct,0.0
mistralai/Mistral-7B-v0.3,ksh,Colognian,Latn,alphabet,1.0,1.0,,direct,0.0
mistralai/Mistral-7B-v0.3,ku,Kurdish,Latn,alphabet,1.0,1.0,,direct,0.0
mistralai/Mistral-7B-v0.3,kw,Cornish,Latn,alphabet,1.0,1.0,,direct,0.0
mistralai/Mistral-7B-v0.3,kxv,Kuvi,Latn,alphabet,1.0,1.0,,direct,0.0
mistralai/Mistral-7B-v0.3,ky,Kyrgyz,Cyrl,alphabet,1.0,1.0,,direct,0.0
mistralai/Mistral-7B-v0.3,la,Latin,Latn,alphabet,1.0,1.0,,direct,0.0
mistralai/Mistral-7B-v0.3,lag,Langi,Latn,alphabet,0.9758,0.9758,,direct,0.0
mistralai/Mistral-7B-v0.3,lb,Luxembourgish,Latn,alphabet,1.0,1.0,,direct,0.0
mistralai/Mistral-7B-v0.3,lg,Ganda,Latn,alphabet,1.0,1.0,,direct,0.0
mistralai/Mistral-7B-v0.3,lij,Ligurian,Latn,alphabet,1.0,1.0,,direct,0.0
mistralai/Mistral-7B-v0.3,lkt,Lakota,Latn,alphabet,0.9733,0.9733,,direct,0.0
mistralai/Mistral-7B-v0.3,lld,lld,Latn,alphabet,1.0,1.0,,direct,0.0
mistralai/Mistral-7B-v0.3,lmo,Lombard,Latn,alphabet,1.0,1.0,,direct,0.0
mistralai/Mistral-7B-v0.3,ln,Lingala,Latn,alphabet,1.0,1.0,,direct,0.0
mistralai/Mistral-7B-v0.3,lo,Lao,Laoo,abugida,0.2291,0.2291,,direct,0.0
mistralai/Mistral-7B-v0.3,lrc,Northern Luri,Arab,abjad,0.8884,0.8884,,direct,0.0
mistralai/Mistral-7B-v0.3,lt,Lithuanian,Latn,alphabet,1.0,1.0,,direct,0.0
mistralai/Mistral-7B-v0.3,ltg,Latgalian,Latn,alphabet,1.0,1.0,,direct,0.0
mistralai/Mistral-7B-v0.3,lu,Luba-Katanga,Latn,alphabet,1.0,1.0,,direct,0.0
mistralai/Mistral-7B-v0.3,luo,Luo,Latn,alphabet,1.0,1.0,,direct,0.0
mistralai/Mistral-7B-v0.3,luy,Luyia,Latn,alphabet,1.0,1.0,,direct,0.0
mistralai/Mistral-7B-v0.3,lv,Latvian,Latn,alphabet,1.0,1.0,,direct,0.0
mistralai/Mistral-7B-v0.3,mai,Maithili,Deva,abugida,0.8578,0.8578,,direct,0.0
mistralai/Mistral-7B-v0.3,mas,Masai,Latn,alphabet,0.983,0.983,,direct,0.0
mistralai/Mistral-7B-v0.3,mdf,Moksha,Cyrl,alphabet,1.0,1.0,,direct,0.0
mistralai/Mistral-7B-v0.3,mer,Meru,Latn,alphabet,1.0,1.0,,direct,0.0
mistralai/Mistral-7B-v0.3,mfe,Morisyen,Latn,alphabet,1.0,1.0,,direct,0.0
mistralai/Mistral-7B-v0.3,mg,Malagasy,Latn,alphabet,1.0,1.0,,direct,0.0
mistralai/Mistral-7B-v0.3,mgh,Makhuwa-Meetto,Latn,alphabet,1.0,1.0,,direct,0.0
mistralai/Mistral-7B-v0.3,mgo,Metaʼ,Latn,alphabet,1.0,1.0,,direct,0.0
mistralai/Mistral-7B-v0.3,mhn,mhn,Latn,alphabet,1.0,1.0,,direct,0.0
mistralai/Mistral-7B-v0.3,mi,Māori,Latn,alphabet,1.0,1.0,,direct,0.0
mistralai/Mistral-7B-v0.3,mic,Mi'kmaw,Latn,alphabet,1.0,1.0,,direct,0.0
mistralai/Mistral-7B-v0.3,mk,Macedonian,Cyrl,alphabet,0.9742,0.9742,,direct,0.0
mistralai/Mistral-7B-v0.3,ml,Malayalam,Mlym,abugida,0.2157,0.2157,,direct,0.0
mistralai/Mistral-7B-v0.3,mn,Mongolian,Cyrl,alphabet,1.0,1.0,,direct,0.0
mistralai/Mistral-7B-v0.3,mni,Manipuri,Beng,abugida,0.6475,0.6475,,direct,0.0
mistralai/Mistral-7B-v0.3,moh,Mohawk,Latn,alphabet,1.0,1.0,,direct,0.0
mistralai/Mistral-7B-v0.3,mr,Marathi,Deva,abugida,0.725,0.725,,direct,0.0
mistralai/Mistral-7B-v0.3,ms,Malay,Latn,alphabet,1.0,1.0,,direct,0.0
mistralai/Mistral-7B-v0.3,mt,Maltese,Latn,alphabet,0.9758,0.9758,,direct,0.0
mistralai/Mistral-7B-v0.3,mua,Mundang,Latn,alphabet,0.9273,0.9273,,direct,0.0
mistralai/Mistral-7B-v0.3,mus,Muscogee,Latn,alphabet,1.0,1.0,,direct,0.0
mistralai/Mistral-7B-v0.3,my,Burmese,Mymr,abugida,0.4267,0.4267,,direct,0.0
mistralai/Mistral-7B-v0.3,myv,Erzya,Cyrl,alphabet,1.0,1.0,,direct,0.0
mistralai/Mistral-7B-v0.3,mzn,Mazanderani,Arab,abjad,1.0,1.0,,direct,0.0
mistralai/Mistral-7B-v0.3,naq,Nama,Latn,alphabet,0.9226,0.9226,,direct,0.0
mistralai/Mistral-7B-v0.3,nd,North Ndebele,Latn,alphabet,1.0,1.0,,direct,0.0
mistralai/Mistral-7B-v0.3,nds,Low German,Latn,alphabet,1.0,1.0,,direct,0.0
mistralai/Mistral-7B-v0.3,ne,Nepali,Deva,abugida,0.7134,0.7134,,direct,0.0
mistralai/Mistral-7B-v0.3,nl,Dutch,Latn,alphabet,1.0,1.0,,direct,0.0
mistralai/Mistral-7B-v0.3,nmg,Kwasio,Latn,alphabet,0.986,0.986,,direct,0.0
mistralai/Mistral-7B-v0.3,nnh,Ngiemboon,Latn,alphabet,0.9556,0.9556,,direct,0.0
mistralai/Mistral-7B-v0.3,no,Norwegian,Latn,alphabet,1.0,1.0,,direct,0.0
mistralai/Mistral-7B-v0.3,nqo,N’Ko,Nkoo,alphabet,0.2,0.2,,direct,0.0
mistralai/Mistral-7B-v0.3,nr,South Ndebele,Latn,alphabet,1.0,1.0,,direct,0.0
mistralai/Mistral-7B-v0.3,nso,Northern Sotho,Latn,alphabet,1.0,1.0,,direct,0.0
mistralai/Mistral-7B-v0.3,nus,Nuer,Latn,alphabet,0.9778,0.9778,,direct,0.0
mistralai/Mistral-7B-v0.3,nv,Navajo,Latn,alphabet,1.0,1.0,,direct,0.0
mistralai/Mistral-7B-v0.3,ny,Nyanja,Latn,alphabet,0.9667,0.9667,,direct,0.0
mistralai/Mistral-7B-v0.3,nyn,Nyankole,Latn,alphabet,1.0,1.0,,direct,0.0
mistralai/Mistral-7B-v0.3,oc,Occitan,Latn,alphabet,1.0,1.0,,direct,0.0
mistralai/Mistral-7B-v0.3,om,Oromo,Latn,alphabet,1.0,1.0,,direct,0.0
mistralai/Mistral-7B-v0.3,or,Odia,Orya,abugida,0.2,0.2,,direct,0.0
mistralai/Mistral-7B-v0.3,os,Ossetic,Cyrl,alphabet,0.9765,0.9765,,direct,0.0
mistralai/Mistral-7B-v0.3,osa,Osage,Osge,alphabet,0.24,0.24,,direct,0.0
mistralai/Mistral-7B-v0.3,pa,Punjabi,Guru,abugida,0.2235,0.2235,,direct,0.0
mistralai/Mistral-7B-v0.3,pap,Papiamento,Latn,alphabet,1.0,1.0,,direct,0.0
mistralai/Mistral-7B-v0.3,pcm,Nigerian Pidgin,Latn,alphabet,0.975,0.975,,direct,0.0
mistralai/Mistral-7B-v0.3,pis,Pijin,Latn,alphabet,1.0,1.0,,direct,0.0
mistralai/Mistral-7B-v0.3,pl,Polish,Latn,alphabet,1.0,1.0,,direct,0.0
mistralai/Mistral-7B-v0.3,prg,Prussian,Latn,alphabet,0.959,0.959,,direct,0.0
mistralai/Mistral-7B-v0.3,ps,Pashto,Arab,abjad,0.8533,0.8533,,direct,0.0
mistralai/Mistral-7B-v0.3,pt,Portuguese,Latn,alphabet,1.0,1.0,,direct,0.0
mistralai/Mistral-7B-v0.3,qu,Quechua,Latn,alphabet,1.0,1.0,,direct,0.0
mistralai/Mistral-7B-v0.3,quc,Kʼicheʼ,Latn,alphabet,1.0,1.0,,direct,0.0
mistralai/Mistral-7B-v0.3,raj,Rajasthani,Deva,abugida,0.8041,0.8041,,direct,0.0
mistralai/Mistral-7B-v0.3,rhg,Rohingya,Rohg,abjad,0.2,0.2,,direct,0.0
mistralai/Mistral-7B-v0.3,rif,Riffian,Latn,alphabet,1.0,1.0,,direct,0.0
mistralai/Mistral-7B-v0.3,rm,Romansh,Latn,alphabet,1.0,1.0,,direct,0.0
mistralai/Mistral-7B-v0.3,rn,Rundi,Latn,alphabet,1.0,1.0,,direct,0.0
mistralai/Mistral-7B-v0.3,ro,Romanian,Latn,alphabet,1.0,1.0,,direct,0.0
mistralai/Mistral-7B-v0.3,rof,Rombo,Latn,alphabet,1.0,1.0,,direct,0.0
mistralai/Mistral-7B-v0.3,ru,Russian,Cyrl,alphabet,1.0,1.0,,direct,0.0
mistralai/Mistral-7B-v0.3,rw,Kinyarwanda,Latn,alphabet,1.0,1.0,,direct,0.0
mistralai/Mistral-7B-v0.3,rwk,Rwa,Latn,alphabet,1.0,1.0,,direct,0.0
mistralai/Mistral-7B-v0.3,sa,Sanskrit,Deva,abugida,0.6914,0.6914,,direct,0.0
mistralai/Mistral-7B-v0.3,sah,Yakut,Cyrl,alphabet,0.9385,0.9385,,direct,0.0
mistralai/Mistral-7B-v0.3,saq,Samburu,Latn,alphabet,1.0,1.0,,direct,0.0
mistralai/Mistral-7B-v0.3,sat,Santali,Olck,alphabet,0.2,0.2,,direct,0.0
mistralai/Mistral-7B-v0.3,sbp,Sangu,Latn,alphabet,1.0,1.0,,direct,0.0
mistralai/Mistral-7B-v0.3,sc,Sardinian,Latn,alphabet,1.0,1.0,,direct,0.0
mistralai/Mistral-7B-v0.3,scn,Sicilian,Latn,alphabet,1.0,1.0,,direct,0.0
mistralai/Mistral-7B-v0.3,sd,Sindhi,Arab,abjad,0.7231,0.7231,,direct,0.0
mistralai/Mistral-7B-v0.3,sdh,Southern Kurdish,Arab,abjad,0.9294,0.9294,,direct,0.0
mistralai/Mistral-7B-v0.3,se,Northern Sami,Latn,alphabet,0.9724,0.9724,,direct,0.0
mistralai/Mistral-7B-v0.3,seh,Sena,Latn,alphabet,1.0,1.0,,direct,0.0
mistralai/Mistral-7B-v0.3,ses,Koyraboro Senni,Latn,alphabet,1.0,1.0,,direct,0.0
mistralai/Mistral-7B-v0.3,sg,Sango,Latn,alphabet,1.0,1.0,,direct,0.0
mistralai/Mistral-7B-v0.3,shi,Tachelhit,Tfng,alphabet,0.325,0.325,,direct,0.0
mistralai/Mistral-7B-v0.3,shn,Shan,Mymr,abugida,0.4261,0.4261,,direct,0.0
mistralai/Mistral-7B-v0.3,si,Sinhala,Sinh,abugida,0.3081,0.3081,,direct,0.0
mistralai/Mistral-7B-v0.3,sid,Sidamo,Latn,alphabet,1.0,1.0,,direct,0.0
mistralai/Mistral-7B-v0.3,sk,Slovak,Latn,alphabet,0.9814,0.9814,,direct,0.0
mistralai/Mistral-7B-v0.3,skr,skr,Arab,abjad,0.8694,0.8694,,direct,0.0
mistralai/Mistral-7B-v0.3,sl,Slovenian,Latn,alphabet,1.0,1.0,,direct,0.0
mistralai/Mistral-7B-v0.3,sma,Southern Sami,Latn,alphabet,1.0,1.0,,direct,0.0
mistralai/Mistral-7B-v0.3,smj,Lule Sami,Latn,alphabet,1.0,1.0,,direct,0.0
mistralai/Mistral-7B-v0.3,smn,Inari Sami,Latn,alphabet,1.0,1.0,,direct,0.0
mistralai/Mistral-7B-v0.3,sms,Skolt Sami,Latn,alphabet,0.9333,0.9333,,direct,0.0
mistralai/Mistral-7B-v0.3,sn,Shona,Latn,alphabet,1.0,1.0,,direct,0.0
mistralai/Mistral-7B-v0.3,so,Somali,Latn,alphabet,1.0,1.0,,direct,0.0
mistralai/Mistral-7B-v0.3,sq,Albanian,Latn,alphabet,1.0,1.0,,direct,0.0
mistralai/Mistral-7B-v0.3,sr,Serbian,Cyrl,alphabet,1.0,1.0,,direct,0.0
mistralai/Mistral-7B-v0.3,ss,Swati,Latn,alphabet,1.0,1.0,,direct,0.0
mistralai/Mistral-7B-v0.3,ssy,Saho,Latn,alphabet,1.0,1.0,,direct,0.0
mistralai/Mistral-7B-v0.3,st,Southern Sotho,Latn,alphabet,1.0,1.0,,direct,0.0
mistralai/Mistral-7B-v0.3,su,Sundanese,Latn,alphabet,1.0,1.0,,direct,0.0
mistralai/Mistral-7B-v0.3,sv,Swedish,Latn,alphabet,1.0,1.0,,direct,0.0
mistralai/Mistral-7B-v0.3,sw,Swahili,Latn,alphabet,1.0,1.0,,direct,0.0
mistralai/Mistral-7B-v0.3,syr,Syriac,Syrc,abjad,0.2,0.2,,direct,0.0
mistralai/Mistral-7B-v0.3,szl,Silesian,Latn,alphabet,1.0,1.0,,direct,0.0
mistralai/Mistral-7B-v0.3,ta,Tamil,Taml,abugida,0.5745,0.5745,,direct,0.0
mistralai/Mistral-7B-v0.3,te,Telugu,Telu,abugida,0.3257,0.3257,,direct,0.0
mistralai/Mistral-7B-v0.3,teo,Teso,Latn,alphabet,1.0,1.0,,direct,0.0
mistralai/Mistral-7B-v0.3,tg,Tajik,Cyrl,alphabet,0.9314,0.9314,,direct,0.0
mistralai/Mistral-7B-v0.3,th,Thai,Thai,abugida,0.8027,0.8027,,direct,0.0
mistralai/Mistral-7B-v0.3,ti,Tigrinya,Ethi,syllabary,0.2213,0.2213,,within_script_only,0.0
mistralai/Mistral-7B-v0.3,tig,Tigre,Ethi,syllabary,0.2142,0.2142,,within_script_only,0.0
mistralai/Mistral-7B-v0.3,tk,Turkmen,Latn,alphabet,1.0,1.0,,direct,0.0
mistralai/Mistral-7B-v0.3,tn,Tswana,Latn,alphabet,1.0,1.0,,direct,0.0
mistralai/Mistral-7B-v0.3,to,Tongan,Latn,alphabet,1.0,1.0,,direct,0.0
mistralai/Mistral-7B-v0.3,tok,Toki Pona,Latn,alphabet,1.0,1.0,,direct,0.0
mistralai/Mistral-7B-v0.3,tpi,Tok Pisin,Latn,alphabet,1.0,1.0,,direct,0.0
mistralai/Mistral-7B-v0.3,tr,Turkish,Latn,alphabet,1.0,1.0,,direct,0.0
mistralai/Mistral-7B-v0.3,trv,Taroko,Latn,alphabet,1.0,1.0,,direct,0.0
mistralai/Mistral-7B-v0.3,trw,Torwali,Arab,abjad,0.8833,0.8833,,direct,0.0
mistralai/Mistral-7B-v0.3,ts,Tsonga,Latn,alphabet,1.0,1.0,,direct,0.0
mistralai/Mistral-7B-v0.3,tt,Tatar,Cyrl,alphabet,0.9795,0.9795,,direct,0.0
mistralai/Mistral-7B-v0.3,twq,Tasawaq,Latn,alphabet,1.0,1.0,,direct,0.0
mistralai/Mistral-7B-v0.3,tyv,Tuvinian,Cyrl,alphabet,1.0,1.0,,direct,0.0
mistralai/Mistral-7B-v0.3,tzm,Central Atlas Tamazight,Latn,alphabet,1.0,1.0,,direct,0.0
mistralai/Mistral-7B-v0.3,ug,Uyghur,Arab,abjad,0.8824,0.8824,,direct,0.0
mistralai/Mistral-7B-v0.3,uk,Ukrainian,Cyrl,alphabet,1.0,1.0,,direct,0.0
mistralai/Mistral-7B-v0.3,ur,Urdu,Arab,abjad,0.9789,0.9789,,direct,0.0
mistralai/Mistral-7B-v0.3,uz,Uzbek,Latn,alphabet,1.0,1.0,,direct,0.0
mistralai/Mistral-7B-v0.3,vai,Vai,Vaii,syllabary,0.2,0.2,,within_script_only,0.0
mistralai/Mistral-7B-v0.3,ve,Venda,Latn,alphabet,0.8857,0.8857,,direct,0.0
mistralai/Mistral-7B-v0.3,vec,Venetian,Latn,alphabet,1.0,1.0,,direct,0.0
mistralai/Mistral-7B-v0.3,vi,Vietnamese,Latn,alphabet,0.9281,0.9281,,direct,0.0
mistralai/Mistral-7B-v0.3,vmw,Makhuwa,Latn,alphabet,1.0,1.0,,direct,0.0
mistralai/Mistral-7B-v0.3,vo,Volapük,Latn,alphabet,1.0,1.0,,direct,0.0
mistralai/Mistral-7B-v0.3,vun,Vunjo,Latn,alphabet,1.0,1.0,,direct,0.0
mistralai/Mistral-7B-v0.3,wa,Walloon,Latn,alphabet,1.0,1.0,,direct,0.0
mistralai/Mistral-7B-v0.3,wae,Walser,Latn,alphabet,1.0,1.0,,direct,0.0
mistralai/Mistral-7B-v0.3,wal,Wolaytta,Ethi,syllabary,0.2148,0.2148,,within_script_only,0.0
mistralai/Mistral-7B-v0.3,wbp,Warlpiri,Latn,alphabet,1.0,1.0,,direct,0.0
mistralai/Mistral-7B-v0.3,wo,Wolof,Latn,alphabet,1.0,1.0,,direct,0.0
mistralai/Mistral-7B-v0.3,xh,Xhosa,Latn,alphabet,1.0,1.0,,direct,0.0
mistralai/Mistral-7B-v0.3,xnr,Kangri,Deva,abugida,0.7333,0.7333,,direct,0.0
mistralai/Mistral-7B-v0.3,xog,Soga,Latn,alphabet,1.0,1.0,,direct,0.0
mistralai/Mistral-7B-v0.3,yav,Yangben,Latn,alphabet,1.0,1.0,,direct,0.0
mistralai/Mistral-7B-v0.3,yi,Yiddish,Hebr,abjad,0.9294,0.9294,,direct,0.0
mistralai/Mistral-7B-v0.3,yo,Yoruba,Latn,alphabet,0.94,0.94,,direct,0.0
mistralai/Mistral-7B-v0.3,yrl,Nheengatu,Latn,alphabet,1.0,1.0,,direct,0.0
mistralai/Mistral-7B-v0.3,yue,Cantonese,Hant,logographic,0.5135,0.5135,,within_script_only,0.0
mistralai/Mistral-7B-v0.3,za,Zhuang,Latn,alphabet,1.0,1.0,,direct,0.0
mistralai/Mistral-7B-v0.3,zgh,Standard Moroccan Tamazight,Tfng,alphabet,0.325,0.325,,direct,0.0
mistralai/Mistral-7B-v0.3,zh,Chinese,Hans,logographic,0.6376,0.6376,,within_script_only,0.0
mistralai/Mistral-7B-v0.3,zu,Zulu,Latn,alphabet,1.0,1.0,,direct,0.0
mistralai/Mistral-Nemo-Base-2407,aa,Afar,Latn,alphabet,1.0,1.0,,direct,0.0
mistralai/Mistral-Nemo-Base-2407,ab,Abkhazian,Cyrl,alphabet,0.725,0.78,,direct,0.05500000000000005
mistralai/Mistral-Nemo-Base-2407,af,Afrikaans,Latn,alphabet,1.0,1.0,,direct,0.0
mistralai/Mistral-Nemo-Base-2407,agq,Aghem,Latn,alphabet,0.7308,0.7846,,direct,0.05379999999999996
mistralai/Mistral-Nemo-Base-2407,ak,Akan,Latn,alphabet,0.9091,0.9273,,direct,0.018199999999999994
mistralai/Mistral-Nemo-Base-2407,am,Amharic,Ethi,syllabary,0.0,0.2,,within_script_only,0.2
mistralai/Mistral-Nemo-Base-2407,an,Aragonese,Latn,alphabet,1.0,1.0,,direct,0.0
mistralai/Mistral-Nemo-Base-2407,ann,Obolo,Latn,alphabet,0.9231,0.9385,,direct,0.01539999999999997
mistralai/Mistral-Nemo-Base-2407,apc,apc,Arab,abjad,1.0,1.0,,direct,0.0
mistralai/Mistral-Nemo-Base-2407,ar,Arabic,Arab,abjad,1.0,1.0,,direct,0.0
mistralai/Mistral-Nemo-Base-2407,arn,Mapuche,Latn,alphabet,0.88,0.904,,direct,0.02400000000000002
mistralai/Mistral-Nemo-Base-2407,as,Assamese,Beng,abugida,0.8542,0.8814,,direct,0.027200000000000002
mistralai/Mistral-Nemo-Base-2407,asa,Asu,Latn,alphabet,1.0,1.0,,direct,0.0
mistralai/Mistral-Nemo-Base-2407,ast,Asturian,Latn,alphabet,0.9375,0.95,,direct,0.012499999999999956
mistralai/Mistral-Nemo-Base-2407,az,Azerbaijani,Latn,alphabet,1.0,1.0,,direct,0.0
mistralai/Mistral-Nemo-Base-2407,ba,Bashkir,Cyrl,alphabet,0.9286,0.9429,,direct,0.01429999999999998
mistralai/Mistral-Nemo-Base-2407,bal,Baluchi,Arab,abjad,0.9394,0.9515,,direct,0.0121
mistralai/Mistral-Nemo-Base-2407,bas,Basaa,Latn,alphabet,0.7419,0.7935,,direct,0.05159999999999998
mistralai/Mistral-Nemo-Base-2407,be,Belarusian,Cyrl,alphabet,1.0,1.0,,direct,0.0
mistralai/Mistral-Nemo-Base-2407,bem,Bemba,Latn,alphabet,1.0,1.0,,direct,0.0
mistralai/Mistral-Nemo-Base-2407,bew,Betawi,Latn,alphabet,0.9655,0.9724,,direct,0.006900000000000017
mistralai/Mistral-Nemo-Base-2407,bez,Bena,Latn,alphabet,1.0,1.0,,direct,0.0
mistralai/Mistral-Nemo-Base-2407,bg,Bulgarian,Cyrl,alphabet,1.0,1.0,,direct,0.0
mistralai/Mistral-Nemo-Base-2407,bgc,Haryanvi,Deva,abugida,0.9672,0.9707,,direct,0.0035000000000000586
mistralai/Mistral-Nemo-Base-2407,bgn,Western Balochi,Arab,abjad,0.9459,0.9568,,direct,0.01090000000000002
mistralai/Mistral-Nemo-Base-2407,bho,Bhojpuri,Deva,abugida,0.9938,0.9938,,direct,0.0
mistralai/Mistral-Nemo-Base-2407,blo,Anii,Latn,alphabet,0.7551,0.8041,,direct,0.049000000000000044
mistralai/Mistral-Nemo-Base-2407,blt,Tai Dam,Tavt,abugida,0.0,0.2,,direct,0.2
mistralai/Mistral-Nemo-Base-2407,bm,Bambara,Latn,alphabet,0.8519,0.8815,,direct,0.02959999999999996
mistralai/Mistral-Nemo-Base-2407,bn,Bangla,Beng,abugida,0.7706,0.8147,,direct,0.04410000000000003
mistralai/Mistral-Nemo-Base-2407,bo,Tibetan,Tibt,abugida,0.0,0.2,,direct,0.2
mistralai/Mistral-Nemo-Base-2407,br,Breton,Latn,alphabet,1.0,1.0,,direct,0.0
mistralai/Mistral-Nemo-Base-2407,brx,Bodo,Deva,abugida,0.9639,0.9672,,direct,0.0032999999999999696
mistralai/Mistral-Nemo-Base-2407,bs,Bosnian,Latn,alphabet,1.0,1.0,,direct,0.0
mistralai/Mistral-Nemo-Base-2407,bss,Akoose,Latn,alphabet,0.7692,0.8154,,direct,0.04620000000000002
mistralai/Mistral-Nemo-Base-2407,byn,Blin,Ethi,syllabary,0.0,0.2,,within_script_only,0.2
mistralai/Mistral-Nemo-Base-2407,ca,Catalan,Latn,alphabet,1.0,1.0,,direct,0.0
mistralai/Mistral-Nemo-Base-2407,cad,Caddo,Latn,alphabet,0.9667,0.9733,,direct,0.00660000000000005
mistralai/Mistral-Nemo-Base-2407,cch,Atsam,Latn,alphabet,0.8929,0.9143,,direct,0.021399999999999975
mistralai/Mistral-Nemo-Base-2407,ccp,Chakma,Cakm,abugida,0.0,0.2,,direct,0.2
mistralai/Mistral-Nemo-Base-2407,ce,Chechen,Cyrl,alphabet,0.9706,0.9765,,direct,0.005900000000000016
mistralai/Mistral-Nemo-Base-2407,ceb,Cebuano,Latn,alphabet,1.0,1.0,,direct,0.0
mistralai/Mistral-Nemo-Base-2407,cgg,Chiga,Latn,alphabet,1.0,1.0,,direct,0.0
mistralai/Mistral-Nemo-Base-2407,cho,Choctaw,Latn,alphabet,0.9048,0.9238,,direct,0.018999999999999906
mistralai/Mistral-Nemo-Base-2407,chr,Cherokee,Cher,syllabary,0.0,0.2,,within_script_only,0.2
mistralai/Mistral-Nemo-Base-2407,cic,Chickasaw,Latn,alphabet,0.9474,0.9579,,direct,0.010499999999999954
mistralai/Mistral-Nemo-Base-2407,ckb,Central Kurdish,Arab,abjad,0.8485,0.8788,,direct,0.030299999999999994
mistralai/Mistral-Nemo-Base-2407,co,Corsican,Latn,alphabet,1.0,1.0,,direct,0.0
mistralai/Mistral-Nemo-Base-2407,cop,Coptic,Copt,alphabet,0.0,0.2,,direct,0.2
mistralai/Mistral-Nemo-Base-2407,cs,Czech,Latn,alphabet,1.0,1.0,,direct,0.0
mistralai/Mistral-Nemo-Base-2407,csw,Swampy Cree,Cans,syllabary,0.0,0.2,,within_script_only,0.2
mistralai/Mistral-Nemo-Base-2407,cu,Church Slavic,Cyrl,alphabet,0.4583,0.5667,,direct,0.1084
mistralai/Mistral-Nemo-Base-2407,cv,Chuvash,Cyrl,alphabet,0.8919,0.9135,,direct,0.021599999999999953
mistralai/Mistral-Nemo-Base-2407,cy,Welsh,Latn,alphabet,0.8776,0.902,,direct,0.024399999999999977
mistralai/Mistral-Nemo-Base-2407,da,Danish,Latn,alphabet,1.0,1.0,,direct,0.0
mistralai/Mistral-Nemo-Base-2407,dav,Taita,Latn,alphabet,1.0,1.0,,direct,0.0
mistralai/Mistral-Nemo-Base-2407,de,German,Latn,alphabet,1.0,1.0,,direct,0.0
mistralai/Mistral-Nemo-Base-2407,dje,Zarma,Latn,alphabet,0.9375,0.95,,direct,0.012499999999999956
mistralai/Mistral-Nemo-Base-2407,doi,Dogri,Deva,abugida,0.83,0.8614,,direct,0.031400000000000095
mistralai/Mistral-Nemo-Base-2407,dsb,Lower Sorbian,Latn,alphabet,0.973,0.9784,,direct,0.005400000000000071
mistralai/Mistral-Nemo-Base-2407,dua,Duala,Latn,alphabet,0.8182,0.8545,,direct,0.0363
mistralai/Mistral-Nemo-Base-2407,dv,Divehi,Thaa,abjad,0.0,0.2,,direct,0.2
mistralai/Mistral-Nemo-Base-2407,dyo,Jola-Fonyi,Latn,alphabet,0.9688,0.975,,direct,0.006199999999999983
mistralai/Mistral-Nemo-Base-2407,dz,Dzongkha,Tibt,abugida,0.0,0.2,,direct,0.2
mistralai/Mistral-Nemo-Base-2407,ebu,Embu,Latn,alphabet,1.0,1.0,,direct,0.0
mistralai/Mistral-Nemo-Base-2407,ee,Ewe,Latn,alphabet,0.7917,0.8333,,direct,0.04160000000000008
mistralai/Mistral-Nemo-Base-2407,el,Greek,Grek,alphabet,0.9444,0.9556,,direct,0.011199999999999988
mistralai/Mistral-Nemo-Base-2407,en,English,Latn,alphabet,1.0,1.0,,direct,0.0
mistralai/Mistral-Nemo-Base-2407,eo,Esperanto,Latn,alphabet,1.0,1.0,,direct,0.0
mistralai/Mistral-Nemo-Base-2407,es,Spanish,Latn,alphabet,1.0,1.0,,direct,0.0
mistralai/Mistral-Nemo-Base-2407,et,Estonian,Latn,alphabet,1.0,1.0,,direct,0.0
mistralai/Mistral-Nemo-Base-2407,eu,Basque,Latn,alphabet,1.0,1.0,,direct,0.0
mistralai/Mistral-Nemo-Base-2407,ewo,Ewondo,Latn,alphabet,0.7692,0.8154,,direct,0.04620000000000002
mistralai/Mistral-Nemo-Base-2407,fa,Persian,Arab,abjad,1.0,1.0,,direct,0.0
mistralai/Mistral-Nemo-Base-2407,ff,Fula,Latn,alphabet,0.8519,0.8815,,direct,0.02959999999999996
mistralai/Mistral-Nemo-Base-2407,fi,Finnish,Latn,alphabet,1.0,1.0,,direct,0.0
mistralai/Mistral-Nemo-Base-2407,fil,Filipino,Latn,alphabet,1.0,1.0,,direct,0.0
mistralai/Mistral-Nemo-Base-2407,fo,Faroese,Latn,alphabet,1.0,1.0,,direct,0.0
mistralai/Mistral-Nemo-Base-2407,fr,French,Latn,alphabet,0.9762,0.981,,direct,0.0048000000000000265
mistralai/Mistral-Nemo-Base-2407,frr,Northern Frisian,Latn,alphabet,1.0,1.0,,direct,0.0
mistralai/Mistral-Nemo-Base-2407,fur,Friulian,Latn,alphabet,1.0,1.0,,direct,0.0
mistralai/Mistral-Nemo-Base-2407,fy,Western Frisian,Latn,alphabet,0.9762,0.981,,direct,0.0048000000000000265
mistralai/Mistral-Nemo-Base-2407,ga,Irish,Latn,alphabet,1.0,1.0,,direct,0.0
mistralai/Mistral-Nemo-Base-2407,gaa,Ga,Latn,alphabet,0.8846,0.9077,,direct,0.0230999999999999
mistralai/Mistral-Nemo-Base-2407,gd,Scottish Gaelic,Latn,alphabet,1.0,1.0,,direct,0.0
mistralai/Mistral-Nemo-Base-2407,gez,Geez,Ethi,syllabary,0.0,0.2,,within_script_only,0.2
mistralai/Mistral-Nemo-Base-2407,gl,Galician,Latn,alphabet,1.0,1.0,,direct,0.0
mistralai/Mistral-Nemo-Base-2407,gn,Guarani,Latn,alphabet,0.9667,0.9733,,direct,0.00660000000000005
mistralai/Mistral-Nemo-Base-2407,gsw,Swiss German,Latn,alphabet,1.0,1.0,,direct,0.0
mistralai/Mistral-Nemo-Base-2407,gu,Gujarati,Gujr,abugida,0.6515,0.7132,,direct,0.06169999999999998
mistralai/Mistral-Nemo-Base-2407,guz,Gusii,Latn,alphabet,1.0,1.0,,direct,0.0
mistralai/Mistral-Nemo-Base-2407,gv,Manx,Latn,alphabet,1.0,1.0,,direct,0.0
mistralai/Mistral-Nemo-Base-2407,ha,Hausa,Latn,alphabet,0.8519,0.8815,,direct,0.02959999999999996
mistralai/Mistral-Nemo-Base-2407,haw,Hawaiian,Latn,alphabet,1.0,1.0,,direct,0.0
mistralai/Mistral-Nemo-Base-2407,he,Hebrew,Hebr,abjad,1.0,1.0,,direct,0.0
mistralai/Mistral-Nemo-Base-2407,hi,Hindi,Deva,abugida,0.9075,0.9224,,direct,0.014900000000000024
mistralai/Mistral-Nemo-Base-2407,hnj,Hmong Njua,Hmnp,alphabet,0.0,0.2,,direct,0.2
mistralai/Mistral-Nemo-Base-2407,hr,Croatian,Latn,alphabet,1.0,1.0,,direct,0.0
mistralai/Mistral-Nemo-Base-2407,hsb,Upper Sorbian,Latn,alphabet,1.0,1.0,,direct,0.0
mistralai/Mistral-Nemo-Base-2407,ht,Haitian Creole,Latn,alphabet,1.0,1.0,,direct,0.0
mistralai/Mistral-Nemo-Base-2407,hu,Hungarian,Latn,alphabet,1.0,1.0,,direct,0.0
mistralai/Mistral-Nemo-Base-2407,hy,Armenian,Armn,alphabet,1.0,1.0,,direct,0.0
mistralai/Mistral-Nemo-Base-2407,ia,Interlingua,Latn,alphabet,1.0,1.0,,direct,0.0
mistralai/Mistral-Nemo-Base-2407,id,Indonesian,Latn,alphabet,1.0,1.0,,direct,0.0
mistralai/Mistral-Nemo-Base-2407,ie,Interlingue,Latn,alphabet,1.0,1.0,,direct,0.0
mistralai/Mistral-Nemo-Base-2407,ig,Igbo,Latn,alphabet,0.9643,0.9714,,direct,0.007099999999999995
mistralai/Mistral-Nemo-Base-2407,ii,Sichuan Yi,Yiii,syllabary,0.0,0.2,,within_script_only,0.2
mistralai/Mistral-Nemo-Base-2407,io,Ido,Latn,alphabet,1.0,1.0,,direct,0.0
mistralai/Mistral-Nemo-Base-2407,is,Icelandic,Latn,alphabet,1.0,1.0,,direct,0.0
mistralai/Mistral-Nemo-Base-2407,it,Italian,Latn,alphabet,1.0,1.0,,direct,0.0
mistralai/Mistral-Nemo-Base-2407,iu,Inuktitut,Cans,syllabary,0.0,0.2,,within_script_only,0.2
mistralai/Mistral-Nemo-Base-2407,ja,Japanese,Jpan,mixed_logographic,0.5279,0.6221,,within_script_only,0.09419999999999995
mistralai/Mistral-Nemo-Base-2407,jbo,Lojban,Latn,alphabet,1.0,1.0,,direct,0.0
mistralai/Mistral-Nemo-Base-2407,jgo,Ngomba,Latn,alphabet,0.6444,0.7156,,direct,0.07120000000000004
mistralai/Mistral-Nemo-Base-2407,jmc,Machame,Latn,alphabet,1.0,1.0,,direct,0.0
mistralai/Mistral-Nemo-Base-2407,jv,Javanese,Latn,alphabet,1.0,1.0,,direct,0.0
mistralai/Mistral-Nemo-Base-2407,ka,Georgian,Geor,alphabet,0.9606,0.9667,,direct,0.006099999999999994
mistralai/Mistral-Nemo-Base-2407,kaa,Kara-Kalpak,Cyrl,alphabet,0.9756,0.9805,,direct,0.0049000000000000155
mistralai/Mistral-Nemo-Base-2407,kab,Kabyle,Latn,alphabet,0.7353,0.7882,,direct,0.05290000000000006
mistralai/Mistral-Nemo-Base-2407,kaj,Jju,Latn,alphabet,1.0,1.0,,direct,0.0
mistralai/Mistral-Nemo-Base-2407,kam,Kamba,Latn,alphabet,1.0,1.0,,direct,0.0
mistralai/Mistral-Nemo-Base-2407,kcg,Tyap,Latn,alphabet,0.96,0.968,,direct,0.008000000000000007
mistralai/Mistral-Nemo-Base-2407,kde,Makonde,Latn,alphabet,1.0,1.0,,direct,0.0
mistralai/Mistral-Nemo-Base-2407,kea,Kabuverdianu,Latn,alphabet,1.0,1.0,,direct,0.0
mistralai/Mistral-Nemo-Base-2407,ken,Kenyang,Latn,alphabet,0.7317,0.7854,,direct,0.05369999999999997
mistralai/Mistral-Nemo-Base-2407,kgp,Kaingang,Latn,alphabet,1.0,1.0,,direct,0.0
mistralai/Mistral-Nemo-Base-2407,khq,Koyra Chiini,Latn,alphabet,0.9375,0.95,,direct,0.012499999999999956
mistralai/Mistral-Nemo-Base-2407,ki,Kikuyu,Latn,alphabet,1.0,1.0,,direct,0.0
mistralai/Mistral-Nemo-Base-2407,kk,Kazakh,Cyrl,alphabet,1.0,1.0,,direct,0.0
mistralai/Mistral-Nemo-Base-2407,kkj,Kako,Latn,alphabet,0.8085,0.8468,,direct,0.0383
mistralai/Mistral-Nemo-Base-2407,kl,Kalaallisut,Latn,alphabet,1.0,1.0,,direct,0.0
mistralai/Mistral-Nemo-Base-2407,kln,Kalenjin,Latn,alphabet,1.0,1.0,,direct,0.0
mistralai/Mistral-Nemo-Base-2407,km,Khmer,Khmr,abugida,0.0,0.2,,direct,0.2
mistralai/Mistral-Nemo-Base-2407,kn,Kannada,Knda,abugida,0.7028,0.7563,,direct,0.05349999999999999
mistralai/Mistral-Nemo-Base-2407,ko,Korean,Kore,featural_syllabary,0.0714,0.256,0.2,within_script_only,0.1846
mistralai/Mistral-Nemo-Base-2407,kok,Konkani,Deva,abugida,0.9195,0.9325,,direct,0.013000000000000012
mistralai/Mistral-Nemo-Base-2407,kpe,Kpelle,Latn,alphabet,0.7931,0.8345,,direct,0.04139999999999999
mistralai/Mistral-Nemo-Base-2407,ks,Kashmiri,Arab,abjad,0.913,0.9304,,direct,0.01739999999999997
mistralai/Mistral-Nemo-Base-2407,ksb,Shambala,Latn,alphabet,1.0,1.0,,direct,0.0
mistralai/Mistral-Nemo-Base-2407,ksf,Bafia,Latn,alphabet,0.8529,0.8824,,direct,0.02949999999999997
mistralai/Mistral-Nemo-Base-2407,ksh,Colognian,Latn,alphabet,1.0,1.0,,direct,0.0
mistralai/Mistral-Nemo-Base-2407,ku,Kurdish,Latn,alphabet,1.0,1.0,,direct,0.0
mistralai/Mistral-Nemo-Base-2407,kw,Cornish,Latn,alphabet,1.0,1.0,,direct,0.0
mistralai/Mistral-Nemo-Base-2407,kxv,Kuvi,Latn,alphabet,0.8182,0.8545,,direct,0.0363
mistralai/Mistral-Nemo-Base-2407,ky,Kyrgyz,Cyrl,alphabet,1.0,1.0,,direct,0.0
mistralai/Mistral-Nemo-Base-2407,la,Latin,Latn,alphabet,1.0,1.0,,direct,0.0
mistralai/Mistral-Nemo-Base-2407,lag,Langi,Latn,alphabet,0.9394,0.9515,,direct,0.0121
mistralai/Mistral-Nemo-Base-2407,lb,Luxembourgish,Latn,alphabet,1.0,1.0,,direct,0.0
mistralai/Mistral-Nemo-Base-2407,lg,Ganda,Latn,alphabet,0.9583,0.9667,,direct,0.008399999999999963
mistralai/Mistral-Nemo-Base-2407,lij,Ligurian,Latn,alphabet,1.0,1.0,,direct,0.0
mistralai/Mistral-Nemo-Base-2407,lkt,Lakota,Latn,alphabet,0.9,0.92,,direct,0.020000000000000018
mistralai/Mistral-Nemo-Base-2407,lld,lld,Latn,alphabet,1.0,1.0,,direct,0.0
mistralai/Mistral-Nemo-Base-2407,lmo,Lombard,Latn,alphabet,1.0,1.0,,direct,0.0
mistralai/Mistral-Nemo-Base-2407,ln,Lingala,Latn,alphabet,0.8049,0.8439,,direct,0.039000000000000035
mistralai/Mistral-Nemo-Base-2407,lo,Lao,Laoo,abugida,0.0,0.2,,direct,0.2
mistralai/Mistral-Nemo-Base-2407,lrc,Northern Luri,Arab,abjad,0.8605,0.8884,,direct,0.027899999999999925
mistralai/Mistral-Nemo-Base-2407,lt,Lithuanian,Latn,alphabet,1.0,1.0,,direct,0.0
mistralai/Mistral-Nemo-Base-2407,ltg,Latgalian,Latn,alphabet,1.0,1.0,,direct,0.0
mistralai/Mistral-Nemo-Base-2407,lu,Luba-Katanga,Latn,alphabet,0.8947,0.9158,,direct,0.021099999999999897
mistralai/Mistral-Nemo-Base-2407,luo,Luo,Latn,alphabet,1.0,1.0,,direct,0.0
mistralai/Mistral-Nemo-Base-2407,luy,Luyia,Latn,alphabet,1.0,1.0,,direct,0.0
mistralai/Mistral-Nemo-Base-2407,lv,Latvian,Latn,alphabet,1.0,1.0,,direct,0.0
mistralai/Mistral-Nemo-Base-2407,mai,Maithili,Deva,abugida,0.9933,0.9933,,direct,0.0
mistralai/Mistral-Nemo-Base-2407,mas,Masai,Latn,alphabet,0.8723,0.8979,,direct,0.025600000000000067
mistralai/Mistral-Nemo-Base-2407,mdf,Moksha,Cyrl,alphabet,1.0,1.0,,direct,0.0
mistralai/Mistral-Nemo-Base-2407,mer,Meru,Latn,alphabet,1.0,1.0,,direct,0.0
mistralai/Mistral-Nemo-Base-2407,mfe,Morisyen,Latn,alphabet,1.0,1.0,,direct,0.0
mistralai/Mistral-Nemo-Base-2407,mg,Malagasy,Latn,alphabet,1.0,1.0,,direct,0.0
mistralai/Mistral-Nemo-Base-2407,mgh,Makhuwa-Meetto,Latn,alphabet,1.0,1.0,,direct,0.0
mistralai/Mistral-Nemo-Base-2407,mgo,Metaʼ,Latn,alphabet,0.9062,0.925,,direct,0.01880000000000004
mistralai/Mistral-Nemo-Base-2407,mhn,mhn,Latn,alphabet,1.0,1.0,,direct,0.0
mistralai/Mistral-Nemo-Base-2407,mi,Māori,Latn,alphabet,1.0,1.0,,direct,0.0
mistralai/Mistral-Nemo-Base-2407,mic,Mi'kmaw,Latn,alphabet,0.9545,0.9636,,direct,0.009099999999999997
mistralai/Mistral-Nemo-Base-2407,mk,Macedonian,Cyrl,alphabet,0.9677,0.9742,,direct,0.00649999999999995
mistralai/Mistral-Nemo-Base-2407,ml,Malayalam,Mlym,abugida,0.7647,0.8,,direct,0.0353
mistralai/Mistral-Nemo-Base-2407,mn,Mongolian,Cyrl,alphabet,1.0,1.0,,direct,0.0
mistralai/Mistral-Nemo-Base-2407,mni,Manipuri,Beng,abugida,0.8712,0.8949,,direct,0.023700000000000054
mistralai/Mistral-Nemo-Base-2407,moh,Mohawk,Latn,alphabet,1.0,1.0,,direct,0.0
mistralai/Mistral-Nemo-Base-2407,mr,Marathi,Deva,abugida,0.9187,0.9312,,direct,0.012500000000000067
mistralai/Mistral-Nemo-Base-2407,ms,Malay,Latn,alphabet,1.0,1.0,,direct,0.0
mistralai/Mistral-Nemo-Base-2407,mt,Maltese,Latn,alphabet,0.9091,0.9273,,direct,0.018199999999999994
mistralai/Mistral-Nemo-Base-2407,mua,Mundang,Latn,alphabet,0.8485,0.8788,,direct,0.030299999999999994
mistralai/Mistral-Nemo-Base-2407,mus,Muscogee,Latn,alphabet,1.0,1.0,,direct,0.0
mistralai/Mistral-Nemo-Base-2407,my,Burmese,Mymr,abugida,0.69,0.75,,direct,0.06000000000000005
mistralai/Mistral-Nemo-Base-2407,myv,Erzya,Cyrl,alphabet,1.0,1.0,,direct,0.0
mistralai/Mistral-Nemo-Base-2407,mzn,Mazanderani,Arab,abjad,1.0,1.0,,direct,0.0
mistralai/Mistral-Nemo-Base-2407,naq,Nama,Latn,alphabet,0.871,0.8968,,direct,0.025800000000000045
mistralai/Mistral-Nemo-Base-2407,nd,North Ndebele,Latn,alphabet,1.0,1.0,,direct,0.0
mistralai/Mistral-Nemo-Base-2407,nds,Low German,Latn,alphabet,1.0,1.0,,direct,0.0
mistralai/Mistral-Nemo-Base-2407,ne,Nepali,Deva,abugida,0.9075,0.9224,,direct,0.014900000000000024
mistralai/Mistral-Nemo-Base-2407,nl,Dutch,Latn,alphabet,0.973,0.9784,,direct,0.005400000000000071
mistralai/Mistral-Nemo-Base-2407,nmg,Kwasio,Latn,alphabet,0.7544,0.8035,,direct,0.04910000000000003
mistralai/Mistral-Nemo-Base-2407,nnh,Ngiemboon,Latn,alphabet,0.7407,0.7926,,direct,0.051899999999999946
mistralai/Mistral-Nemo-Base-2407,no,Norwegian,Latn,alphabet,1.0,1.0,,direct,0.0
mistralai/Mistral-Nemo-Base-2407,nqo,N’Ko,Nkoo,alphabet,0.0,0.2,,direct,0.2
mistralai/Mistral-Nemo-Base-2407,nr,South Ndebele,Latn,alphabet,1.0,1.0,,direct,0.0
mistralai/Mistral-Nemo-Base-2407,nso,Northern Sotho,Latn,alphabet,1.0,1.0,,direct,0.0
mistralai/Mistral-Nemo-Base-2407,nus,Nuer,Latn,alphabet,0.8611,0.8889,,direct,0.027800000000000047
mistralai/Mistral-Nemo-Base-2407,nv,Navajo,Latn,alphabet,0.9355,0.9484,,direct,0.012900000000000023
mistralai/Mistral-Nemo-Base-2407,ny,Nyanja,Latn,alphabet,0.9583,0.9667,,direct,0.008399999999999963
mistralai/Mistral-Nemo-Base-2407,nyn,Nyankole,Latn,alphabet,1.0,1.0,,direct,0.0
mistralai/Mistral-Nemo-Base-2407,oc,Occitan,Latn,alphabet,1.0,1.0,,direct,0.0
mistralai/Mistral-Nemo-Base-2407,om,Oromo,Latn,alphabet,1.0,1.0,,direct,0.0
mistralai/Mistral-Nemo-Base-2407,or,Odia,Orya,abugida,0.0,0.2,,direct,0.2
mistralai/Mistral-Nemo-Base-2407,os,Ossetic,Cyrl,alphabet,0.9706,0.9765,,direct,0.005900000000000016
mistralai/Mistral-Nemo-Base-2407,osa,Osage,Osge,alphabet,0.0,0.2,,direct,0.2
mistralai/Mistral-Nemo-Base-2407,pa,Punjabi,Guru,abugida,0.6088,0.6853,,direct,0.07650000000000001
mistralai/Mistral-Nemo-Base-2407,pap,Papiamento,Latn,alphabet,1.0,1.0,,direct,0.0
mistralai/Mistral-Nemo-Base-2407,pcm,Nigerian Pidgin,Latn,alphabet,0.9688,0.975,,direct,0.006199999999999983
mistralai/Mistral-Nemo-Base-2407,pis,Pijin,Latn,alphabet,1.0,1.0,,direct,0.0
mistralai/Mistral-Nemo-Base-2407,pl,Polish,Latn,alphabet,1.0,1.0,,direct,0.0
mistralai/Mistral-Nemo-Base-2407,prg,Prussian,Latn,alphabet,0.9487,0.959,,direct,0.010299999999999976
mistralai/Mistral-Nemo-Base-2407,ps,Pashto,Arab,abjad,0.9783,0.9817,,direct,0.0034000000000000696
mistralai/Mistral-Nemo-Base-2407,pt,Portuguese,Latn,alphabet,1.0,1.0,,direct,0.0
mistralai/Mistral-Nemo-Base-2407,qu,Quechua,Latn,alphabet,1.0,1.0,,direct,0.0
mistralai/Mistral-Nemo-Base-2407,quc,Kʼicheʼ,Latn,alphabet,1.0,1.0,,direct,0.0
mistralai/Mistral-Nemo-Base-2407,raj,Rajasthani,Deva,abugida,0.9939,0.9939,,direct,0.0
mistralai/Mistral-Nemo-Base-2407,rhg,Rohingya,Rohg,abjad,0.0,0.2,,direct,0.2
mistralai/Mistral-Nemo-Base-2407,rif,Riffian,Latn,alphabet,0.7742,0.8194,,direct,0.04520000000000002
mistralai/Mistral-Nemo-Base-2407,rm,Romansh,Latn,alphabet,1.0,1.0,,direct,0.0
mistralai/Mistral-Nemo-Base-2407,rn,Rundi,Latn,alphabet,1.0,1.0,,direct,0.0
mistralai/Mistral-Nemo-Base-2407,ro,Romanian,Latn,alphabet,1.0,1.0,,direct,0.0
mistralai/Mistral-Nemo-Base-2407,rof,Rombo,Latn,alphabet,1.0,1.0,,direct,0.0
mistralai/Mistral-Nemo-Base-2407,ru,Russian,Cyrl,alphabet,1.0,1.0,,direct,0.0
mistralai/Mistral-Nemo-Base-2407,rw,Kinyarwanda,Latn,alphabet,1.0,1.0,,direct,0.0
mistralai/Mistral-Nemo-Base-2407,rwk,Rwa,Latn,alphabet,1.0,1.0,,direct,0.0
mistralai/Mistral-Nemo-Base-2407,sa,Sanskrit,Deva,abugida,0.83,0.8614,,direct,0.031400000000000095
mistralai/Mistral-Nemo-Base-2407,sah,Yakut,Cyrl,alphabet,0.9231,0.9385,,direct,0.01539999999999997
mistralai/Mistral-Nemo-Base-2407,saq,Samburu,Latn,alphabet,1.0,1.0,,direct,0.0
mistralai/Mistral-Nemo-Base-2407,sat,Santali,Olck,alphabet,0.0,0.2,,direct,0.2
mistralai/Mistral-Nemo-Base-2407,sbp,Sangu,Latn,alphabet,1.0,1.0,,direct,0.0
mistralai/Mistral-Nemo-Base-2407,sc,Sardinian,Latn,alphabet,1.0,1.0,,direct,0.0
mistralai/Mistral-Nemo-Base-2407,scn,Sicilian,Latn,alphabet,0.9697,0.9758,,direct,0.006099999999999994
mistralai/Mistral-Nemo-Base-2407,sd,Sindhi,Arab,abjad,0.6538,0.7231,,direct,0.06929999999999992
mistralai/Mistral-Nemo-Base-2407,sdh,Southern Kurdish,Arab,abjad,0.8235,0.8588,,direct,0.0353
mistralai/Mistral-Nemo-Base-2407,se,Northern Sami,Latn,alphabet,0.931,0.9448,,direct,0.013799999999999923
mistralai/Mistral-Nemo-Base-2407,seh,Sena,Latn,alphabet,1.0,1.0,,direct,0.0
mistralai/Mistral-Nemo-Base-2407,ses,Koyraboro Senni,Latn,alphabet,0.9375,0.95,,direct,0.012499999999999956
mistralai/Mistral-Nemo-Base-2407,sg,Sango,Latn,alphabet,1.0,1.0,,direct,0.0
mistralai/Mistral-Nemo-Base-2407,shi,Tachelhit,Tfng,alphabet,0.0,0.2,,direct,0.2
mistralai/Mistral-Nemo-Base-2407,shn,Shan,Mymr,abugida,0.4565,0.5652,,direct,0.10870000000000002
mistralai/Mistral-Nemo-Base-2407,si,Sinhala,Sinh,abugida,0.0,0.2,,direct,0.2
mistralai/Mistral-Nemo-Base-2407,sid,Sidamo,Latn,alphabet,1.0,1.0,,direct,0.0
mistralai/Mistral-Nemo-Base-2407,sk,Slovak,Latn,alphabet,0.9535,0.9628,,direct,0.009299999999999975
mistralai/Mistral-Nemo-Base-2407,skr,skr,Arab,abjad,0.8571,0.8857,,direct,0.02860000000000007
mistralai/Mistral-Nemo-Base-2407,sl,Slovenian,Latn,alphabet,1.0,1.0,,direct,0.0
mistralai/Mistral-Nemo-Base-2407,sma,Southern Sami,Latn,alphabet,1.0,1.0,,direct,0.0
mistralai/Mistral-Nemo-Base-2407,smj,Lule Sami,Latn,alphabet,1.0,1.0,,direct,0.0
mistralai/Mistral-Nemo-Base-2407,smn,Inari Sami,Latn,alphabet,0.9677,0.9742,,direct,0.00649999999999995
mistralai/Mistral-Nemo-Base-2407,sms,Skolt Sami,Latn,alphabet,0.8333,0.8667,,direct,0.033399999999999985
mistralai/Mistral-Nemo-Base-2407,sn,Shona,Latn,alphabet,1.0,1.0,,direct,0.0
mistralai/Mistral-Nemo-Base-2407,so,Somali,Latn,alphabet,1.0,1.0,,direct,0.0
mistralai/Mistral-Nemo-Base-2407,sq,Albanian,Latn,alphabet,1.0,1.0,,direct,0.0
mistralai/Mistral-Nemo-Base-2407,sr,Serbian,Cyrl,alphabet,1.0,1.0,,direct,0.0
mistralai/Mistral-Nemo-Base-2407,ss,Swati,Latn,alphabet,1.0,1.0,,direct,0.0
mistralai/Mistral-Nemo-Base-2407,ssy,Saho,Latn,alphabet,1.0,1.0,,direct,0.0
mistralai/Mistral-Nemo-Base-2407,st,Southern Sotho,Latn,alphabet,1.0,1.0,,direct,0.0
mistralai/Mistral-Nemo-Base-2407,su,Sundanese,Latn,alphabet,1.0,1.0,,direct,0.0
mistralai/Mistral-Nemo-Base-2407,sv,Swedish,Latn,alphabet,1.0,1.0,,direct,0.0
mistralai/Mistral-Nemo-Base-2407,sw,Swahili,Latn,alphabet,1.0,1.0,,direct,0.0
mistralai/Mistral-Nemo-Base-2407,syr,Syriac,Syrc,abjad,0.0,0.2,,direct,0.2
mistralai/Mistral-Nemo-Base-2407,szl,Silesian,Latn,alphabet,0.9706,0.9765,,direct,0.005900000000000016
mistralai/Mistral-Nemo-Base-2407,ta,Tamil,Taml,abugida,0.8574,0.8745,,direct,0.017100000000000004
mistralai/Mistral-Nemo-Base-2407,te,Telugu,Telu,abugida,0.7043,0.7557,,direct,0.0514
mistralai/Mistral-Nemo-Base-2407,teo,Teso,Latn,alphabet,1.0,1.0,,direct,0.0
mistralai/Mistral-Nemo-Base-2407,tg,Tajik,Cyrl,alphabet,0.8857,0.9086,,direct,0.02289999999999992
mistralai/Mistral-Nemo-Base-2407,th,Thai,Thai,abugida,0.8493,0.8795,,direct,0.030199999999999894
mistralai/Mistral-Nemo-Base-2407,ti,Tigrinya,Ethi,syllabary,0.0,0.2,,within_script_only,0.2
mistralai/Mistral-Nemo-Base-2407,tig,Tigre,Ethi,syllabary,0.0,0.2,,within_script_only,0.2
mistralai/Mistral-Nemo-Base-2407,tk,Turkmen,Latn,alphabet,1.0,1.0,,direct,0.0
mistralai/Mistral-Nemo-Base-2407,tn,Tswana,Latn,alphabet,1.0,1.0,,direct,0.0
mistralai/Mistral-Nemo-Base-2407,to,Tongan,Latn,alphabet,1.0,1.0,,direct,0.0
mistralai/Mistral-Nemo-Base-2407,tok,Toki Pona,Latn,alphabet,1.0,1.0,,direct,0.0
mistralai/Mistral-Nemo-Base-2407,tpi,Tok Pisin,Latn,alphabet,1.0,1.0,,direct,0.0
mistralai/Mistral-Nemo-Base-2407,tr,Turkish,Latn,alphabet,1.0,1.0,,direct,0.0
mistralai/Mistral-Nemo-Base-2407,trv,Taroko,Latn,alphabet,1.0,1.0,,direct,0.0
mistralai/Mistral-Nemo-Base-2407,trw,Torwali,Arab,abjad,0.8896,0.9104,,direct,0.02080000000000004
mistralai/Mistral-Nemo-Base-2407,ts,Tsonga,Latn,alphabet,1.0,1.0,,direct,0.0
mistralai/Mistral-Nemo-Base-2407,tt,Tatar,Cyrl,alphabet,1.0,1.0,,direct,0.0
mistralai/Mistral-Nemo-Base-2407,twq,Tasawaq,Latn,alphabet,0.9375,0.95,,direct,0.012499999999999956
mistralai/Mistral-Nemo-Base-2407,tyv,Tuvinian,Cyrl,alphabet,1.0,1.0,,direct,0.0
mistralai/Mistral-Nemo-Base-2407,tzm,Central Atlas Tamazight,Latn,alphabet,0.7419,0.7935,,direct,0.05159999999999998
mistralai/Mistral-Nemo-Base-2407,ug,Uyghur,Arab,abjad,0.8235,0.8588,,direct,0.0353
mistralai/Mistral-Nemo-Base-2407,uk,Ukrainian,Cyrl,alphabet,0.9706,0.9765,,direct,0.005900000000000016
mistralai/Mistral-Nemo-Base-2407,ur,Urdu,Arab,abjad,1.0,1.0,,direct,0.0
mistralai/Mistral-Nemo-Base-2407,uz,Uzbek,Latn,alphabet,1.0,1.0,,direct,0.0
mistralai/Mistral-Nemo-Base-2407,vai,Vai,Vaii,syllabary,0.0,0.2,,within_script_only,0.2
mistralai/Mistral-Nemo-Base-2407,ve,Venda,Latn,alphabet,0.8214,0.8571,,direct,0.035699999999999954
mistralai/Mistral-Nemo-Base-2407,vec,Venetian,Latn,alphabet,1.0,1.0,,direct,0.0
mistralai/Mistral-Nemo-Base-2407,vi,Vietnamese,Latn,alphabet,0.9888,0.991,,direct,0.0021999999999999797
mistralai/Mistral-Nemo-Base-2407,vmw,Makhuwa,Latn,alphabet,1.0,1.0,,direct,0.0
mistralai/Mistral-Nemo-Base-2407,vo,Volapük,Latn,alphabet,1.0,1.0,,direct,0.0
mistralai/Mistral-Nemo-Base-2407,vun,Vunjo,Latn,alphabet,1.0,1.0,,direct,0.0
mistralai/Mistral-Nemo-Base-2407,wa,Walloon,Latn,alphabet,0.9767,0.9814,,direct,0.0047000000000000375
mistralai/Mistral-Nemo-Base-2407,wae,Walser,Latn,alphabet,1.0,1.0,,direct,0.0
mistralai/Mistral-Nemo-Base-2407,wal,Wolaytta,Ethi,syllabary,0.0,0.2,,within_script_only,0.2
mistralai/Mistral-Nemo-Base-2407,wbp,Warlpiri,Latn,alphabet,1.0,1.0,,direct,0.0
mistralai/Mistral-Nemo-Base-2407,wo,Wolof,Latn,alphabet,0.9655,0.9724,,direct,0.006900000000000017
mistralai/Mistral-Nemo-Base-2407,xh,Xhosa,Latn,alphabet,1.0,1.0,,direct,0.0
mistralai/Mistral-Nemo-Base-2407,xnr,Kangri,Deva,abugida,0.9364,0.9455,,direct,0.009099999999999997
mistralai/Mistral-Nemo-Base-2407,xog,Soga,Latn,alphabet,1.0,1.0,,direct,0.0
mistralai/Mistral-Nemo-Base-2407,yav,Yangben,Latn,alphabet,0.8298,0.8638,,direct,0.03400000000000003
mistralai/Mistral-Nemo-Base-2407,yi,Yiddish,Hebr,abjad,0.8824,0.9059,,direct,0.023500000000000076
mistralai/Mistral-Nemo-Base-2407,yo,Yoruba,Latn,alphabet,0.85,0.88,,direct,0.030000000000000027
mistralai/Mistral-Nemo-Base-2407,yrl,Nheengatu,Latn,alphabet,1.0,1.0,,direct,0.0
mistralai/Mistral-Nemo-Base-2407,yue,Cantonese,Hant,logographic,0.4615,0.569,,within_script_only,0.10749999999999993
mistralai/Mistral-Nemo-Base-2407,za,Zhuang,Latn,alphabet,1.0,1.0,,direct,0.0
mistralai/Mistral-Nemo-Base-2407,zgh,Standard Moroccan Tamazight,Tfng,alphabet,0.0,0.2,,direct,0.2
mistralai/Mistral-Nemo-Base-2407,zh,Chinese,Hans,logographic,0.5486,0.6388,,within_script_only,0.09020000000000006
mistralai/Mistral-Nemo-Base-2407,zu,Zulu,Latn,alphabet,1.0,1.0,,direct,0.0
mistralai/Mistral-Small-3.1-24B-Instruct-2503,aa,Afar,Latn,alphabet,1.0,1.0,,direct,0.0
mistralai/Mistral-Small-3.1-24B-Instruct-2503,ab,Abkhazian,Cyrl,alphabet,0.725,0.78,,direct,0.05500000000000005
mistralai/Mistral-Small-3.1-24B-Instruct-2503,af,Afrikaans,Latn,alphabet,1.0,1.0,,direct,0.0
mistralai/Mistral-Small-3.1-24B-Instruct-2503,agq,Aghem,Latn,alphabet,0.7308,0.7846,,direct,0.05379999999999996
mistralai/Mistral-Small-3.1-24B-Instruct-2503,ak,Akan,Latn,alphabet,0.9091,0.9273,,direct,0.018199999999999994
mistralai/Mistral-Small-3.1-24B-Instruct-2503,am,Amharic,Ethi,syllabary,0.0,0.2,,within_script_only,0.2
mistralai/Mistral-Small-3.1-24B-Instruct-2503,an,Aragonese,Latn,alphabet,1.0,1.0,,direct,0.0
mistralai/Mistral-Small-3.1-24B-Instruct-2503,ann,Obolo,Latn,alphabet,0.9231,0.9385,,direct,0.01539999999999997
mistralai/Mistral-Small-3.1-24B-Instruct-2503,apc,apc,Arab,abjad,1.0,1.0,,direct,0.0
mistralai/Mistral-Small-3.1-24B-Instruct-2503,ar,Arabic,Arab,abjad,1.0,1.0,,direct,0.0
mistralai/Mistral-Small-3.1-24B-Instruct-2503,arn,Mapuche,Latn,alphabet,0.88,0.904,,direct,0.02400000000000002
mistralai/Mistral-Small-3.1-24B-Instruct-2503,as,Assamese,Beng,abugida,0.8542,0.8814,,direct,0.027200000000000002
mistralai/Mistral-Small-3.1-24B-Instruct-2503,asa,Asu,Latn,alphabet,1.0,1.0,,direct,0.0
mistralai/Mistral-Small-3.1-24B-Instruct-2503,ast,Asturian,Latn,alphabet,0.9375,0.95,,direct,0.012499999999999956
mistralai/Mistral-Small-3.1-24B-Instruct-2503,az,Azerbaijani,Latn,alphabet,1.0,1.0,,direct,0.0
mistralai/Mistral-Small-3.1-24B-Instruct-2503,ba,Bashkir,Cyrl,alphabet,0.9286,0.9429,,direct,0.01429999999999998
mistralai/Mistral-Small-3.1-24B-Instruct-2503,bal,Baluchi,Arab,abjad,0.9394,0.9515,,direct,0.0121
mistralai/Mistral-Small-3.1-24B-Instruct-2503,bas,Basaa,Latn,alphabet,0.7419,0.7935,,direct,0.05159999999999998
mistralai/Mistral-Small-3.1-24B-Instruct-2503,be,Belarusian,Cyrl,alphabet,1.0,1.0,,direct,0.0
mistralai/Mistral-Small-3.1-24B-Instruct-2503,bem,Bemba,Latn,alphabet,1.0,1.0,,direct,0.0
mistralai/Mistral-Small-3.1-24B-Instruct-2503,bew,Betawi,Latn,alphabet,0.9655,0.9724,,direct,0.006900000000000017
mistralai/Mistral-Small-3.1-24B-Instruct-2503,bez,Bena,Latn,alphabet,1.0,1.0,,direct,0.0
mistralai/Mistral-Small-3.1-24B-Instruct-2503,bg,Bulgarian,Cyrl,alphabet,1.0,1.0,,direct,0.0
mistralai/Mistral-Small-3.1-24B-Instruct-2503,bgc,Haryanvi,Deva,abugida,0.9672,0.9707,,direct,0.0035000000000000586
mistralai/Mistral-Small-3.1-24B-Instruct-2503,bgn,Western Balochi,Arab,abjad,0.9459,0.9568,,direct,0.01090000000000002
mistralai/Mistral-Small-3.1-24B-Instruct-2503,bho,Bhojpuri,Deva,abugida,0.9938,0.9938,,direct,0.0
mistralai/Mistral-Small-3.1-24B-Instruct-2503,blo,Anii,Latn,alphabet,0.7551,0.8041,,direct,0.049000000000000044
mistralai/Mistral-Small-3.1-24B-Instruct-2503,blt,Tai Dam,Tavt,abugida,0.0,0.2,,direct,0.2
mistralai/Mistral-Small-3.1-24B-Instruct-2503,bm,Bambara,Latn,alphabet,0.8519,0.8815,,direct,0.02959999999999996
mistralai/Mistral-Small-3.1-24B-Instruct-2503,bn,Bangla,Beng,abugida,0.7706,0.8147,,direct,0.04410000000000003
mistralai/Mistral-Small-3.1-24B-Instruct-2503,bo,Tibetan,Tibt,abugida,0.0,0.2,,direct,0.2
mistralai/Mistral-Small-3.1-24B-Instruct-2503,br,Breton,Latn,alphabet,1.0,1.0,,direct,0.0
mistralai/Mistral-Small-3.1-24B-Instruct-2503,brx,Bodo,Deva,abugida,0.9639,0.9672,,direct,0.0032999999999999696
mistralai/Mistral-Small-3.1-24B-Instruct-2503,bs,Bosnian,Latn,alphabet,1.0,1.0,,direct,0.0
mistralai/Mistral-Small-3.1-24B-Instruct-2503,bss,Akoose,Latn,alphabet,0.7692,0.8154,,direct,0.04620000000000002
mistralai/Mistral-Small-3.1-24B-Instruct-2503,byn,Blin,Ethi,syllabary,0.0,0.2,,within_script_only,0.2
mistralai/Mistral-Small-3.1-24B-Instruct-2503,ca,Catalan,Latn,alphabet,1.0,1.0,,direct,0.0
mistralai/Mistral-Small-3.1-24B-Instruct-2503,cad,Caddo,Latn,alphabet,0.9667,0.9733,,direct,0.00660000000000005
mistralai/Mistral-Small-3.1-24B-Instruct-2503,cch,Atsam,Latn,alphabet,0.8929,0.9143,,direct,0.021399999999999975
mistralai/Mistral-Small-3.1-24B-Instruct-2503,ccp,Chakma,Cakm,abugida,0.0,0.2,,direct,0.2
mistralai/Mistral-Small-3.1-24B-Instruct-2503,ce,Chechen,Cyrl,alphabet,0.9706,0.9765,,direct,0.005900000000000016
mistralai/Mistral-Small-3.1-24B-Instruct-2503,ceb,Cebuano,Latn,alphabet,1.0,1.0,,direct,0.0
mistralai/Mistral-Small-3.1-24B-Instruct-2503,cgg,Chiga,Latn,alphabet,1.0,1.0,,direct,0.0
mistralai/Mistral-Small-3.1-24B-Instruct-2503,cho,Choctaw,Latn,alphabet,0.9048,0.9238,,direct,0.018999999999999906
mistralai/Mistral-Small-3.1-24B-Instruct-2503,chr,Cherokee,Cher,syllabary,0.0,0.2,,within_script_only,0.2
mistralai/Mistral-Small-3.1-24B-Instruct-2503,cic,Chickasaw,Latn,alphabet,0.9474,0.9579,,direct,0.010499999999999954
mistralai/Mistral-Small-3.1-24B-Instruct-2503,ckb,Central Kurdish,Arab,abjad,0.8485,0.8788,,direct,0.030299999999999994
mistralai/Mistral-Small-3.1-24B-Instruct-2503,co,Corsican,Latn,alphabet,1.0,1.0,,direct,0.0
mistralai/Mistral-Small-3.1-24B-Instruct-2503,cop,Coptic,Copt,alphabet,0.0,0.2,,direct,0.2
mistralai/Mistral-Small-3.1-24B-Instruct-2503,cs,Czech,Latn,alphabet,1.0,1.0,,direct,0.0
mistralai/Mistral-Small-3.1-24B-Instruct-2503,csw,Swampy Cree,Cans,syllabary,0.0,0.2,,within_script_only,0.2
mistralai/Mistral-Small-3.1-24B-Instruct-2503,cu,Church Slavic,Cyrl,alphabet,0.4583,0.5667,,direct,0.1084
mistralai/Mistral-Small-3.1-24B-Instruct-2503,cv,Chuvash,Cyrl,alphabet,0.8919,0.9135,,direct,0.021599999999999953
mistralai/Mistral-Small-3.1-24B-Instruct-2503,cy,Welsh,Latn,alphabet,0.8776,0.902,,direct,0.024399999999999977
mistralai/Mistral-Small-3.1-24B-Instruct-2503,da,Danish,Latn,alphabet,1.0,1.0,,direct,0.0
mistralai/Mistral-Small-3.1-24B-Instruct-2503,dav,Taita,Latn,alphabet,1.0,1.0,,direct,0.0
mistralai/Mistral-Small-3.1-24B-Instruct-2503,de,German,Latn,alphabet,1.0,1.0,,direct,0.0
mistralai/Mistral-Small-3.1-24B-Instruct-2503,dje,Zarma,Latn,alphabet,0.9375,0.95,,direct,0.012499999999999956
mistralai/Mistral-Small-3.1-24B-Instruct-2503,doi,Dogri,Deva,abugida,0.83,0.8614,,direct,0.031400000000000095
mistralai/Mistral-Small-3.1-24B-Instruct-2503,dsb,Lower Sorbian,Latn,alphabet,0.973,0.9784,,direct,0.005400000000000071
mistralai/Mistral-Small-3.1-24B-Instruct-2503,dua,Duala,Latn,alphabet,0.8182,0.8545,,direct,0.0363
mistralai/Mistral-Small-3.1-24B-Instruct-2503,dv,Divehi,Thaa,abjad,0.0,0.2,,direct,0.2
mistralai/Mistral-Small-3.1-24B-Instruct-2503,dyo,Jola-Fonyi,Latn,alphabet,0.9688,0.975,,direct,0.006199999999999983
mistralai/Mistral-Small-3.1-24B-Instruct-2503,dz,Dzongkha,Tibt,abugida,0.0,0.2,,direct,0.2
mistralai/Mistral-Small-3.1-24B-Instruct-2503,ebu,Embu,Latn,alphabet,1.0,1.0,,direct,0.0
mistralai/Mistral-Small-3.1-24B-Instruct-2503,ee,Ewe,Latn,alphabet,0.7917,0.8333,,direct,0.04160000000000008
mistralai/Mistral-Small-3.1-24B-Instruct-2503,el,Greek,Grek,alphabet,0.9444,0.9556,,direct,0.011199999999999988
mistralai/Mistral-Small-3.1-24B-Instruct-2503,en,English,Latn,alphabet,1.0,1.0,,direct,0.0
mistralai/Mistral-Small-3.1-24B-Instruct-2503,eo,Esperanto,Latn,alphabet,1.0,1.0,,direct,0.0
mistralai/Mistral-Small-3.1-24B-Instruct-2503,es,Spanish,Latn,alphabet,1.0,1.0,,direct,0.0
mistralai/Mistral-Small-3.1-24B-Instruct-2503,et,Estonian,Latn,alphabet,1.0,1.0,,direct,0.0
mistralai/Mistral-Small-3.1-24B-Instruct-2503,eu,Basque,Latn,alphabet,1.0,1.0,,direct,0.0
mistralai/Mistral-Small-3.1-24B-Instruct-2503,ewo,Ewondo,Latn,alphabet,0.7692,0.8154,,direct,0.04620000000000002
mistralai/Mistral-Small-3.1-24B-Instruct-2503,fa,Persian,Arab,abjad,1.0,1.0,,direct,0.0
mistralai/Mistral-Small-3.1-24B-Instruct-2503,ff,Fula,Latn,alphabet,0.8519,0.8815,,direct,0.02959999999999996
mistralai/Mistral-Small-3.1-24B-Instruct-2503,fi,Finnish,Latn,alphabet,1.0,1.0,,direct,0.0
mistralai/Mistral-Small-3.1-24B-Instruct-2503,fil,Filipino,Latn,alphabet,1.0,1.0,,direct,0.0
mistralai/Mistral-Small-3.1-24B-Instruct-2503,fo,Faroese,Latn,alphabet,1.0,1.0,,direct,0.0
mistralai/Mistral-Small-3.1-24B-Instruct-2503,fr,French,Latn,alphabet,0.9762,0.981,,direct,0.0048000000000000265
mistralai/Mistral-Small-3.1-24B-Instruct-2503,frr,Northern Frisian,Latn,alphabet,1.0,1.0,,direct,0.0
mistralai/Mistral-Small-3.1-24B-Instruct-2503,fur,Friulian,Latn,alphabet,1.0,1.0,,direct,0.0
mistralai/Mistral-Small-3.1-24B-Instruct-2503,fy,Western Frisian,Latn,alphabet,0.9762,0.981,,direct,0.0048000000000000265
mistralai/Mistral-Small-3.1-24B-Instruct-2503,ga,Irish,Latn,alphabet,1.0,1.0,,direct,0.0
mistralai/Mistral-Small-3.1-24B-Instruct-2503,gaa,Ga,Latn,alphabet,0.8846,0.9077,,direct,0.0230999999999999
mistralai/Mistral-Small-3.1-24B-Instruct-2503,gd,Scottish Gaelic,Latn,alphabet,1.0,1.0,,direct,0.0
mistralai/Mistral-Small-3.1-24B-Instruct-2503,gez,Geez,Ethi,syllabary,0.0,0.2,,within_script_only,0.2
mistralai/Mistral-Small-3.1-24B-Instruct-2503,gl,Galician,Latn,alphabet,1.0,1.0,,direct,0.0
mistralai/Mistral-Small-3.1-24B-Instruct-2503,gn,Guarani,Latn,alphabet,0.9667,0.9733,,direct,0.00660000000000005
mistralai/Mistral-Small-3.1-24B-Instruct-2503,gsw,Swiss German,Latn,alphabet,1.0,1.0,,direct,0.0
mistralai/Mistral-Small-3.1-24B-Instruct-2503,gu,Gujarati,Gujr,abugida,0.6515,0.7132,,direct,0.06169999999999998
mistralai/Mistral-Small-3.1-24B-Instruct-2503,guz,Gusii,Latn,alphabet,1.0,1.0,,direct,0.0
mistralai/Mistral-Small-3.1-24B-Instruct-2503,gv,Manx,Latn,alphabet,1.0,1.0,,direct,0.0
mistralai/Mistral-Small-3.1-24B-Instruct-2503,ha,Hausa,Latn,alphabet,0.8519,0.8815,,direct,0.02959999999999996
mistralai/Mistral-Small-3.1-24B-Instruct-2503,haw,Hawaiian,Latn,alphabet,1.0,1.0,,direct,0.0
mistralai/Mistral-Small-3.1-24B-Instruct-2503,he,Hebrew,Hebr,abjad,1.0,1.0,,direct,0.0
mistralai/Mistral-Small-3.1-24B-Instruct-2503,hi,Hindi,Deva,abugida,0.9075,0.9224,,direct,0.014900000000000024
mistralai/Mistral-Small-3.1-24B-Instruct-2503,hnj,Hmong Njua,Hmnp,alphabet,0.0,0.2,,direct,0.2
mistralai/Mistral-Small-3.1-24B-Instruct-2503,hr,Croatian,Latn,alphabet,1.0,1.0,,direct,0.0
mistralai/Mistral-Small-3.1-24B-Instruct-2503,hsb,Upper Sorbian,Latn,alphabet,1.0,1.0,,direct,0.0
mistralai/Mistral-Small-3.1-24B-Instruct-2503,ht,Haitian Creole,Latn,alphabet,1.0,1.0,,direct,0.0
mistralai/Mistral-Small-3.1-24B-Instruct-2503,hu,Hungarian,Latn,alphabet,1.0,1.0,,direct,0.0
mistralai/Mistral-Small-3.1-24B-Instruct-2503,hy,Armenian,Armn,alphabet,1.0,1.0,,direct,0.0
mistralai/Mistral-Small-3.1-24B-Instruct-2503,ia,Interlingua,Latn,alphabet,1.0,1.0,,direct,0.0
mistralai/Mistral-Small-3.1-24B-Instruct-2503,id,Indonesian,Latn,alphabet,1.0,1.0,,direct,0.0
mistralai/Mistral-Small-3.1-24B-Instruct-2503,ie,Interlingue,Latn,alphabet,1.0,1.0,,direct,0.0
mistralai/Mistral-Small-3.1-24B-Instruct-2503,ig,Igbo,Latn,alphabet,0.9643,0.9714,,direct,0.007099999999999995
mistralai/Mistral-Small-3.1-24B-Instruct-2503,ii,Sichuan Yi,Yiii,syllabary,0.0,0.2,,within_script_only,0.2
mistralai/Mistral-Small-3.1-24B-Instruct-2503,io,Ido,Latn,alphabet,1.0,1.0,,direct,0.0
mistralai/Mistral-Small-3.1-24B-Instruct-2503,is,Icelandic,Latn,alphabet,1.0,1.0,,direct,0.0
mistralai/Mistral-Small-3.1-24B-Instruct-2503,it,Italian,Latn,alphabet,1.0,1.0,,direct,0.0
mistralai/Mistral-Small-3.1-24B-Instruct-2503,iu,Inuktitut,Cans,syllabary,0.0,0.2,,within_script_only,0.2
mistralai/Mistral-Small-3.1-24B-Instruct-2503,ja,Japanese,Jpan,mixed_logographic,0.5279,0.6221,,within_script_only,0.09419999999999995
mistralai/Mistral-Small-3.1-24B-Instruct-2503,jbo,Lojban,Latn,alphabet,1.0,1.0,,direct,0.0
mistralai/Mistral-Small-3.1-24B-Instruct-2503,jgo,Ngomba,Latn,alphabet,0.6444,0.7156,,direct,0.07120000000000004
mistralai/Mistral-Small-3.1-24B-Instruct-2503,jmc,Machame,Latn,alphabet,1.0,1.0,,direct,0.0
mistralai/Mistral-Small-3.1-24B-Instruct-2503,jv,Javanese,Latn,alphabet,1.0,1.0,,direct,0.0
mistralai/Mistral-Small-3.1-24B-Instruct-2503,ka,Georgian,Geor,alphabet,0.9606,0.9667,,direct,0.006099999999999994
mistralai/Mistral-Small-3.1-24B-Instruct-2503,kaa,Kara-Kalpak,Cyrl,alphabet,0.9756,0.9805,,direct,0.0049000000000000155
mistralai/Mistral-Small-3.1-24B-Instruct-2503,kab,Kabyle,Latn,alphabet,0.7353,0.7882,,direct,0.05290000000000006
mistralai/Mistral-Small-3.1-24B-Instruct-2503,kaj,Jju,Latn,alphabet,1.0,1.0,,direct,0.0
mistralai/Mistral-Small-3.1-24B-Instruct-2503,kam,Kamba,Latn,alphabet,1.0,1.0,,direct,0.0
mistralai/Mistral-Small-3.1-24B-Instruct-2503,kcg,Tyap,Latn,alphabet,0.96,0.968,,direct,0.008000000000000007
mistralai/Mistral-Small-3.1-24B-Instruct-2503,kde,Makonde,Latn,alphabet,1.0,1.0,,direct,0.0
mistralai/Mistral-Small-3.1-24B-Instruct-2503,kea,Kabuverdianu,Latn,alphabet,1.0,1.0,,direct,0.0
mistralai/Mistral-Small-3.1-24B-Instruct-2503,ken,Kenyang,Latn,alphabet,0.7317,0.7854,,direct,0.05369999999999997
mistralai/Mistral-Small-3.1-24B-Instruct-2503,kgp,Kaingang,Latn,alphabet,1.0,1.0,,direct,0.0
mistralai/Mistral-Small-3.1-24B-Instruct-2503,khq,Koyra Chiini,Latn,alphabet,0.9375,0.95,,direct,0.012499999999999956
mistralai/Mistral-Small-3.1-24B-Instruct-2503,ki,Kikuyu,Latn,alphabet,1.0,1.0,,direct,0.0
mistralai/Mistral-Small-3.1-24B-Instruct-2503,kk,Kazakh,Cyrl,alphabet,1.0,1.0,,direct,0.0
mistralai/Mistral-Small-3.1-24B-Instruct-2503,kkj,Kako,Latn,alphabet,0.8085,0.8468,,direct,0.0383
mistralai/Mistral-Small-3.1-24B-Instruct-2503,kl,Kalaallisut,Latn,alphabet,1.0,1.0,,direct,0.0
mistralai/Mistral-Small-3.1-24B-Instruct-2503,kln,Kalenjin,Latn,alphabet,1.0,1.0,,direct,0.0
mistralai/Mistral-Small-3.1-24B-Instruct-2503,km,Khmer,Khmr,abugida,0.0,0.2,,direct,0.2
mistralai/Mistral-Small-3.1-24B-Instruct-2503,kn,Kannada,Knda,abugida,0.7028,0.7563,,direct,0.05349999999999999
mistralai/Mistral-Small-3.1-24B-Instruct-2503,ko,Korean,Kore,featural_syllabary,0.0714,0.256,0.2,within_script_only,0.1846
mistralai/Mistral-Small-3.1-24B-Instruct-2503,kok,Konkani,Deva,abugida,0.9195,0.9325,,direct,0.013000000000000012
mistralai/Mistral-Small-3.1-24B-Instruct-2503,kpe,Kpelle,Latn,alphabet,0.7931,0.8345,,direct,0.04139999999999999
mistralai/Mistral-Small-3.1-24B-Instruct-2503,ks,Kashmiri,Arab,abjad,0.913,0.9304,,direct,0.01739999999999997
mistralai/Mistral-Small-3.1-24B-Instruct-2503,ksb,Shambala,Latn,alphabet,1.0,1.0,,direct,0.0
mistralai/Mistral-Small-3.1-24B-Instruct-2503,ksf,Bafia,Latn,alphabet,0.8529,0.8824,,direct,0.02949999999999997
mistralai/Mistral-Small-3.1-24B-Instruct-2503,ksh,Colognian,Latn,alphabet,1.0,1.0,,direct,0.0
mistralai/Mistral-Small-3.1-24B-Instruct-2503,ku,Kurdish,Latn,alphabet,1.0,1.0,,direct,0.0
mistralai/Mistral-Small-3.1-24B-Instruct-2503,kw,Cornish,Latn,alphabet,1.0,1.0,,direct,0.0
mistralai/Mistral-Small-3.1-24B-Instruct-2503,kxv,Kuvi,Latn,alphabet,0.8182,0.8545,,direct,0.0363
mistralai/Mistral-Small-3.1-24B-Instruct-2503,ky,Kyrgyz,Cyrl,alphabet,1.0,1.0,,direct,0.0
mistralai/Mistral-Small-3.1-24B-Instruct-2503,la,Latin,Latn,alphabet,1.0,1.0,,direct,0.0
mistralai/Mistral-Small-3.1-24B-Instruct-2503,lag,Langi,Latn,alphabet,0.9394,0.9515,,direct,0.0121
mistralai/Mistral-Small-3.1-24B-Instruct-2503,lb,Luxembourgish,Latn,alphabet,1.0,1.0,,direct,0.0
mistralai/Mistral-Small-3.1-24B-Instruct-2503,lg,Ganda,Latn,alphabet,0.9583,0.9667,,direct,0.008399999999999963
mistralai/Mistral-Small-3.1-24B-Instruct-2503,lij,Ligurian,Latn,alphabet,1.0,1.0,,direct,0.0
mistralai/Mistral-Small-3.1-24B-Instruct-2503,lkt,Lakota,Latn,alphabet,0.9,0.92,,direct,0.020000000000000018
mistralai/Mistral-Small-3.1-24B-Instruct-2503,lld,lld,Latn,alphabet,1.0,1.0,,direct,0.0
mistralai/Mistral-Small-3.1-24B-Instruct-2503,lmo,Lombard,Latn,alphabet,1.0,1.0,,direct,0.0
mistralai/Mistral-Small-3.1-24B-Instruct-2503,ln,Lingala,Latn,alphabet,0.8049,0.8439,,direct,0.039000000000000035
mistralai/Mistral-Small-3.1-24B-Instruct-2503,lo,Lao,Laoo,abugida,0.0,0.2,,direct,0.2
mistralai/Mistral-Small-3.1-24B-Instruct-2503,lrc,Northern Luri,Arab,abjad,0.8605,0.8884,,direct,0.027899999999999925
mistralai/Mistral-Small-3.1-24B-Instruct-2503,lt,Lithuanian,Latn,alphabet,1.0,1.0,,direct,0.0
mistralai/Mistral-Small-3.1-24B-Instruct-2503,ltg,Latgalian,Latn,alphabet,1.0,1.0,,direct,0.0
mistralai/Mistral-Small-3.1-24B-Instruct-2503,lu,Luba-Katanga,Latn,alphabet,0.8947,0.9158,,direct,0.021099999999999897
mistralai/Mistral-Small-3.1-24B-Instruct-2503,luo,Luo,Latn,alphabet,1.0,1.0,,direct,0.0
mistralai/Mistral-Small-3.1-24B-Instruct-2503,luy,Luyia,Latn,alphabet,1.0,1.0,,direct,0.0
mistralai/Mistral-Small-3.1-24B-Instruct-2503,lv,Latvian,Latn,alphabet,1.0,1.0,,direct,0.0
mistralai/Mistral-Small-3.1-24B-Instruct-2503,mai,Maithili,Deva,abugida,0.9933,0.9933,,direct,0.0
mistralai/Mistral-Small-3.1-24B-Instruct-2503,mas,Masai,Latn,alphabet,0.8723,0.8979,,direct,0.025600000000000067
mistralai/Mistral-Small-3.1-24B-Instruct-2503,mdf,Moksha,Cyrl,alphabet,1.0,1.0,,direct,0.0
mistralai/Mistral-Small-3.1-24B-Instruct-2503,mer,Meru,Latn,alphabet,1.0,1.0,,direct,0.0
mistralai/Mistral-Small-3.1-24B-Instruct-2503,mfe,Morisyen,Latn,alphabet,1.0,1.0,,direct,0.0
mistralai/Mistral-Small-3.1-24B-Instruct-2503,mg,Malagasy,Latn,alphabet,1.0,1.0,,direct,0.0
mistralai/Mistral-Small-3.1-24B-Instruct-2503,mgh,Makhuwa-Meetto,Latn,alphabet,1.0,1.0,,direct,0.0
mistralai/Mistral-Small-3.1-24B-Instruct-2503,mgo,Metaʼ,Latn,alphabet,0.9062,0.925,,direct,0.01880000000000004
mistralai/Mistral-Small-3.1-24B-Instruct-2503,mhn,mhn,Latn,alphabet,1.0,1.0,,direct,0.0
mistralai/Mistral-Small-3.1-24B-Instruct-2503,mi,Māori,Latn,alphabet,1.0,1.0,,direct,0.0
mistralai/Mistral-Small-3.1-24B-Instruct-2503,mic,Mi'kmaw,Latn,alphabet,0.9545,0.9636,,direct,0.009099999999999997
mistralai/Mistral-Small-3.1-24B-Instruct-2503,mk,Macedonian,Cyrl,alphabet,0.9677,0.9742,,direct,0.00649999999999995
mistralai/Mistral-Small-3.1-24B-Instruct-2503,ml,Malayalam,Mlym,abugida,0.7647,0.8,,direct,0.0353
mistralai/Mistral-Small-3.1-24B-Instruct-2503,mn,Mongolian,Cyrl,alphabet,1.0,1.0,,direct,0.0
mistralai/Mistral-Small-3.1-24B-Instruct-2503,mni,Manipuri,Beng,abugida,0.8712,0.8949,,direct,0.023700000000000054
mistralai/Mistral-Small-3.1-24B-Instruct-2503,moh,Mohawk,Latn,alphabet,1.0,1.0,,direct,0.0
mistralai/Mistral-Small-3.1-24B-Instruct-2503,mr,Marathi,Deva,abugida,0.9187,0.9312,,direct,0.012500000000000067
mistralai/Mistral-Small-3.1-24B-Instruct-2503,ms,Malay,Latn,alphabet,1.0,1.0,,direct,0.0
mistralai/Mistral-Small-3.1-24B-Instruct-2503,mt,Maltese,Latn,alphabet,0.9091,0.9273,,direct,0.018199999999999994
mistralai/Mistral-Small-3.1-24B-Instruct-2503,mua,Mundang,Latn,alphabet,0.8485,0.8788,,direct,0.030299999999999994
mistralai/Mistral-Small-3.1-24B-Instruct-2503,mus,Muscogee,Latn,alphabet,1.0,1.0,,direct,0.0
mistralai/Mistral-Small-3.1-24B-Instruct-2503,my,Burmese,Mymr,abugida,0.69,0.75,,direct,0.06000000000000005
mistralai/Mistral-Small-3.1-24B-Instruct-2503,myv,Erzya,Cyrl,alphabet,1.0,1.0,,direct,0.0
mistralai/Mistral-Small-3.1-24B-Instruct-2503,mzn,Mazanderani,Arab,abjad,1.0,1.0,,direct,0.0
mistralai/Mistral-Small-3.1-24B-Instruct-2503,naq,Nama,Latn,alphabet,0.871,0.8968,,direct,0.025800000000000045
mistralai/Mistral-Small-3.1-24B-Instruct-2503,nd,North Ndebele,Latn,alphabet,1.0,1.0,,direct,0.0
mistralai/Mistral-Small-3.1-24B-Instruct-2503,nds,Low German,Latn,alphabet,1.0,1.0,,direct,0.0
mistralai/Mistral-Small-3.1-24B-Instruct-2503,ne,Nepali,Deva,abugida,0.9075,0.9224,,direct,0.014900000000000024
mistralai/Mistral-Small-3.1-24B-Instruct-2503,nl,Dutch,Latn,alphabet,0.973,0.9784,,direct,0.005400000000000071
mistralai/Mistral-Small-3.1-24B-Instruct-2503,nmg,Kwasio,Latn,alphabet,0.7544,0.8035,,direct,0.04910000000000003
mistralai/Mistral-Small-3.1-24B-Instruct-2503,nnh,Ngiemboon,Latn,alphabet,0.7407,0.7926,,direct,0.051899999999999946
mistralai/Mistral-Small-3.1-24B-Instruct-2503,no,Norwegian,Latn,alphabet,1.0,1.0,,direct,0.0
mistralai/Mistral-Small-3.1-24B-Instruct-2503,nqo,N’Ko,Nkoo,alphabet,0.0,0.2,,direct,0.2
mistralai/Mistral-Small-3.1-24B-Instruct-2503,nr,South Ndebele,Latn,alphabet,1.0,1.0,,direct,0.0
mistralai/Mistral-Small-3.1-24B-Instruct-2503,nso,Northern Sotho,Latn,alphabet,1.0,1.0,,direct,0.0
mistralai/Mistral-Small-3.1-24B-Instruct-2503,nus,Nuer,Latn,alphabet,0.8611,0.8889,,direct,0.027800000000000047
mistralai/Mistral-Small-3.1-24B-Instruct-2503,nv,Navajo,Latn,alphabet,0.9355,0.9484,,direct,0.012900000000000023
mistralai/Mistral-Small-3.1-24B-Instruct-2503,ny,Nyanja,Latn,alphabet,0.9583,0.9667,,direct,0.008399999999999963
mistralai/Mistral-Small-3.1-24B-Instruct-2503,nyn,Nyankole,Latn,alphabet,1.0,1.0,,direct,0.0
mistralai/Mistral-Small-3.1-24B-Instruct-2503,oc,Occitan,Latn,alphabet,1.0,1.0,,direct,0.0
mistralai/Mistral-Small-3.1-24B-Instruct-2503,om,Oromo,Latn,alphabet,1.0,1.0,,direct,0.0
mistralai/Mistral-Small-3.1-24B-Instruct-2503,or,Odia,Orya,abugida,0.0,0.2,,direct,0.2
mistralai/Mistral-Small-3.1-24B-Instruct-2503,os,Ossetic,Cyrl,alphabet,0.9706,0.9765,,direct,0.005900000000000016
mistralai/Mistral-Small-3.1-24B-Instruct-2503,osa,Osage,Osge,alphabet,0.0,0.2,,direct,0.2
mistralai/Mistral-Small-3.1-24B-Instruct-2503,pa,Punjabi,Guru,abugida,0.6088,0.6853,,direct,0.07650000000000001
mistralai/Mistral-Small-3.1-24B-Instruct-2503,pap,Papiamento,Latn,alphabet,1.0,1.0,,direct,0.0
mistralai/Mistral-Small-3.1-24B-Instruct-2503,pcm,Nigerian Pidgin,Latn,alphabet,0.9688,0.975,,direct,0.006199999999999983
mistralai/Mistral-Small-3.1-24B-Instruct-2503,pis,Pijin,Latn,alphabet,1.0,1.0,,direct,0.0
mistralai/Mistral-Small-3.1-24B-Instruct-2503,pl,Polish,Latn,alphabet,1.0,1.0,,direct,0.0
mistralai/Mistral-Small-3.1-24B-Instruct-2503,prg,Prussian,Latn,alphabet,0.9487,0.959,,direct,0.010299999999999976
mistralai/Mistral-Small-3.1-24B-Instruct-2503,ps,Pashto,Arab,abjad,0.9783,0.9817,,direct,0.0034000000000000696
mistralai/Mistral-Small-3.1-24B-Instruct-2503,pt,Portuguese,Latn,alphabet,1.0,1.0,,direct,0.0
mistralai/Mistral-Small-3.1-24B-Instruct-2503,qu,Quechua,Latn,alphabet,1.0,1.0,,direct,0.0
mistralai/Mistral-Small-3.1-24B-Instruct-2503,quc,Kʼicheʼ,Latn,alphabet,1.0,1.0,,direct,0.0
mistralai/Mistral-Small-3.1-24B-Instruct-2503,raj,Rajasthani,Deva,abugida,0.9939,0.9939,,direct,0.0
mistralai/Mistral-Small-3.1-24B-Instruct-2503,rhg,Rohingya,Rohg,abjad,0.0,0.2,,direct,0.2
mistralai/Mistral-Small-3.1-24B-Instruct-2503,rif,Riffian,Latn,alphabet,0.7742,0.8194,,direct,0.04520000000000002
mistralai/Mistral-Small-3.1-24B-Instruct-2503,rm,Romansh,Latn,alphabet,1.0,1.0,,direct,0.0
mistralai/Mistral-Small-3.1-24B-Instruct-2503,rn,Rundi,Latn,alphabet,1.0,1.0,,direct,0.0
mistralai/Mistral-Small-3.1-24B-Instruct-2503,ro,Romanian,Latn,alphabet,1.0,1.0,,direct,0.0
mistralai/Mistral-Small-3.1-24B-Instruct-2503,rof,Rombo,Latn,alphabet,1.0,1.0,,direct,0.0
mistralai/Mistral-Small-3.1-24B-Instruct-2503,ru,Russian,Cyrl,alphabet,1.0,1.0,,direct,0.0
mistralai/Mistral-Small-3.1-24B-Instruct-2503,rw,Kinyarwanda,Latn,alphabet,1.0,1.0,,direct,0.0
mistralai/Mistral-Small-3.1-24B-Instruct-2503,rwk,Rwa,Latn,alphabet,1.0,1.0,,direct,0.0
mistralai/Mistral-Small-3.1-24B-Instruct-2503,sa,Sanskrit,Deva,abugida,0.83,0.8614,,direct,0.031400000000000095
mistralai/Mistral-Small-3.1-24B-Instruct-2503,sah,Yakut,Cyrl,alphabet,0.9231,0.9385,,direct,0.01539999999999997
mistralai/Mistral-Small-3.1-24B-Instruct-2503,saq,Samburu,Latn,alphabet,1.0,1.0,,direct,0.0
mistralai/Mistral-Small-3.1-24B-Instruct-2503,sat,Santali,Olck,alphabet,0.0,0.2,,direct,0.2
mistralai/Mistral-Small-3.1-24B-Instruct-2503,sbp,Sangu,Latn,alphabet,1.0,1.0,,direct,0.0
mistralai/Mistral-Small-3.1-24B-Instruct-2503,sc,Sardinian,Latn,alphabet,1.0,1.0,,direct,0.0
mistralai/Mistral-Small-3.1-24B-Instruct-2503,scn,Sicilian,Latn,alphabet,0.9697,0.9758,,direct,0.006099999999999994
mistralai/Mistral-Small-3.1-24B-Instruct-2503,sd,Sindhi,Arab,abjad,0.6538,0.7231,,direct,0.06929999999999992
mistralai/Mistral-Small-3.1-24B-Instruct-2503,sdh,Southern Kurdish,Arab,abjad,0.8235,0.8588,,direct,0.0353
mistralai/Mistral-Small-3.1-24B-Instruct-2503,se,Northern Sami,Latn,alphabet,0.931,0.9448,,direct,0.013799999999999923
mistralai/Mistral-Small-3.1-24B-Instruct-2503,seh,Sena,Latn,alphabet,1.0,1.0,,direct,0.0
mistralai/Mistral-Small-3.1-24B-Instruct-2503,ses,Koyraboro Senni,Latn,alphabet,0.9375,0.95,,direct,0.012499999999999956
mistralai/Mistral-Small-3.1-24B-Instruct-2503,sg,Sango,Latn,alphabet,1.0,1.0,,direct,0.0
mistralai/Mistral-Small-3.1-24B-Instruct-2503,shi,Tachelhit,Tfng,alphabet,0.0,0.2,,direct,0.2
mistralai/Mistral-Small-3.1-24B-Instruct-2503,shn,Shan,Mymr,abugida,0.4565,0.5652,,direct,0.10870000000000002
mistralai/Mistral-Small-3.1-24B-Instruct-2503,si,Sinhala,Sinh,abugida,0.0,0.2,,direct,0.2
mistralai/Mistral-Small-3.1-24B-Instruct-2503,sid,Sidamo,Latn,alphabet,1.0,1.0,,direct,0.0
mistralai/Mistral-Small-3.1-24B-Instruct-2503,sk,Slovak,Latn,alphabet,0.9535,0.9628,,direct,0.009299999999999975
mistralai/Mistral-Small-3.1-24B-Instruct-2503,skr,skr,Arab,abjad,0.8571,0.8857,,direct,0.02860000000000007
mistralai/Mistral-Small-3.1-24B-Instruct-2503,sl,Slovenian,Latn,alphabet,1.0,1.0,,direct,0.0
mistralai/Mistral-Small-3.1-24B-Instruct-2503,sma,Southern Sami,Latn,alphabet,1.0,1.0,,direct,0.0
mistralai/Mistral-Small-3.1-24B-Instruct-2503,smj,Lule Sami,Latn,alphabet,1.0,1.0,,direct,0.0
mistralai/Mistral-Small-3.1-24B-Instruct-2503,smn,Inari Sami,Latn,alphabet,0.9677,0.9742,,direct,0.00649999999999995
mistralai/Mistral-Small-3.1-24B-Instruct-2503,sms,Skolt Sami,Latn,alphabet,0.8333,0.8667,,direct,0.033399999999999985
mistralai/Mistral-Small-3.1-24B-Instruct-2503,sn,Shona,Latn,alphabet,1.0,1.0,,direct,0.0
mistralai/Mistral-Small-3.1-24B-Instruct-2503,so,Somali,Latn,alphabet,1.0,1.0,,direct,0.0
mistralai/Mistral-Small-3.1-24B-Instruct-2503,sq,Albanian,Latn,alphabet,1.0,1.0,,direct,0.0
mistralai/Mistral-Small-3.1-24B-Instruct-2503,sr,Serbian,Cyrl,alphabet,1.0,1.0,,direct,0.0
mistralai/Mistral-Small-3.1-24B-Instruct-2503,ss,Swati,Latn,alphabet,1.0,1.0,,direct,0.0
mistralai/Mistral-Small-3.1-24B-Instruct-2503,ssy,Saho,Latn,alphabet,1.0,1.0,,direct,0.0
mistralai/Mistral-Small-3.1-24B-Instruct-2503,st,Southern Sotho,Latn,alphabet,1.0,1.0,,direct,0.0
mistralai/Mistral-Small-3.1-24B-Instruct-2503,su,Sundanese,Latn,alphabet,1.0,1.0,,direct,0.0
mistralai/Mistral-Small-3.1-24B-Instruct-2503,sv,Swedish,Latn,alphabet,1.0,1.0,,direct,0.0
mistralai/Mistral-Small-3.1-24B-Instruct-2503,sw,Swahili,Latn,alphabet,1.0,1.0,,direct,0.0
mistralai/Mistral-Small-3.1-24B-Instruct-2503,syr,Syriac,Syrc,abjad,0.0,0.2,,direct,0.2
mistralai/Mistral-Small-3.1-24B-Instruct-2503,szl,Silesian,Latn,alphabet,0.9706,0.9765,,direct,0.005900000000000016
mistralai/Mistral-Small-3.1-24B-Instruct-2503,ta,Tamil,Taml,abugida,0.8574,0.8745,,direct,0.017100000000000004
mistralai/Mistral-Small-3.1-24B-Instruct-2503,te,Telugu,Telu,abugida,0.7043,0.7557,,direct,0.0514
mistralai/Mistral-Small-3.1-24B-Instruct-2503,teo,Teso,Latn,alphabet,1.0,1.0,,direct,0.0
mistralai/Mistral-Small-3.1-24B-Instruct-2503,tg,Tajik,Cyrl,alphabet,0.8857,0.9086,,direct,0.02289999999999992
mistralai/Mistral-Small-3.1-24B-Instruct-2503,th,Thai,Thai,abugida,0.8493,0.8795,,direct,0.030199999999999894
mistralai/Mistral-Small-3.1-24B-Instruct-2503,ti,Tigrinya,Ethi,syllabary,0.0,0.2,,within_script_only,0.2
mistralai/Mistral-Small-3.1-24B-Instruct-2503,tig,Tigre,Ethi,syllabary,0.0,0.2,,within_script_only,0.2
mistralai/Mistral-Small-3.1-24B-Instruct-2503,tk,Turkmen,Latn,alphabet,1.0,1.0,,direct,0.0
mistralai/Mistral-Small-3.1-24B-Instruct-2503,tn,Tswana,Latn,alphabet,1.0,1.0,,direct,0.0
mistralai/Mistral-Small-3.1-24B-Instruct-2503,to,Tongan,Latn,alphabet,1.0,1.0,,direct,0.0
mistralai/Mistral-Small-3.1-24B-Instruct-2503,tok,Toki Pona,Latn,alphabet,1.0,1.0,,direct,0.0
mistralai/Mistral-Small-3.1-24B-Instruct-2503,tpi,Tok Pisin,Latn,alphabet,1.0,1.0,,direct,0.0
mistralai/Mistral-Small-3.1-24B-Instruct-2503,tr,Turkish,Latn,alphabet,1.0,1.0,,direct,0.0
mistralai/Mistral-Small-3.1-24B-Instruct-2503,trv,Taroko,Latn,alphabet,1.0,1.0,,direct,0.0
mistralai/Mistral-Small-3.1-24B-Instruct-2503,trw,Torwali,Arab,abjad,0.8896,0.9104,,direct,0.02080000000000004
mistralai/Mistral-Small-3.1-24B-Instruct-2503,ts,Tsonga,Latn,alphabet,1.0,1.0,,direct,0.0
mistralai/Mistral-Small-3.1-24B-Instruct-2503,tt,Tatar,Cyrl,alphabet,1.0,1.0,,direct,0.0
mistralai/Mistral-Small-3.1-24B-Instruct-2503,twq,Tasawaq,Latn,alphabet,0.9375,0.95,,direct,0.012499999999999956
mistralai/Mistral-Small-3.1-24B-Instruct-2503,tyv,Tuvinian,Cyrl,alphabet,1.0,1.0,,direct,0.0
mistralai/Mistral-Small-3.1-24B-Instruct-2503,tzm,Central Atlas Tamazight,Latn,alphabet,0.7419,0.7935,,direct,0.05159999999999998
mistralai/Mistral-Small-3.1-24B-Instruct-2503,ug,Uyghur,Arab,abjad,0.8235,0.8588,,direct,0.0353
mistralai/Mistral-Small-3.1-24B-Instruct-2503,uk,Ukrainian,Cyrl,alphabet,0.9706,0.9765,,direct,0.005900000000000016
mistralai/Mistral-Small-3.1-24B-Instruct-2503,ur,Urdu,Arab,abjad,1.0,1.0,,direct,0.0
mistralai/Mistral-Small-3.1-24B-Instruct-2503,uz,Uzbek,Latn,alphabet,1.0,1.0,,direct,0.0
mistralai/Mistral-Small-3.1-24B-Instruct-2503,vai,Vai,Vaii,syllabary,0.0,0.2,,within_script_only,0.2
mistralai/Mistral-Small-3.1-24B-Instruct-2503,ve,Venda,Latn,alphabet,0.8214,0.8571,,direct,0.035699999999999954
mistralai/Mistral-Small-3.1-24B-Instruct-2503,vec,Venetian,Latn,alphabet,1.0,1.0,,direct,0.0
mistralai/Mistral-Small-3.1-24B-Instruct-2503,vi,Vietnamese,Latn,alphabet,0.9888,0.991,,direct,0.0021999999999999797
mistralai/Mistral-Small-3.1-24B-Instruct-2503,vmw,Makhuwa,Latn,alphabet,1.0,1.0,,direct,0.0
mistralai/Mistral-Small-3.1-24B-Instruct-2503,vo,Volapük,Latn,alphabet,1.0,1.0,,direct,0.0
mistralai/Mistral-Small-3.1-24B-Instruct-2503,vun,Vunjo,Latn,alphabet,1.0,1.0,,direct,0.0
mistralai/Mistral-Small-3.1-24B-Instruct-2503,wa,Walloon,Latn,alphabet,0.9767,0.9814,,direct,0.0047000000000000375
mistralai/Mistral-Small-3.1-24B-Instruct-2503,wae,Walser,Latn,alphabet,1.0,1.0,,direct,0.0
mistralai/Mistral-Small-3.1-24B-Instruct-2503,wal,Wolaytta,Ethi,syllabary,0.0,0.2,,within_script_only,0.2
mistralai/Mistral-Small-3.1-24B-Instruct-2503,wbp,Warlpiri,Latn,alphabet,1.0,1.0,,direct,0.0
mistralai/Mistral-Small-3.1-24B-Instruct-2503,wo,Wolof,Latn,alphabet,0.9655,0.9724,,direct,0.006900000000000017
mistralai/Mistral-Small-3.1-24B-Instruct-2503,xh,Xhosa,Latn,alphabet,1.0,1.0,,direct,0.0
mistralai/Mistral-Small-3.1-24B-Instruct-2503,xnr,Kangri,Deva,abugida,0.9364,0.9455,,direct,0.009099999999999997
mistralai/Mistral-Small-3.1-24B-Instruct-2503,xog,Soga,Latn,alphabet,1.0,1.0,,direct,0.0
mistralai/Mistral-Small-3.1-24B-Instruct-2503,yav,Yangben,Latn,alphabet,0.8298,0.8638,,direct,0.03400000000000003
mistralai/Mistral-Small-3.1-24B-Instruct-2503,yi,Yiddish,Hebr,abjad,0.8824,0.9059,,direct,0.023500000000000076
mistralai/Mistral-Small-3.1-24B-Instruct-2503,yo,Yoruba,Latn,alphabet,0.85,0.88,,direct,0.030000000000000027
mistralai/Mistral-Small-3.1-24B-Instruct-2503,yrl,Nheengatu,Latn,alphabet,1.0,1.0,,direct,0.0
mistralai/Mistral-Small-3.1-24B-Instruct-2503,yue,Cantonese,Hant,logographic,0.4615,0.569,,within_script_only,0.10749999999999993
mistralai/Mistral-Small-3.1-24B-Instruct-2503,za,Zhuang,Latn,alphabet,1.0,1.0,,direct,0.0
mistralai/Mistral-Small-3.1-24B-Instruct-2503,zgh,Standard Moroccan Tamazight,Tfng,alphabet,0.0,0.2,,direct,0.2
mistralai/Mistral-Small-3.1-24B-Instruct-2503,zh,Chinese,Hans,logographic,0.5486,0.6388,,within_script_only,0.09020000000000006
mistralai/Mistral-Small-3.1-24B-Instruct-2503,zu,Zulu,Latn,alphabet,1.0,1.0,,direct,0.0
mistralai/Mixtral-8x22B-v0.1,aa,Afar,Latn,alphabet,1.0,1.0,,direct,0.0
mistralai/Mixtral-8x22B-v0.1,ab,Abkhazian,Cyrl,alphabet,0.82,0.82,,direct,0.0
mistralai/Mixtral-8x22B-v0.1,af,Afrikaans,Latn,alphabet,1.0,1.0,,direct,0.0
mistralai/Mixtral-8x22B-v0.1,agq,Aghem,Latn,alphabet,0.9846,0.9846,,direct,0.0
mistralai/Mixtral-8x22B-v0.1,ak,Akan,Latn,alphabet,1.0,1.0,,direct,0.0
mistralai/Mixtral-8x22B-v0.1,am,Amharic,Ethi,syllabary,0.2227,0.2227,,within_script_only,0.0
mistralai/Mixtral-8x22B-v0.1,an,Aragonese,Latn,alphabet,1.0,1.0,,direct,0.0
mistralai/Mixtral-8x22B-v0.1,ann,Obolo,Latn,alphabet,0.9795,0.9795,,direct,0.0
mistralai/Mixtral-8x22B-v0.1,apc,apc,Arab,abjad,1.0,1.0,,direct,0.0
mistralai/Mixtral-8x22B-v0.1,ar,Arabic,Arab,abjad,1.0,1.0,,direct,0.0
mistralai/Mixtral-8x22B-v0.1,arn,Mapuche,Latn,alphabet,0.936,0.936,,direct,0.0
mistralai/Mixtral-8x22B-v0.1,as,Assamese,Beng,abugida,0.6339,0.6339,,direct,0.0
mistralai/Mixtral-8x22B-v0.1,asa,Asu,Latn,alphabet,1.0,1.0,,direct,0.0
mistralai/Mixtral-8x22B-v0.1,ast,Asturian,Latn,alphabet,1.0,1.0,,direct,0.0
mistralai/Mixtral-8x22B-v0.1,az,Azerbaijani,Latn,alphabet,1.0,1.0,,direct,0.0
mistralai/Mixtral-8x22B-v0.1,ba,Bashkir,Cyrl,alphabet,0.9429,0.9429,,direct,0.0
mistralai/Mixtral-8x22B-v0.1,bal,Baluchi,Arab,abjad,0.9758,0.9758,,direct,0.0
mistralai/Mixtral-8x22B-v0.1,bas,Basaa,Latn,alphabet,0.9484,0.9484,,direct,0.0
mistralai/Mixtral-8x22B-v0.1,be,Belarusian,Cyrl,alphabet,1.0,1.0,,direct,0.0
mistralai/Mixtral-8x22B-v0.1,bem,Bemba,Latn,alphabet,1.0,1.0,,direct,0.0
mistralai/Mixtral-8x22B-v0.1,bew,Betawi,Latn,alphabet,1.0,1.0,,direct,0.0
mistralai/Mixtral-8x22B-v0.1,bez,Bena,Latn,alphabet,1.0,1.0,,direct,0.0
mistralai/Mixtral-8x22B-v0.1,bg,Bulgarian,Cyrl,alphabet,1.0,1.0,,direct,0.0
mistralai/Mixtral-8x22B-v0.1,bgc,Haryanvi,Deva,abugida,0.7655,0.7655,,direct,0.0
mistralai/Mixtral-8x22B-v0.1,bgn,Western Balochi,Arab,abjad,0.9784,0.9784,,direct,0.0
mistralai/Mixtral-8x22B-v0.1,bho,Bhojpuri,Deva,abugida,0.8167,0.8167,,direct,0.0
mistralai/Mixtral-8x22B-v0.1,blo,Anii,Latn,alphabet,0.9347,0.9347,,direct,0.0
mistralai/Mixtral-8x22B-v0.1,blt,Tai Dam,Tavt,abugida,0.2,0.2,,direct,0.0
mistralai/Mixtral-8x22B-v0.1,bm,Bambara,Latn,alphabet,1.0,1.0,,direct,0.0
mistralai/Mixtral-8x22B-v0.1,bn,Bangla,Beng,abugida,0.5882,0.5882,,direct,0.0
mistralai/Mixtral-8x22B-v0.1,bo,Tibetan,Tibt,abugida,0.3195,0.3195,,direct,0.0
mistralai/Mixtral-8x22B-v0.1,br,Breton,Latn,alphabet,1.0,1.0,,direct,0.0
mistralai/Mixtral-8x22B-v0.1,brx,Bodo,Deva,abugida,0.7639,0.7639,,direct,0.0
mistralai/Mixtral-8x22B-v0.1,bs,Bosnian,Latn,alphabet,1.0,1.0,,direct,0.0
mistralai/Mixtral-8x22B-v0.1,bss,Akoose,Latn,alphabet,0.9846,0.9846,,direct,0.0
mistralai/Mixtral-8x22B-v0.1,byn,Blin,Ethi,syllabary,0.2221,0.2221,,within_script_only,0.0
mistralai/Mixtral-8x22B-v0.1,ca,Catalan,Latn,alphabet,1.0,1.0,,direct,0.0
mistralai/Mixtral-8x22B-v0.1,cad,Caddo,Latn,alphabet,0.9733,0.9733,,direct,0.0
mistralai/Mixtral-8x22B-v0.1,cch,Atsam,Latn,alphabet,0.9143,0.9143,,direct,0.0
mistralai/Mixtral-8x22B-v0.1,ccp,Chakma,Cakm,abugida,0.2,0.2,,direct,0.0
mistralai/Mixtral-8x22B-v0.1,ce,Chechen,Cyrl,alphabet,1.0,1.0,,direct,0.0
mistralai/Mixtral-8x22B-v0.1,ceb,Cebuano,Latn,alphabet,1.0,1.0,,direct,0.0
mistralai/Mixtral-8x22B-v0.1,cgg,Chiga,Latn,alphabet,1.0,1.0,,direct,0.0
mistralai/Mixtral-8x22B-v0.1,cho,Choctaw,Latn,alphabet,0.9619,0.9619,,direct,0.0
mistralai/Mixtral-8x22B-v0.1,chr,Cherokee,Cher,syllabary,0.2,0.2,,within_script_only,0.0
mistralai/Mixtral-8x22B-v0.1,cic,Chickasaw,Latn,alphabet,0.9579,0.9579,,direct,0.0
mistralai/Mixtral-8x22B-v0.1,ckb,Central Kurdish,Arab,abjad,0.9515,0.9515,,direct,0.0
mistralai/Mixtral-8x22B-v0.1,co,Corsican,Latn,alphabet,1.0,1.0,,direct,0.0
mistralai/Mixtral-8x22B-v0.1,cop,Coptic,Copt,alphabet,0.2,0.2,,direct,0.0
mistralai/Mixtral-8x22B-v0.1,cs,Czech,Latn,alphabet,1.0,1.0,,direct,0.0
mistralai/Mixtral-8x22B-v0.1,csw,Swampy Cree,Cans,syllabary,0.2,0.2,,within_script_only,0.0
mistralai/Mixtral-8x22B-v0.1,cu,Church Slavic,Cyrl,alphabet,0.5889,0.5889,,direct,0.0
mistralai/Mixtral-8x22B-v0.1,cv,Chuvash,Cyrl,alphabet,0.9135,0.9135,,direct,0.0
mistralai/Mixtral-8x22B-v0.1,cy,Welsh,Latn,alphabet,0.9184,0.9184,,direct,0.0
mistralai/Mixtral-8x22B-v0.1,da,Danish,Latn,alphabet,1.0,1.0,,direct,0.0
mistralai/Mixtral-8x22B-v0.1,dav,Taita,Latn,alphabet,1.0,1.0,,direct,0.0
mistralai/Mixtral-8x22B-v0.1,de,German,Latn,alphabet,1.0,1.0,,direct,0.0
mistralai/Mixtral-8x22B-v0.1,dje,Zarma,Latn,alphabet,1.0,1.0,,direct,0.0
mistralai/Mixtral-8x22B-v0.1,doi,Dogri,Deva,abugida,0.6914,0.6914,,direct,0.0
mistralai/Mixtral-8x22B-v0.1,dsb,Lower Sorbian,Latn,alphabet,1.0,1.0,,direct,0.0
mistralai/Mixtral-8x22B-v0.1,dua,Duala,Latn,alphabet,0.9515,0.9515,,direct,0.0
mistralai/Mixtral-8x22B-v0.1,dv,Divehi,Thaa,abjad,0.2,0.2,,direct,0.0
mistralai/Mixtral-8x22B-v0.1,dyo,Jola-Fonyi,Latn,alphabet,1.0,1.0,,direct,0.0
mistralai/Mixtral-8x22B-v0.1,dz,Dzongkha,Tibt,abugida,0.3793,0.3793,,direct,0.0
mistralai/Mixtral-8x22B-v0.1,ebu,Embu,Latn,alphabet,1.0,1.0,,direct,0.0
mistralai/Mixtral-8x22B-v0.1,ee,Ewe,Latn,alphabet,0.9833,0.9833,,direct,0.0
mistralai/Mixtral-8x22B-v0.1,el,Greek,Grek,alphabet,0.9111,0.9111,,direct,0.0
mistralai/Mixtral-8x22B-v0.1,en,English,Latn,alphabet,1.0,1.0,,direct,0.0
mistralai/Mixtral-8x22B-v0.1,eo,Esperanto,Latn,alphabet,0.9143,0.9143,,direct,0.0
mistralai/Mixtral-8x22B-v0.1,es,Spanish,Latn,alphabet,1.0,1.0,,direct,0.0
mistralai/Mixtral-8x22B-v0.1,et,Estonian,Latn,alphabet,1.0,1.0,,direct,0.0
mistralai/Mixtral-8x22B-v0.1,eu,Basque,Latn,alphabet,1.0,1.0,,direct,0.0
mistralai/Mixtral-8x22B-v0.1,ewo,Ewondo,Latn,alphabet,0.9846,0.9846,,direct,0.0
mistralai/Mixtral-8x22B-v0.1,fa,Persian,Arab,abjad,1.0,1.0,,direct,0.0
mistralai/Mixtral-8x22B-v0.1,ff,Fula,Latn,alphabet,0.9111,0.9111,,direct,0.0
mistralai/Mixtral-8x22B-v0.1,fi,Finnish,Latn,alphabet,1.0,1.0,,direct,0.0
mistralai/Mixtral-8x22B-v0.1,fil,Filipino,Latn,alphabet,1.0,1.0,,direct,0.0
mistralai/Mixtral-8x22B-v0.1,fo,Faroese,Latn,alphabet,1.0,1.0,,direct,0.0
mistralai/Mixtral-8x22B-v0.1,fr,French,Latn,alphabet,1.0,1.0,,direct,0.0
mistralai/Mixtral-8x22B-v0.1,frr,Northern Frisian,Latn,alphabet,1.0,1.0,,direct,0.0
mistralai/Mixtral-8x22B-v0.1,fur,Friulian,Latn,alphabet,1.0,1.0,,direct,0.0
mistralai/Mixtral-8x22B-v0.1,fy,Western Frisian,Latn,alphabet,1.0,1.0,,direct,0.0
mistralai/Mixtral-8x22B-v0.1,ga,Irish,Latn,alphabet,1.0,1.0,,direct,0.0
mistralai/Mixtral-8x22B-v0.1,gaa,Ga,Latn,alphabet,1.0,1.0,,direct,0.0
mistralai/Mixtral-8x22B-v0.1,gd,Scottish Gaelic,Latn,alphabet,1.0,1.0,,direct,0.0
mistralai/Mixtral-8x22B-v0.1,gez,Geez,Ethi,syllabary,0.23,0.23,,within_script_only,0.0
mistralai/Mixtral-8x22B-v0.1,gl,Galician,Latn,alphabet,1.0,1.0,,direct,0.0
mistralai/Mixtral-8x22B-v0.1,gn,Guarani,Latn,alphabet,1.0,1.0,,direct,0.0
mistralai/Mixtral-8x22B-v0.1,gsw,Swiss German,Latn,alphabet,1.0,1.0,,direct,0.0
mistralai/Mixtral-8x22B-v0.1,gu,Gujarati,Gujr,abugida,0.2588,0.2588,,direct,0.0
mistralai/Mixtral-8x22B-v0.1,guz,Gusii,Latn,alphabet,1.0,1.0,,direct,0.0
mistralai/Mixtral-8x22B-v0.1,gv,Manx,Latn,alphabet,1.0,1.0,,direct,0.0
mistralai/Mixtral-8x22B-v0.1,ha,Hausa,Latn,alphabet,0.8815,0.8815,,direct,0.0
mistralai/Mixtral-8x22B-v0.1,haw,Hawaiian,Latn,alphabet,1.0,1.0,,direct,0.0
mistralai/Mixtral-8x22B-v0.1,he,Hebrew,Hebr,abjad,1.0,1.0,,direct,0.0
mistralai/Mixtral-8x22B-v0.1,hi,Hindi,Deva,abugida,0.7134,0.7134,,direct,0.0
mistralai/Mixtral-8x22B-v0.1,hnj,Hmong Njua,Hmnp,alphabet,0.2,0.2,,direct,0.0
mistralai/Mixtral-8x22B-v0.1,hr,Croatian,Latn,alphabet,1.0,1.0,,direct,0.0
mistralai/Mixtral-8x22B-v0.1,hsb,Upper Sorbian,Latn,alphabet,1.0,1.0,,direct,0.0
mistralai/Mixtral-8x22B-v0.1,ht,Haitian Creole,Latn,alphabet,1.0,1.0,,direct,0.0
mistralai/Mixtral-8x22B-v0.1,hu,Hungarian,Latn,alphabet,1.0,1.0,,direct,0.0
mistralai/Mixtral-8x22B-v0.1,hy,Armenian,Armn,alphabet,0.7053,0.7053,,direct,0.0
mistralai/Mixtral-8x22B-v0.1,ia,Interlingua,Latn,alphabet,1.0,1.0,,direct,0.0
mistralai/Mixtral-8x22B-v0.1,id,Indonesian,Latn,alphabet,1.0,1.0,,direct,0.0
mistralai/Mixtral-8x22B-v0.1,ie,Interlingue,Latn,alphabet,1.0,1.0,,direct,0.0
mistralai/Mixtral-8x22B-v0.1,ig,Igbo,Latn,alphabet,1.0,1.0,,direct,0.0
mistralai/Mixtral-8x22B-v0.1,ii,Sichuan Yi,Yiii,syllabary,0.2,0.2,,within_script_only,0.0
mistralai/Mixtral-8x22B-v0.1,io,Ido,Latn,alphabet,1.0,1.0,,direct,0.0
mistralai/Mixtral-8x22B-v0.1,is,Icelandic,Latn,alphabet,1.0,1.0,,direct,0.0
mistralai/Mixtral-8x22B-v0.1,it,Italian,Latn,alphabet,1.0,1.0,,direct,0.0
mistralai/Mixtral-8x22B-v0.1,iu,Inuktitut,Cans,syllabary,0.2,0.2,,within_script_only,0.0
mistralai/Mixtral-8x22B-v0.1,ja,Japanese,Jpan,mixed_logographic,0.5569,0.5569,,within_script_only,0.0
mistralai/Mixtral-8x22B-v0.1,jbo,Lojban,Latn,alphabet,1.0,1.0,,direct,0.0
mistralai/Mixtral-8x22B-v0.1,jgo,Ngomba,Latn,alphabet,0.9111,0.9111,,direct,0.0
mistralai/Mixtral-8x22B-v0.1,jmc,Machame,Latn,alphabet,1.0,1.0,,direct,0.0
mistralai/Mixtral-8x22B-v0.1,jv,Javanese,Latn,alphabet,1.0,1.0,,direct,0.0
mistralai/Mixtral-8x22B-v0.1,ka,Georgian,Geor,alphabet,0.903,0.903,,direct,0.0
mistralai/Mixtral-8x22B-v0.1,kaa,Kara-Kalpak,Cyrl,alphabet,1.0,1.0,,direct,0.0
mistralai/Mixtral-8x22B-v0.1,kab,Kabyle,Latn,alphabet,1.0,1.0,,direct,0.0
mistralai/Mixtral-8x22B-v0.1,kaj,Jju,Latn,alphabet,1.0,1.0,,direct,0.0
mistralai/Mixtral-8x22B-v0.1,kam,Kamba,Latn,alphabet,1.0,1.0,,direct,0.0
mistralai/Mixtral-8x22B-v0.1,kcg,Tyap,Latn,alphabet,0.968,0.968,,direct,0.0
mistralai/Mixtral-8x22B-v0.1,kde,Makonde,Latn,alphabet,1.0,1.0,,direct,0.0
mistralai/Mixtral-8x22B-v0.1,kea,Kabuverdianu,Latn,alphabet,1.0,1.0,,direct,0.0
mistralai/Mixtral-8x22B-v0.1,ken,Kenyang,Latn,alphabet,0.9805,0.9805,,direct,0.0
mistralai/Mixtral-8x22B-v0.1,kgp,Kaingang,Latn,alphabet,1.0,1.0,,direct,0.0
mistralai/Mixtral-8x22B-v0.1,khq,Koyra Chiini,Latn,alphabet,1.0,1.0,,direct,0.0
mistralai/Mixtral-8x22B-v0.1,ki,Kikuyu,Latn,alphabet,1.0,1.0,,direct,0.0
mistralai/Mixtral-8x22B-v0.1,kk,Kazakh,Cyrl,alphabet,1.0,1.0,,direct,0.0
mistralai/Mixtral-8x22B-v0.1,kkj,Kako,Latn,alphabet,0.966,0.966,,direct,0.0
mistralai/Mixtral-8x22B-v0.1,kl,Kalaallisut,Latn,alphabet,1.0,1.0,,direct,0.0
mistralai/Mixtral-8x22B-v0.1,kln,Kalenjin,Latn,alphabet,1.0,1.0,,direct,0.0
mistralai/Mixtral-8x22B-v0.1,km,Khmer,Khmr,abugida,0.5556,0.5556,,direct,0.0
mistralai/Mixtral-8x22B-v0.1,kn,Kannada,Knda,abugida,0.4028,0.4028,,direct,0.0
mistralai/Mixtral-8x22B-v0.1,ko,Korean,Kore,featural_syllabary,0.2248,0.2248,0.2,within_script_only,0.0
mistralai/Mixtral-8x22B-v0.1,kok,Konkani,Deva,abugida,0.6468,0.6468,,direct,0.0
mistralai/Mixtral-8x22B-v0.1,kpe,Kpelle,Latn,alphabet,0.9724,0.9724,,direct,0.0
mistralai/Mixtral-8x22B-v0.1,ks,Kashmiri,Arab,abjad,0.9304,0.9304,,direct,0.0
mistralai/Mixtral-8x22B-v0.1,ksb,Shambala,Latn,alphabet,1.0,1.0,,direct,0.0
mistralai/Mixtral-8x22B-v0.1,ksf,Bafia,Latn,alphabet,1.0,1.0,,direct,0.0
mistralai/Mixtral-8x22B-v0.1,ksh,Colognian,Latn,alphabet,1.0,1.0,,direct,0.0
mistralai/Mixtral-8x22B-v0.1,ku,Kurdish,Latn,alphabet,1.0,1.0,,direct,0.0
mistralai/Mixtral-8x22B-v0.1,kw,Cornish,Latn,alphabet,1.0,1.0,,direct,0.0
mistralai/Mixtral-8x22B-v0.1,kxv,Kuvi,Latn,alphabet,1.0,1.0,,direct,0.0
mistralai/Mixtral-8x22B-v0.1,ky,Kyrgyz,Cyrl,alphabet,1.0,1.0,,direct,0.0
mistralai/Mixtral-8x22B-v0.1,la,Latin,Latn,alphabet,1.0,1.0,,direct,0.0
mistralai/Mixtral-8x22B-v0.1,lag,Langi,Latn,alphabet,0.9758,0.9758,,direct,0.0
mistralai/Mixtral-8x22B-v0.1,lb,Luxembourgish,Latn,alphabet,1.0,1.0,,direct,0.0
mistralai/Mixtral-8x22B-v0.1,lg,Ganda,Latn,alphabet,1.0,1.0,,direct,0.0
mistralai/Mixtral-8x22B-v0.1,lij,Ligurian,Latn,alphabet,1.0,1.0,,direct,0.0
mistralai/Mixtral-8x22B-v0.1,lkt,Lakota,Latn,alphabet,0.9733,0.9733,,direct,0.0
mistralai/Mixtral-8x22B-v0.1,lld,lld,Latn,alphabet,1.0,1.0,,direct,0.0
mistralai/Mixtral-8x22B-v0.1,lmo,Lombard,Latn,alphabet,1.0,1.0,,direct,0.0
mistralai/Mixtral-8x22B-v0.1,ln,Lingala,Latn,alphabet,1.0,1.0,,direct,0.0
mistralai/Mixtral-8x22B-v0.1,lo,Lao,Laoo,abugida,0.2291,0.2291,,direct,0.0
mistralai/Mixtral-8x22B-v0.1,lrc,Northern Luri,Arab,abjad,0.8884,0.8884,,direct,0.0
mistralai/Mixtral-8x22B-v0.1,lt,Lithuanian,Latn,alphabet,1.0,1.0,,direct,0.0
mistralai/Mixtral-8x22B-v0.1,ltg,Latgalian,Latn,alphabet,1.0,1.0,,direct,0.0
mistralai/Mixtral-8x22B-v0.1,lu,Luba-Katanga,Latn,alphabet,1.0,1.0,,direct,0.0
mistralai/Mixtral-8x22B-v0.1,luo,Luo,Latn,alphabet,1.0,1.0,,direct,0.0
mistralai/Mixtral-8x22B-v0.1,luy,Luyia,Latn,alphabet,1.0,1.0,,direct,0.0
mistralai/Mixtral-8x22B-v0.1,lv,Latvian,Latn,alphabet,1.0,1.0,,direct,0.0
mistralai/Mixtral-8x22B-v0.1,mai,Maithili,Deva,abugida,0.8578,0.8578,,direct,0.0
mistralai/Mixtral-8x22B-v0.1,mas,Masai,Latn,alphabet,0.983,0.983,,direct,0.0
mistralai/Mixtral-8x22B-v0.1,mdf,Moksha,Cyrl,alphabet,1.0,1.0,,direct,0.0
mistralai/Mixtral-8x22B-v0.1,mer,Meru,Latn,alphabet,1.0,1.0,,direct,0.0
mistralai/Mixtral-8x22B-v0.1,mfe,Morisyen,Latn,alphabet,1.0,1.0,,direct,0.0
mistralai/Mixtral-8x22B-v0.1,mg,Malagasy,Latn,alphabet,1.0,1.0,,direct,0.0
mistralai/Mixtral-8x22B-v0.1,mgh,Makhuwa-Meetto,Latn,alphabet,1.0,1.0,,direct,0.0
mistralai/Mixtral-8x22B-v0.1,mgo,Metaʼ,Latn,alphabet,1.0,1.0,,direct,0.0
mistralai/Mixtral-8x22B-v0.1,mhn,mhn,Latn,alphabet,1.0,1.0,,direct,0.0
mistralai/Mixtral-8x22B-v0.1,mi,Māori,Latn,alphabet,1.0,1.0,,direct,0.0
mistralai/Mixtral-8x22B-v0.1,mic,Mi'kmaw,Latn,alphabet,1.0,1.0,,direct,0.0
mistralai/Mixtral-8x22B-v0.1,mk,Macedonian,Cyrl,alphabet,0.9742,0.9742,,direct,0.0
mistralai/Mixtral-8x22B-v0.1,ml,Malayalam,Mlym,abugida,0.2157,0.2157,,direct,0.0
mistralai/Mixtral-8x22B-v0.1,mn,Mongolian,Cyrl,alphabet,1.0,1.0,,direct,0.0
mistralai/Mixtral-8x22B-v0.1,mni,Manipuri,Beng,abugida,0.6475,0.6475,,direct,0.0
mistralai/Mixtral-8x22B-v0.1,moh,Mohawk,Latn,alphabet,1.0,1.0,,direct,0.0
mistralai/Mixtral-8x22B-v0.1,mr,Marathi,Deva,abugida,0.725,0.725,,direct,0.0
mistralai/Mixtral-8x22B-v0.1,ms,Malay,Latn,alphabet,1.0,1.0,,direct,0.0
mistralai/Mixtral-8x22B-v0.1,mt,Maltese,Latn,alphabet,0.9758,0.9758,,direct,0.0
mistralai/Mixtral-8x22B-v0.1,mua,Mundang,Latn,alphabet,0.9273,0.9273,,direct,0.0
mistralai/Mixtral-8x22B-v0.1,mus,Muscogee,Latn,alphabet,1.0,1.0,,direct,0.0
mistralai/Mixtral-8x22B-v0.1,my,Burmese,Mymr,abugida,0.4267,0.4267,,direct,0.0
mistralai/Mixtral-8x22B-v0.1,myv,Erzya,Cyrl,alphabet,1.0,1.0,,direct,0.0
mistralai/Mixtral-8x22B-v0.1,mzn,Mazanderani,Arab,abjad,1.0,1.0,,direct,0.0
mistralai/Mixtral-8x22B-v0.1,naq,Nama,Latn,alphabet,0.9226,0.9226,,direct,0.0
mistralai/Mixtral-8x22B-v0.1,nd,North Ndebele,Latn,alphabet,1.0,1.0,,direct,0.0
mistralai/Mixtral-8x22B-v0.1,nds,Low German,Latn,alphabet,1.0,1.0,,direct,0.0
mistralai/Mixtral-8x22B-v0.1,ne,Nepali,Deva,abugida,0.7134,0.7134,,direct,0.0
mistralai/Mixtral-8x22B-v0.1,nl,Dutch,Latn,alphabet,1.0,1.0,,direct,0.0
mistralai/Mixtral-8x22B-v0.1,nmg,Kwasio,Latn,alphabet,0.986,0.986,,direct,0.0
mistralai/Mixtral-8x22B-v0.1,nnh,Ngiemboon,Latn,alphabet,0.9556,0.9556,,direct,0.0
mistralai/Mixtral-8x22B-v0.1,no,Norwegian,Latn,alphabet,1.0,1.0,,direct,0.0
mistralai/Mixtral-8x22B-v0.1,nqo,N’Ko,Nkoo,alphabet,0.2,0.2,,direct,0.0
mistralai/Mixtral-8x22B-v0.1,nr,South Ndebele,Latn,alphabet,1.0,1.0,,direct,0.0
mistralai/Mixtral-8x22B-v0.1,nso,Northern Sotho,Latn,alphabet,1.0,1.0,,direct,0.0
mistralai/Mixtral-8x22B-v0.1,nus,Nuer,Latn,alphabet,0.9778,0.9778,,direct,0.0
mistralai/Mixtral-8x22B-v0.1,nv,Navajo,Latn,alphabet,1.0,1.0,,direct,0.0
mistralai/Mixtral-8x22B-v0.1,ny,Nyanja,Latn,alphabet,0.9667,0.9667,,direct,0.0
mistralai/Mixtral-8x22B-v0.1,nyn,Nyankole,Latn,alphabet,1.0,1.0,,direct,0.0
mistralai/Mixtral-8x22B-v0.1,oc,Occitan,Latn,alphabet,1.0,1.0,,direct,0.0
mistralai/Mixtral-8x22B-v0.1,om,Oromo,Latn,alphabet,1.0,1.0,,direct,0.0
mistralai/Mixtral-8x22B-v0.1,or,Odia,Orya,abugida,0.2,0.2,,direct,0.0
mistralai/Mixtral-8x22B-v0.1,os,Ossetic,Cyrl,alphabet,0.9765,0.9765,,direct,0.0
mistralai/Mixtral-8x22B-v0.1,osa,Osage,Osge,alphabet,0.24,0.24,,direct,0.0
mistralai/Mixtral-8x22B-v0.1,pa,Punjabi,Guru,abugida,0.2235,0.2235,,direct,0.0
mistralai/Mixtral-8x22B-v0.1,pap,Papiamento,Latn,alphabet,1.0,1.0,,direct,0.0
mistralai/Mixtral-8x22B-v0.1,pcm,Nigerian Pidgin,Latn,alphabet,0.975,0.975,,direct,0.0
mistralai/Mixtral-8x22B-v0.1,pis,Pijin,Latn,alphabet,1.0,1.0,,direct,0.0
mistralai/Mixtral-8x22B-v0.1,pl,Polish,Latn,alphabet,1.0,1.0,,direct,0.0
mistralai/Mixtral-8x22B-v0.1,prg,Prussian,Latn,alphabet,0.959,0.959,,direct,0.0
mistralai/Mixtral-8x22B-v0.1,ps,Pashto,Arab,abjad,0.8533,0.8533,,direct,0.0
mistralai/Mixtral-8x22B-v0.1,pt,Portuguese,Latn,alphabet,1.0,1.0,,direct,0.0
mistralai/Mixtral-8x22B-v0.1,qu,Quechua,Latn,alphabet,1.0,1.0,,direct,0.0
mistralai/Mixtral-8x22B-v0.1,quc,Kʼicheʼ,Latn,alphabet,1.0,1.0,,direct,0.0
mistralai/Mixtral-8x22B-v0.1,raj,Rajasthani,Deva,abugida,0.8041,0.8041,,direct,0.0
mistralai/Mixtral-8x22B-v0.1,rhg,Rohingya,Rohg,abjad,0.2,0.2,,direct,0.0
mistralai/Mixtral-8x22B-v0.1,rif,Riffian,Latn,alphabet,1.0,1.0,,direct,0.0
mistralai/Mixtral-8x22B-v0.1,rm,Romansh,Latn,alphabet,1.0,1.0,,direct,0.0
mistralai/Mixtral-8x22B-v0.1,rn,Rundi,Latn,alphabet,1.0,1.0,,direct,0.0
mistralai/Mixtral-8x22B-v0.1,ro,Romanian,Latn,alphabet,1.0,1.0,,direct,0.0
mistralai/Mixtral-8x22B-v0.1,rof,Rombo,Latn,alphabet,1.0,1.0,,direct,0.0
mistralai/Mixtral-8x22B-v0.1,ru,Russian,Cyrl,alphabet,1.0,1.0,,direct,0.0
mistralai/Mixtral-8x22B-v0.1,rw,Kinyarwanda,Latn,alphabet,1.0,1.0,,direct,0.0
mistralai/Mixtral-8x22B-v0.1,rwk,Rwa,Latn,alphabet,1.0,1.0,,direct,0.0
mistralai/Mixtral-8x22B-v0.1,sa,Sanskrit,Deva,abugida,0.6914,0.6914,,direct,0.0
mistralai/Mixtral-8x22B-v0.1,sah,Yakut,Cyrl,alphabet,0.9385,0.9385,,direct,0.0
mistralai/Mixtral-8x22B-v0.1,saq,Samburu,Latn,alphabet,1.0,1.0,,direct,0.0
mistralai/Mixtral-8x22B-v0.1,sat,Santali,Olck,alphabet,0.2,0.2,,direct,0.0
mistralai/Mixtral-8x22B-v0.1,sbp,Sangu,Latn,alphabet,1.0,1.0,,direct,0.0
mistralai/Mixtral-8x22B-v0.1,sc,Sardinian,Latn,alphabet,1.0,1.0,,direct,0.0
mistralai/Mixtral-8x22B-v0.1,scn,Sicilian,Latn,alphabet,1.0,1.0,,direct,0.0
mistralai/Mixtral-8x22B-v0.1,sd,Sindhi,Arab,abjad,0.7231,0.7231,,direct,0.0
mistralai/Mixtral-8x22B-v0.1,sdh,Southern Kurdish,Arab,abjad,0.9294,0.9294,,direct,0.0
mistralai/Mixtral-8x22B-v0.1,se,Northern Sami,Latn,alphabet,0.9724,0.9724,,direct,0.0
mistralai/Mixtral-8x22B-v0.1,seh,Sena,Latn,alphabet,1.0,1.0,,direct,0.0
mistralai/Mixtral-8x22B-v0.1,ses,Koyraboro Senni,Latn,alphabet,1.0,1.0,,direct,0.0
mistralai/Mixtral-8x22B-v0.1,sg,Sango,Latn,alphabet,1.0,1.0,,direct,0.0
mistralai/Mixtral-8x22B-v0.1,shi,Tachelhit,Tfng,alphabet,0.325,0.325,,direct,0.0
mistralai/Mixtral-8x22B-v0.1,shn,Shan,Mymr,abugida,0.4261,0.4261,,direct,0.0
mistralai/Mixtral-8x22B-v0.1,si,Sinhala,Sinh,abugida,0.3081,0.3081,,direct,0.0
mistralai/Mixtral-8x22B-v0.1,sid,Sidamo,Latn,alphabet,1.0,1.0,,direct,0.0
mistralai/Mixtral-8x22B-v0.1,sk,Slovak,Latn,alphabet,0.9814,0.9814,,direct,0.0
mistralai/Mixtral-8x22B-v0.1,skr,skr,Arab,abjad,0.8694,0.8694,,direct,0.0
mistralai/Mixtral-8x22B-v0.1,sl,Slovenian,Latn,alphabet,1.0,1.0,,direct,0.0
mistralai/Mixtral-8x22B-v0.1,sma,Southern Sami,Latn,alphabet,1.0,1.0,,direct,0.0
mistralai/Mixtral-8x22B-v0.1,smj,Lule Sami,Latn,alphabet,1.0,1.0,,direct,0.0
mistralai/Mixtral-8x22B-v0.1,smn,Inari Sami,Latn,alphabet,1.0,1.0,,direct,0.0
mistralai/Mixtral-8x22B-v0.1,sms,Skolt Sami,Latn,alphabet,0.9333,0.9333,,direct,0.0
mistralai/Mixtral-8x22B-v0.1,sn,Shona,Latn,alphabet,1.0,1.0,,direct,0.0
mistralai/Mixtral-8x22B-v0.1,so,Somali,Latn,alphabet,1.0,1.0,,direct,0.0
mistralai/Mixtral-8x22B-v0.1,sq,Albanian,Latn,alphabet,1.0,1.0,,direct,0.0
mistralai/Mixtral-8x22B-v0.1,sr,Serbian,Cyrl,alphabet,1.0,1.0,,direct,0.0
mistralai/Mixtral-8x22B-v0.1,ss,Swati,Latn,alphabet,1.0,1.0,,direct,0.0
mistralai/Mixtral-8x22B-v0.1,ssy,Saho,Latn,alphabet,1.0,1.0,,direct,0.0
mistralai/Mixtral-8x22B-v0.1,st,Southern Sotho,Latn,alphabet,1.0,1.0,,direct,0.0
mistralai/Mixtral-8x22B-v0.1,su,Sundanese,Latn,alphabet,1.0,1.0,,direct,0.0
mistralai/Mixtral-8x22B-v0.1,sv,Swedish,Latn,alphabet,1.0,1.0,,direct,0.0
mistralai/Mixtral-8x22B-v0.1,sw,Swahili,Latn,alphabet,1.0,1.0,,direct,0.0
mistralai/Mixtral-8x22B-v0.1,syr,Syriac,Syrc,abjad,0.2,0.2,,direct,0.0
mistralai/Mixtral-8x22B-v0.1,szl,Silesian,Latn,alphabet,1.0,1.0,,direct,0.0
mistralai/Mixtral-8x22B-v0.1,ta,Tamil,Taml,abugida,0.5745,0.5745,,direct,0.0
mistralai/Mixtral-8x22B-v0.1,te,Telugu,Telu,abugida,0.3257,0.3257,,direct,0.0
mistralai/Mixtral-8x22B-v0.1,teo,Teso,Latn,alphabet,1.0,1.0,,direct,0.0
mistralai/Mixtral-8x22B-v0.1,tg,Tajik,Cyrl,alphabet,0.9314,0.9314,,direct,0.0
mistralai/Mixtral-8x22B-v0.1,th,Thai,Thai,abugida,0.8027,0.8027,,direct,0.0
mistralai/Mixtral-8x22B-v0.1,ti,Tigrinya,Ethi,syllabary,0.2213,0.2213,,within_script_only,0.0
mistralai/Mixtral-8x22B-v0.1,tig,Tigre,Ethi,syllabary,0.2142,0.2142,,within_script_only,0.0
mistralai/Mixtral-8x22B-v0.1,tk,Turkmen,Latn,alphabet,1.0,1.0,,direct,0.0
mistralai/Mixtral-8x22B-v0.1,tn,Tswana,Latn,alphabet,1.0,1.0,,direct,0.0
mistralai/Mixtral-8x22B-v0.1,to,Tongan,Latn,alphabet,1.0,1.0,,direct,0.0
mistralai/Mixtral-8x22B-v0.1,tok,Toki Pona,Latn,alphabet,1.0,1.0,,direct,0.0
mistralai/Mixtral-8x22B-v0.1,tpi,Tok Pisin,Latn,alphabet,1.0,1.0,,direct,0.0
mistralai/Mixtral-8x22B-v0.1,tr,Turkish,Latn,alphabet,1.0,1.0,,direct,0.0
mistralai/Mixtral-8x22B-v0.1,trv,Taroko,Latn,alphabet,1.0,1.0,,direct,0.0
mistralai/Mixtral-8x22B-v0.1,trw,Torwali,Arab,abjad,0.8833,0.8833,,direct,0.0
mistralai/Mixtral-8x22B-v0.1,ts,Tsonga,Latn,alphabet,1.0,1.0,,direct,0.0
mistralai/Mixtral-8x22B-v0.1,tt,Tatar,Cyrl,alphabet,0.9795,0.9795,,direct,0.0
mistralai/Mixtral-8x22B-v0.1,twq,Tasawaq,Latn,alphabet,1.0,1.0,,direct,0.0
mistralai/Mixtral-8x22B-v0.1,tyv,Tuvinian,Cyrl,alphabet,1.0,1.0,,direct,0.0
mistralai/Mixtral-8x22B-v0.1,tzm,Central Atlas Tamazight,Latn,alphabet,1.0,1.0,,direct,0.0
mistralai/Mixtral-8x22B-v0.1,ug,Uyghur,Arab,abjad,0.8824,0.8824,,direct,0.0
mistralai/Mixtral-8x22B-v0.1,uk,Ukrainian,Cyrl,alphabet,1.0,1.0,,direct,0.0
mistralai/Mixtral-8x22B-v0.1,ur,Urdu,Arab,abjad,0.9789,0.9789,,direct,0.0
mistralai/Mixtral-8x22B-v0.1,uz,Uzbek,Latn,alphabet,1.0,1.0,,direct,0.0
mistralai/Mixtral-8x22B-v0.1,vai,Vai,Vaii,syllabary,0.2,0.2,,within_script_only,0.0
mistralai/Mixtral-8x22B-v0.1,ve,Venda,Latn,alphabet,0.8857,0.8857,,direct,0.0
mistralai/Mixtral-8x22B-v0.1,vec,Venetian,Latn,alphabet,1.0,1.0,,direct,0.0
mistralai/Mixtral-8x22B-v0.1,vi,Vietnamese,Latn,alphabet,0.9281,0.9281,,direct,0.0
mistralai/Mixtral-8x22B-v0.1,vmw,Makhuwa,Latn,alphabet,1.0,1.0,,direct,0.0
mistralai/Mixtral-8x22B-v0.1,vo,Volapük,Latn,alphabet,1.0,1.0,,direct,0.0
mistralai/Mixtral-8x22B-v0.1,vun,Vunjo,Latn,alphabet,1.0,1.0,,direct,0.0
mistralai/Mixtral-8x22B-v0.1,wa,Walloon,Latn,alphabet,1.0,1.0,,direct,0.0
mistralai/Mixtral-8x22B-v0.1,wae,Walser,Latn,alphabet,1.0,1.0,,direct,0.0
mistralai/Mixtral-8x22B-v0.1,wal,Wolaytta,Ethi,syllabary,0.2148,0.2148,,within_script_only,0.0
mistralai/Mixtral-8x22B-v0.1,wbp,Warlpiri,Latn,alphabet,1.0,1.0,,direct,0.0
mistralai/Mixtral-8x22B-v0.1,wo,Wolof,Latn,alphabet,1.0,1.0,,direct,0.0
mistralai/Mixtral-8x22B-v0.1,xh,Xhosa,Latn,alphabet,1.0,1.0,,direct,0.0
mistralai/Mixtral-8x22B-v0.1,xnr,Kangri,Deva,abugida,0.7333,0.7333,,direct,0.0
mistralai/Mixtral-8x22B-v0.1,xog,Soga,Latn,alphabet,1.0,1.0,,direct,0.0
mistralai/Mixtral-8x22B-v0.1,yav,Yangben,Latn,alphabet,1.0,1.0,,direct,0.0
mistralai/Mixtral-8x22B-v0.1,yi,Yiddish,Hebr,abjad,0.9294,0.9294,,direct,0.0
mistralai/Mixtral-8x22B-v0.1,yo,Yoruba,Latn,alphabet,0.94,0.94,,direct,0.0
mistralai/Mixtral-8x22B-v0.1,yrl,Nheengatu,Latn,alphabet,1.0,1.0,,direct,0.0
mistralai/Mixtral-8x22B-v0.1,yue,Cantonese,Hant,logographic,0.5135,0.5135,,within_script_only,0.0
mistralai/Mixtral-8x22B-v0.1,za,Zhuang,Latn,alphabet,1.0,1.0,,direct,0.0
mistralai/Mixtral-8x22B-v0.1,zgh,Standard Moroccan Tamazight,Tfng,alphabet,0.325,0.325,,direct,0.0
mistralai/Mixtral-8x22B-v0.1,zh,Chinese,Hans,logographic,0.6376,0.6376,,within_script_only,0.0
mistralai/Mixtral-8x22B-v0.1,zu,Zulu,Latn,alphabet,1.0,1.0,,direct,0.0
mistralai/Mixtral-8x7B-v0.1,aa,Afar,Latn,alphabet,1.0,1.0,,direct,0.0
mistralai/Mixtral-8x7B-v0.1,ab,Abkhazian,Cyrl,alphabet,0.82,0.82,,direct,0.0
mistralai/Mixtral-8x7B-v0.1,af,Afrikaans,Latn,alphabet,1.0,1.0,,direct,0.0
mistralai/Mixtral-8x7B-v0.1,agq,Aghem,Latn,alphabet,0.9846,0.9846,,direct,0.0
mistralai/Mixtral-8x7B-v0.1,ak,Akan,Latn,alphabet,1.0,1.0,,direct,0.0
mistralai/Mixtral-8x7B-v0.1,am,Amharic,Ethi,syllabary,0.2227,0.2227,,within_script_only,0.0
mistralai/Mixtral-8x7B-v0.1,an,Aragonese,Latn,alphabet,1.0,1.0,,direct,0.0
mistralai/Mixtral-8x7B-v0.1,ann,Obolo,Latn,alphabet,0.9795,0.9795,,direct,0.0
mistralai/Mixtral-8x7B-v0.1,apc,apc,Arab,abjad,1.0,1.0,,direct,0.0
mistralai/Mixtral-8x7B-v0.1,ar,Arabic,Arab,abjad,1.0,1.0,,direct,0.0
mistralai/Mixtral-8x7B-v0.1,arn,Mapuche,Latn,alphabet,0.936,0.936,,direct,0.0
mistralai/Mixtral-8x7B-v0.1,as,Assamese,Beng,abugida,0.6339,0.6339,,direct,0.0
mistralai/Mixtral-8x7B-v0.1,asa,Asu,Latn,alphabet,1.0,1.0,,direct,0.0
mistralai/Mixtral-8x7B-v0.1,ast,Asturian,Latn,alphabet,1.0,1.0,,direct,0.0
mistralai/Mixtral-8x7B-v0.1,az,Azerbaijani,Latn,alphabet,1.0,1.0,,direct,0.0
mistralai/Mixtral-8x7B-v0.1,ba,Bashkir,Cyrl,alphabet,0.9429,0.9429,,direct,0.0
mistralai/Mixtral-8x7B-v0.1,bal,Baluchi,Arab,abjad,0.9758,0.9758,,direct,0.0
mistralai/Mixtral-8x7B-v0.1,bas,Basaa,Latn,alphabet,0.9484,0.9484,,direct,0.0
mistralai/Mixtral-8x7B-v0.1,be,Belarusian,Cyrl,alphabet,1.0,1.0,,direct,0.0
mistralai/Mixtral-8x7B-v0.1,bem,Bemba,Latn,alphabet,1.0,1.0,,direct,0.0
mistralai/Mixtral-8x7B-v0.1,bew,Betawi,Latn,alphabet,1.0,1.0,,direct,0.0
mistralai/Mixtral-8x7B-v0.1,bez,Bena,Latn,alphabet,1.0,1.0,,direct,0.0
mistralai/Mixtral-8x7B-v0.1,bg,Bulgarian,Cyrl,alphabet,1.0,1.0,,direct,0.0
mistralai/Mixtral-8x7B-v0.1,bgc,Haryanvi,Deva,abugida,0.7655,0.7655,,direct,0.0
mistralai/Mixtral-8x7B-v0.1,bgn,Western Balochi,Arab,abjad,0.9784,0.9784,,direct,0.0
mistralai/Mixtral-8x7B-v0.1,bho,Bhojpuri,Deva,abugida,0.8167,0.8167,,direct,0.0
mistralai/Mixtral-8x7B-v0.1,blo,Anii,Latn,alphabet,0.9347,0.9347,,direct,0.0
mistralai/Mixtral-8x7B-v0.1,blt,Tai Dam,Tavt,abugida,0.2,0.2,,direct,0.0
mistralai/Mixtral-8x7B-v0.1,bm,Bambara,Latn,alphabet,1.0,1.0,,direct,0.0
mistralai/Mixtral-8x7B-v0.1,bn,Bangla,Beng,abugida,0.5882,0.5882,,direct,0.0
mistralai/Mixtral-8x7B-v0.1,bo,Tibetan,Tibt,abugida,0.3195,0.3195,,direct,0.0
mistralai/Mixtral-8x7B-v0.1,br,Breton,Latn,alphabet,1.0,1.0,,direct,0.0
mistralai/Mixtral-8x7B-v0.1,brx,Bodo,Deva,abugida,0.7639,0.7639,,direct,0.0
mistralai/Mixtral-8x7B-v0.1,bs,Bosnian,Latn,alphabet,1.0,1.0,,direct,0.0
mistralai/Mixtral-8x7B-v0.1,bss,Akoose,Latn,alphabet,0.9846,0.9846,,direct,0.0
mistralai/Mixtral-8x7B-v0.1,byn,Blin,Ethi,syllabary,0.2221,0.2221,,within_script_only,0.0
mistralai/Mixtral-8x7B-v0.1,ca,Catalan,Latn,alphabet,1.0,1.0,,direct,0.0
mistralai/Mixtral-8x7B-v0.1,cad,Caddo,Latn,alphabet,0.9733,0.9733,,direct,0.0
mistralai/Mixtral-8x7B-v0.1,cch,Atsam,Latn,alphabet,0.9143,0.9143,,direct,0.0
mistralai/Mixtral-8x7B-v0.1,ccp,Chakma,Cakm,abugida,0.2,0.2,,direct,0.0
mistralai/Mixtral-8x7B-v0.1,ce,Chechen,Cyrl,alphabet,1.0,1.0,,direct,0.0
mistralai/Mixtral-8x7B-v0.1,ceb,Cebuano,Latn,alphabet,1.0,1.0,,direct,0.0
mistralai/Mixtral-8x7B-v0.1,cgg,Chiga,Latn,alphabet,1.0,1.0,,direct,0.0
mistralai/Mixtral-8x7B-v0.1,cho,Choctaw,Latn,alphabet,0.9619,0.9619,,direct,0.0
mistralai/Mixtral-8x7B-v0.1,chr,Cherokee,Cher,syllabary,0.2,0.2,,within_script_only,0.0
mistralai/Mixtral-8x7B-v0.1,cic,Chickasaw,Latn,alphabet,0.9579,0.9579,,direct,0.0
mistralai/Mixtral-8x7B-v0.1,ckb,Central Kurdish,Arab,abjad,0.9515,0.9515,,direct,0.0
mistralai/Mixtral-8x7B-v0.1,co,Corsican,Latn,alphabet,1.0,1.0,,direct,0.0
mistralai/Mixtral-8x7B-v0.1,cop,Coptic,Copt,alphabet,0.2,0.2,,direct,0.0
mistralai/Mixtral-8x7B-v0.1,cs,Czech,Latn,alphabet,1.0,1.0,,direct,0.0
mistralai/Mixtral-8x7B-v0.1,csw,Swampy Cree,Cans,syllabary,0.2,0.2,,within_script_only,0.0
mistralai/Mixtral-8x7B-v0.1,cu,Church Slavic,Cyrl,alphabet,0.5889,0.5889,,direct,0.0
mistralai/Mixtral-8x7B-v0.1,cv,Chuvash,Cyrl,alphabet,0.9135,0.9135,,direct,0.0
mistralai/Mixtral-8x7B-v0.1,cy,Welsh,Latn,alphabet,0.9184,0.9184,,direct,0.0
mistralai/Mixtral-8x7B-v0.1,da,Danish,Latn,alphabet,1.0,1.0,,direct,0.0
mistralai/Mixtral-8x7B-v0.1,dav,Taita,Latn,alphabet,1.0,1.0,,direct,0.0
mistralai/Mixtral-8x7B-v0.1,de,German,Latn,alphabet,1.0,1.0,,direct,0.0
mistralai/Mixtral-8x7B-v0.1,dje,Zarma,Latn,alphabet,1.0,1.0,,direct,0.0
mistralai/Mixtral-8x7B-v0.1,doi,Dogri,Deva,abugida,0.6914,0.6914,,direct,0.0
mistralai/Mixtral-8x7B-v0.1,dsb,Lower Sorbian,Latn,alphabet,1.0,1.0,,direct,0.0
mistralai/Mixtral-8x7B-v0.1,dua,Duala,Latn,alphabet,0.9515,0.9515,,direct,0.0
mistralai/Mixtral-8x7B-v0.1,dv,Divehi,Thaa,abjad,0.2,0.2,,direct,0.0
mistralai/Mixtral-8x7B-v0.1,dyo,Jola-Fonyi,Latn,alphabet,1.0,1.0,,direct,0.0
mistralai/Mixtral-8x7B-v0.1,dz,Dzongkha,Tibt,abugida,0.3793,0.3793,,direct,0.0
mistralai/Mixtral-8x7B-v0.1,ebu,Embu,Latn,alphabet,1.0,1.0,,direct,0.0
mistralai/Mixtral-8x7B-v0.1,ee,Ewe,Latn,alphabet,0.9833,0.9833,,direct,0.0
mistralai/Mixtral-8x7B-v0.1,el,Greek,Grek,alphabet,0.9111,0.9111,,direct,0.0
mistralai/Mixtral-8x7B-v0.1,en,English,Latn,alphabet,1.0,1.0,,direct,0.0
mistralai/Mixtral-8x7B-v0.1,eo,Esperanto,Latn,alphabet,0.9143,0.9143,,direct,0.0
mistralai/Mixtral-8x7B-v0.1,es,Spanish,Latn,alphabet,1.0,1.0,,direct,0.0
mistralai/Mixtral-8x7B-v0.1,et,Estonian,Latn,alphabet,1.0,1.0,,direct,0.0
mistralai/Mixtral-8x7B-v0.1,eu,Basque,Latn,alphabet,1.0,1.0,,direct,0.0
mistralai/Mixtral-8x7B-v0.1,ewo,Ewondo,Latn,alphabet,0.9846,0.9846,,direct,0.0
mistralai/Mixtral-8x7B-v0.1,fa,Persian,Arab,abjad,1.0,1.0,,direct,0.0
mistralai/Mixtral-8x7B-v0.1,ff,Fula,Latn,alphabet,0.9111,0.9111,,direct,0.0
mistralai/Mixtral-8x7B-v0.1,fi,Finnish,Latn,alphabet,1.0,1.0,,direct,0.0
mistralai/Mixtral-8x7B-v0.1,fil,Filipino,Latn,alphabet,1.0,1.0,,direct,0.0
mistralai/Mixtral-8x7B-v0.1,fo,Faroese,Latn,alphabet,1.0,1.0,,direct,0.0
mistralai/Mixtral-8x7B-v0.1,fr,French,Latn,alphabet,1.0,1.0,,direct,0.0
mistralai/Mixtral-8x7B-v0.1,frr,Northern Frisian,Latn,alphabet,1.0,1.0,,direct,0.0
mistralai/Mixtral-8x7B-v0.1,fur,Friulian,Latn,alphabet,1.0,1.0,,direct,0.0
mistralai/Mixtral-8x7B-v0.1,fy,Western Frisian,Latn,alphabet,1.0,1.0,,direct,0.0
mistralai/Mixtral-8x7B-v0.1,ga,Irish,Latn,alphabet,1.0,1.0,,direct,0.0
mistralai/Mixtral-8x7B-v0.1,gaa,Ga,Latn,alphabet,1.0,1.0,,direct,0.0
mistralai/Mixtral-8x7B-v0.1,gd,Scottish Gaelic,Latn,alphabet,1.0,1.0,,direct,0.0
mistralai/Mixtral-8x7B-v0.1,gez,Geez,Ethi,syllabary,0.23,0.23,,within_script_only,0.0
mistralai/Mixtral-8x7B-v0.1,gl,Galician,Latn,alphabet,1.0,1.0,,direct,0.0
mistralai/Mixtral-8x7B-v0.1,gn,Guarani,Latn,alphabet,1.0,1.0,,direct,0.0
mistralai/Mixtral-8x7B-v0.1,gsw,Swiss German,Latn,alphabet,1.0,1.0,,direct,0.0
mistralai/Mixtral-8x7B-v0.1,gu,Gujarati,Gujr,abugida,0.2588,0.2588,,direct,0.0
mistralai/Mixtral-8x7B-v0.1,guz,Gusii,Latn,alphabet,1.0,1.0,,direct,0.0
mistralai/Mixtral-8x7B-v0.1,gv,Manx,Latn,alphabet,1.0,1.0,,direct,0.0
mistralai/Mixtral-8x7B-v0.1,ha,Hausa,Latn,alphabet,0.8815,0.8815,,direct,0.0
mistralai/Mixtral-8x7B-v0.1,haw,Hawaiian,Latn,alphabet,1.0,1.0,,direct,0.0
mistralai/Mixtral-8x7B-v0.1,he,Hebrew,Hebr,abjad,1.0,1.0,,direct,0.0
mistralai/Mixtral-8x7B-v0.1,hi,Hindi,Deva,abugida,0.7134,0.7134,,direct,0.0
mistralai/Mixtral-8x7B-v0.1,hnj,Hmong Njua,Hmnp,alphabet,0.2,0.2,,direct,0.0
mistralai/Mixtral-8x7B-v0.1,hr,Croatian,Latn,alphabet,1.0,1.0,,direct,0.0
mistralai/Mixtral-8x7B-v0.1,hsb,Upper Sorbian,Latn,alphabet,1.0,1.0,,direct,0.0
mistralai/Mixtral-8x7B-v0.1,ht,Haitian Creole,Latn,alphabet,1.0,1.0,,direct,0.0
mistralai/Mixtral-8x7B-v0.1,hu,Hungarian,Latn,alphabet,1.0,1.0,,direct,0.0
mistralai/Mixtral-8x7B-v0.1,hy,Armenian,Armn,alphabet,0.7053,0.7053,,direct,0.0
mistralai/Mixtral-8x7B-v0.1,ia,Interlingua,Latn,alphabet,1.0,1.0,,direct,0.0
mistralai/Mixtral-8x7B-v0.1,id,Indonesian,Latn,alphabet,1.0,1.0,,direct,0.0
mistralai/Mixtral-8x7B-v0.1,ie,Interlingue,Latn,alphabet,1.0,1.0,,direct,0.0
mistralai/Mixtral-8x7B-v0.1,ig,Igbo,Latn,alphabet,1.0,1.0,,direct,0.0
mistralai/Mixtral-8x7B-v0.1,ii,Sichuan Yi,Yiii,syllabary,0.2,0.2,,within_script_only,0.0
mistralai/Mixtral-8x7B-v0.1,io,Ido,Latn,alphabet,1.0,1.0,,direct,0.0
mistralai/Mixtral-8x7B-v0.1,is,Icelandic,Latn,alphabet,1.0,1.0,,direct,0.0
mistralai/Mixtral-8x7B-v0.1,it,Italian,Latn,alphabet,1.0,1.0,,direct,0.0
mistralai/Mixtral-8x7B-v0.1,iu,Inuktitut,Cans,syllabary,0.2,0.2,,within_script_only,0.0
mistralai/Mixtral-8x7B-v0.1,ja,Japanese,Jpan,mixed_logographic,0.5569,0.5569,,within_script_only,0.0
mistralai/Mixtral-8x7B-v0.1,jbo,Lojban,Latn,alphabet,1.0,1.0,,direct,0.0
mistralai/Mixtral-8x7B-v0.1,jgo,Ngomba,Latn,alphabet,0.9111,0.9111,,direct,0.0
mistralai/Mixtral-8x7B-v0.1,jmc,Machame,Latn,alphabet,1.0,1.0,,direct,0.0
mistralai/Mixtral-8x7B-v0.1,jv,Javanese,Latn,alphabet,1.0,1.0,,direct,0.0
mistralai/Mixtral-8x7B-v0.1,ka,Georgian,Geor,alphabet,0.903,0.903,,direct,0.0
mistralai/Mixtral-8x7B-v0.1,kaa,Kara-Kalpak,Cyrl,alphabet,1.0,1.0,,direct,0.0
mistralai/Mixtral-8x7B-v0.1,kab,Kabyle,Latn,alphabet,1.0,1.0,,direct,0.0
mistralai/Mixtral-8x7B-v0.1,kaj,Jju,Latn,alphabet,1.0,1.0,,direct,0.0
mistralai/Mixtral-8x7B-v0.1,kam,Kamba,Latn,alphabet,1.0,1.0,,direct,0.0
mistralai/Mixtral-8x7B-v0.1,kcg,Tyap,Latn,alphabet,0.968,0.968,,direct,0.0
mistralai/Mixtral-8x7B-v0.1,kde,Makonde,Latn,alphabet,1.0,1.0,,direct,0.0
mistralai/Mixtral-8x7B-v0.1,kea,Kabuverdianu,Latn,alphabet,1.0,1.0,,direct,0.0
mistralai/Mixtral-8x7B-v0.1,ken,Kenyang,Latn,alphabet,0.9805,0.9805,,direct,0.0
mistralai/Mixtral-8x7B-v0.1,kgp,Kaingang,Latn,alphabet,1.0,1.0,,direct,0.0
mistralai/Mixtral-8x7B-v0.1,khq,Koyra Chiini,Latn,alphabet,1.0,1.0,,direct,0.0
mistralai/Mixtral-8x7B-v0.1,ki,Kikuyu,Latn,alphabet,1.0,1.0,,direct,0.0
mistralai/Mixtral-8x7B-v0.1,kk,Kazakh,Cyrl,alphabet,1.0,1.0,,direct,0.0
mistralai/Mixtral-8x7B-v0.1,kkj,Kako,Latn,alphabet,0.966,0.966,,direct,0.0
mistralai/Mixtral-8x7B-v0.1,kl,Kalaallisut,Latn,alphabet,1.0,1.0,,direct,0.0
mistralai/Mixtral-8x7B-v0.1,kln,Kalenjin,Latn,alphabet,1.0,1.0,,direct,0.0
mistralai/Mixtral-8x7B-v0.1,km,Khmer,Khmr,abugida,0.5556,0.5556,,direct,0.0
mistralai/Mixtral-8x7B-v0.1,kn,Kannada,Knda,abugida,0.4028,0.4028,,direct,0.0
mistralai/Mixtral-8x7B-v0.1,ko,Korean,Kore,featural_syllabary,0.2248,0.2248,0.2,within_script_only,0.0
mistralai/Mixtral-8x7B-v0.1,kok,Konkani,Deva,abugida,0.6468,0.6468,,direct,0.0
mistralai/Mixtral-8x7B-v0.1,kpe,Kpelle,Latn,alphabet,0.9724,0.9724,,direct,0.0
mistralai/Mixtral-8x7B-v0.1,ks,Kashmiri,Arab,abjad,0.9304,0.9304,,direct,0.0
mistralai/Mixtral-8x7B-v0.1,ksb,Shambala,Latn,alphabet,1.0,1.0,,direct,0.0
mistralai/Mixtral-8x7B-v0.1,ksf,Bafia,Latn,alphabet,1.0,1.0,,direct,0.0
mistralai/Mixtral-8x7B-v0.1,ksh,Colognian,Latn,alphabet,1.0,1.0,,direct,0.0
mistralai/Mixtral-8x7B-v0.1,ku,Kurdish,Latn,alphabet,1.0,1.0,,direct,0.0
mistralai/Mixtral-8x7B-v0.1,kw,Cornish,Latn,alphabet,1.0,1.0,,direct,0.0
mistralai/Mixtral-8x7B-v0.1,kxv,Kuvi,Latn,alphabet,1.0,1.0,,direct,0.0
mistralai/Mixtral-8x7B-v0.1,ky,Kyrgyz,Cyrl,alphabet,1.0,1.0,,direct,0.0
mistralai/Mixtral-8x7B-v0.1,la,Latin,Latn,alphabet,1.0,1.0,,direct,0.0
mistralai/Mixtral-8x7B-v0.1,lag,Langi,Latn,alphabet,0.9758,0.9758,,direct,0.0
mistralai/Mixtral-8x7B-v0.1,lb,Luxembourgish,Latn,alphabet,1.0,1.0,,direct,0.0
mistralai/Mixtral-8x7B-v0.1,lg,Ganda,Latn,alphabet,1.0,1.0,,direct,0.0
mistralai/Mixtral-8x7B-v0.1,lij,Ligurian,Latn,alphabet,1.0,1.0,,direct,0.0
mistralai/Mixtral-8x7B-v0.1,lkt,Lakota,Latn,alphabet,0.9733,0.9733,,direct,0.0
mistralai/Mixtral-8x7B-v0.1,lld,lld,Latn,alphabet,1.0,1.0,,direct,0.0
mistralai/Mixtral-8x7B-v0.1,lmo,Lombard,Latn,alphabet,1.0,1.0,,direct,0.0
mistralai/Mixtral-8x7B-v0.1,ln,Lingala,Latn,alphabet,1.0,1.0,,direct,0.0
mistralai/Mixtral-8x7B-v0.1,lo,Lao,Laoo,abugida,0.2291,0.2291,,direct,0.0
mistralai/Mixtral-8x7B-v0.1,lrc,Northern Luri,Arab,abjad,0.8884,0.8884,,direct,0.0
mistralai/Mixtral-8x7B-v0.1,lt,Lithuanian,Latn,alphabet,1.0,1.0,,direct,0.0
mistralai/Mixtral-8x7B-v0.1,ltg,Latgalian,Latn,alphabet,1.0,1.0,,direct,0.0
mistralai/Mixtral-8x7B-v0.1,lu,Luba-Katanga,Latn,alphabet,1.0,1.0,,direct,0.0
mistralai/Mixtral-8x7B-v0.1,luo,Luo,Latn,alphabet,1.0,1.0,,direct,0.0
mistralai/Mixtral-8x7B-v0.1,luy,Luyia,Latn,alphabet,1.0,1.0,,direct,0.0
mistralai/Mixtral-8x7B-v0.1,lv,Latvian,Latn,alphabet,1.0,1.0,,direct,0.0
mistralai/Mixtral-8x7B-v0.1,mai,Maithili,Deva,abugida,0.8578,0.8578,,direct,0.0
mistralai/Mixtral-8x7B-v0.1,mas,Masai,Latn,alphabet,0.983,0.983,,direct,0.0
mistralai/Mixtral-8x7B-v0.1,mdf,Moksha,Cyrl,alphabet,1.0,1.0,,direct,0.0
mistralai/Mixtral-8x7B-v0.1,mer,Meru,Latn,alphabet,1.0,1.0,,direct,0.0
mistralai/Mixtral-8x7B-v0.1,mfe,Morisyen,Latn,alphabet,1.0,1.0,,direct,0.0
mistralai/Mixtral-8x7B-v0.1,mg,Malagasy,Latn,alphabet,1.0,1.0,,direct,0.0
mistralai/Mixtral-8x7B-v0.1,mgh,Makhuwa-Meetto,Latn,alphabet,1.0,1.0,,direct,0.0
mistralai/Mixtral-8x7B-v0.1,mgo,Metaʼ,Latn,alphabet,1.0,1.0,,direct,0.0
mistralai/Mixtral-8x7B-v0.1,mhn,mhn,Latn,alphabet,1.0,1.0,,direct,0.0
mistralai/Mixtral-8x7B-v0.1,mi,Māori,Latn,alphabet,1.0,1.0,,direct,0.0
mistralai/Mixtral-8x7B-v0.1,mic,Mi'kmaw,Latn,alphabet,1.0,1.0,,direct,0.0
mistralai/Mixtral-8x7B-v0.1,mk,Macedonian,Cyrl,alphabet,0.9742,0.9742,,direct,0.0
mistralai/Mixtral-8x7B-v0.1,ml,Malayalam,Mlym,abugida,0.2157,0.2157,,direct,0.0
mistralai/Mixtral-8x7B-v0.1,mn,Mongolian,Cyrl,alphabet,1.0,1.0,,direct,0.0
mistralai/Mixtral-8x7B-v0.1,mni,Manipuri,Beng,abugida,0.6475,0.6475,,direct,0.0
mistralai/Mixtral-8x7B-v0.1,moh,Mohawk,Latn,alphabet,1.0,1.0,,direct,0.0
mistralai/Mixtral-8x7B-v0.1,mr,Marathi,Deva,abugida,0.725,0.725,,direct,0.0
mistralai/Mixtral-8x7B-v0.1,ms,Malay,Latn,alphabet,1.0,1.0,,direct,0.0
mistralai/Mixtral-8x7B-v0.1,mt,Maltese,Latn,alphabet,0.9758,0.9758,,direct,0.0
mistralai/Mixtral-8x7B-v0.1,mua,Mundang,Latn,alphabet,0.9273,0.9273,,direct,0.0
mistralai/Mixtral-8x7B-v0.1,mus,Muscogee,Latn,alphabet,1.0,1.0,,direct,0.0
mistralai/Mixtral-8x7B-v0.1,my,Burmese,Mymr,abugida,0.4267,0.4267,,direct,0.0
mistralai/Mixtral-8x7B-v0.1,myv,Erzya,Cyrl,alphabet,1.0,1.0,,direct,0.0
mistralai/Mixtral-8x7B-v0.1,mzn,Mazanderani,Arab,abjad,1.0,1.0,,direct,0.0
mistralai/Mixtral-8x7B-v0.1,naq,Nama,Latn,alphabet,0.9226,0.9226,,direct,0.0
mistralai/Mixtral-8x7B-v0.1,nd,North Ndebele,Latn,alphabet,1.0,1.0,,direct,0.0
mistralai/Mixtral-8x7B-v0.1,nds,Low German,Latn,alphabet,1.0,1.0,,direct,0.0
mistralai/Mixtral-8x7B-v0.1,ne,Nepali,Deva,abugida,0.7134,0.7134,,direct,0.0
mistralai/Mixtral-8x7B-v0.1,nl,Dutch,Latn,alphabet,1.0,1.0,,direct,0.0
mistralai/Mixtral-8x7B-v0.1,nmg,Kwasio,Latn,alphabet,0.986,0.986,,direct,0.0
mistralai/Mixtral-8x7B-v0.1,nnh,Ngiemboon,Latn,alphabet,0.9556,0.9556,,direct,0.0
mistralai/Mixtral-8x7B-v0.1,no,Norwegian,Latn,alphabet,1.0,1.0,,direct,0.0
mistralai/Mixtral-8x7B-v0.1,nqo,N’Ko,Nkoo,alphabet,0.2,0.2,,direct,0.0
mistralai/Mixtral-8x7B-v0.1,nr,South Ndebele,Latn,alphabet,1.0,1.0,,direct,0.0
mistralai/Mixtral-8x7B-v0.1,nso,Northern Sotho,Latn,alphabet,1.0,1.0,,direct,0.0
mistralai/Mixtral-8x7B-v0.1,nus,Nuer,Latn,alphabet,0.9778,0.9778,,direct,0.0
mistralai/Mixtral-8x7B-v0.1,nv,Navajo,Latn,alphabet,1.0,1.0,,direct,0.0
mistralai/Mixtral-8x7B-v0.1,ny,Nyanja,Latn,alphabet,0.9667,0.9667,,direct,0.0
mistralai/Mixtral-8x7B-v0.1,nyn,Nyankole,Latn,alphabet,1.0,1.0,,direct,0.0
mistralai/Mixtral-8x7B-v0.1,oc,Occitan,Latn,alphabet,1.0,1.0,,direct,0.0
mistralai/Mixtral-8x7B-v0.1,om,Oromo,Latn,alphabet,1.0,1.0,,direct,0.0
mistralai/Mixtral-8x7B-v0.1,or,Odia,Orya,abugida,0.2,0.2,,direct,0.0
mistralai/Mixtral-8x7B-v0.1,os,Ossetic,Cyrl,alphabet,0.9765,0.9765,,direct,0.0
mistralai/Mixtral-8x7B-v0.1,osa,Osage,Osge,alphabet,0.24,0.24,,direct,0.0
mistralai/Mixtral-8x7B-v0.1,pa,Punjabi,Guru,abugida,0.2235,0.2235,,direct,0.0
mistralai/Mixtral-8x7B-v0.1,pap,Papiamento,Latn,alphabet,1.0,1.0,,direct,0.0
mistralai/Mixtral-8x7B-v0.1,pcm,Nigerian Pidgin,Latn,alphabet,0.975,0.975,,direct,0.0
mistralai/Mixtral-8x7B-v0.1,pis,Pijin,Latn,alphabet,1.0,1.0,,direct,0.0
mistralai/Mixtral-8x7B-v0.1,pl,Polish,Latn,alphabet,1.0,1.0,,direct,0.0
mistralai/Mixtral-8x7B-v0.1,prg,Prussian,Latn,alphabet,0.959,0.959,,direct,0.0
mistralai/Mixtral-8x7B-v0.1,ps,Pashto,Arab,abjad,0.8533,0.8533,,direct,0.0
mistralai/Mixtral-8x7B-v0.1,pt,Portuguese,Latn,alphabet,1.0,1.0,,direct,0.0
mistralai/Mixtral-8x7B-v0.1,qu,Quechua,Latn,alphabet,1.0,1.0,,direct,0.0
mistralai/Mixtral-8x7B-v0.1,quc,Kʼicheʼ,Latn,alphabet,1.0,1.0,,direct,0.0
mistralai/Mixtral-8x7B-v0.1,raj,Rajasthani,Deva,abugida,0.8041,0.8041,,direct,0.0
mistralai/Mixtral-8x7B-v0.1,rhg,Rohingya,Rohg,abjad,0.2,0.2,,direct,0.0
mistralai/Mixtral-8x7B-v0.1,rif,Riffian,Latn,alphabet,1.0,1.0,,direct,0.0
mistralai/Mixtral-8x7B-v0.1,rm,Romansh,Latn,alphabet,1.0,1.0,,direct,0.0
mistralai/Mixtral-8x7B-v0.1,rn,Rundi,Latn,alphabet,1.0,1.0,,direct,0.0
mistralai/Mixtral-8x7B-v0.1,ro,Romanian,Latn,alphabet,1.0,1.0,,direct,0.0
mistralai/Mixtral-8x7B-v0.1,rof,Rombo,Latn,alphabet,1.0,1.0,,direct,0.0
mistralai/Mixtral-8x7B-v0.1,ru,Russian,Cyrl,alphabet,1.0,1.0,,direct,0.0
mistralai/Mixtral-8x7B-v0.1,rw,Kinyarwanda,Latn,alphabet,1.0,1.0,,direct,0.0
mistralai/Mixtral-8x7B-v0.1,rwk,Rwa,Latn,alphabet,1.0,1.0,,direct,0.0
mistralai/Mixtral-8x7B-v0.1,sa,Sanskrit,Deva,abugida,0.6914,0.6914,,direct,0.0
mistralai/Mixtral-8x7B-v0.1,sah,Yakut,Cyrl,alphabet,0.9385,0.9385,,direct,0.0
mistralai/Mixtral-8x7B-v0.1,saq,Samburu,Latn,alphabet,1.0,1.0,,direct,0.0
mistralai/Mixtral-8x7B-v0.1,sat,Santali,Olck,alphabet,0.2,0.2,,direct,0.0
mistralai/Mixtral-8x7B-v0.1,sbp,Sangu,Latn,alphabet,1.0,1.0,,direct,0.0
mistralai/Mixtral-8x7B-v0.1,sc,Sardinian,Latn,alphabet,1.0,1.0,,direct,0.0
mistralai/Mixtral-8x7B-v0.1,scn,Sicilian,Latn,alphabet,1.0,1.0,,direct,0.0
mistralai/Mixtral-8x7B-v0.1,sd,Sindhi,Arab,abjad,0.7231,0.7231,,direct,0.0
mistralai/Mixtral-8x7B-v0.1,sdh,Southern Kurdish,Arab,abjad,0.9294,0.9294,,direct,0.0
mistralai/Mixtral-8x7B-v0.1,se,Northern Sami,Latn,alphabet,0.9724,0.9724,,direct,0.0
mistralai/Mixtral-8x7B-v0.1,seh,Sena,Latn,alphabet,1.0,1.0,,direct,0.0
mistralai/Mixtral-8x7B-v0.1,ses,Koyraboro Senni,Latn,alphabet,1.0,1.0,,direct,0.0
mistralai/Mixtral-8x7B-v0.1,sg,Sango,Latn,alphabet,1.0,1.0,,direct,0.0
mistralai/Mixtral-8x7B-v0.1,shi,Tachelhit,Tfng,alphabet,0.325,0.325,,direct,0.0
mistralai/Mixtral-8x7B-v0.1,shn,Shan,Mymr,abugida,0.4261,0.4261,,direct,0.0
mistralai/Mixtral-8x7B-v0.1,si,Sinhala,Sinh,abugida,0.3081,0.3081,,direct,0.0
mistralai/Mixtral-8x7B-v0.1,sid,Sidamo,Latn,alphabet,1.0,1.0,,direct,0.0
mistralai/Mixtral-8x7B-v0.1,sk,Slovak,Latn,alphabet,0.9814,0.9814,,direct,0.0
mistralai/Mixtral-8x7B-v0.1,skr,skr,Arab,abjad,0.8694,0.8694,,direct,0.0
mistralai/Mixtral-8x7B-v0.1,sl,Slovenian,Latn,alphabet,1.0,1.0,,direct,0.0
mistralai/Mixtral-8x7B-v0.1,sma,Southern Sami,Latn,alphabet,1.0,1.0,,direct,0.0
mistralai/Mixtral-8x7B-v0.1,smj,Lule Sami,Latn,alphabet,1.0,1.0,,direct,0.0
mistralai/Mixtral-8x7B-v0.1,smn,Inari Sami,Latn,alphabet,1.0,1.0,,direct,0.0
mistralai/Mixtral-8x7B-v0.1,sms,Skolt Sami,Latn,alphabet,0.9333,0.9333,,direct,0.0
mistralai/Mixtral-8x7B-v0.1,sn,Shona,Latn,alphabet,1.0,1.0,,direct,0.0
mistralai/Mixtral-8x7B-v0.1,so,Somali,Latn,alphabet,1.0,1.0,,direct,0.0
mistralai/Mixtral-8x7B-v0.1,sq,Albanian,Latn,alphabet,1.0,1.0,,direct,0.0
mistralai/Mixtral-8x7B-v0.1,sr,Serbian,Cyrl,alphabet,1.0,1.0,,direct,0.0
mistralai/Mixtral-8x7B-v0.1,ss,Swati,Latn,alphabet,1.0,1.0,,direct,0.0
mistralai/Mixtral-8x7B-v0.1,ssy,Saho,Latn,alphabet,1.0,1.0,,direct,0.0
mistralai/Mixtral-8x7B-v0.1,st,Southern Sotho,Latn,alphabet,1.0,1.0,,direct,0.0
mistralai/Mixtral-8x7B-v0.1,su,Sundanese,Latn,alphabet,1.0,1.0,,direct,0.0
mistralai/Mixtral-8x7B-v0.1,sv,Swedish,Latn,alphabet,1.0,1.0,,direct,0.0
mistralai/Mixtral-8x7B-v0.1,sw,Swahili,Latn,alphabet,1.0,1.0,,direct,0.0
mistralai/Mixtral-8x7B-v0.1,syr,Syriac,Syrc,abjad,0.2,0.2,,direct,0.0
mistralai/Mixtral-8x7B-v0.1,szl,Silesian,Latn,alphabet,1.0,1.0,,direct,0.0
mistralai/Mixtral-8x7B-v0.1,ta,Tamil,Taml,abugida,0.5745,0.5745,,direct,0.0
mistralai/Mixtral-8x7B-v0.1,te,Telugu,Telu,abugida,0.3257,0.3257,,direct,0.0
mistralai/Mixtral-8x7B-v0.1,teo,Teso,Latn,alphabet,1.0,1.0,,direct,0.0
mistralai/Mixtral-8x7B-v0.1,tg,Tajik,Cyrl,alphabet,0.9314,0.9314,,direct,0.0
mistralai/Mixtral-8x7B-v0.1,th,Thai,Thai,abugida,0.8027,0.8027,,direct,0.0
mistralai/Mixtral-8x7B-v0.1,ti,Tigrinya,Ethi,syllabary,0.2213,0.2213,,within_script_only,0.0
mistralai/Mixtral-8x7B-v0.1,tig,Tigre,Ethi,syllabary,0.2142,0.2142,,within_script_only,0.0
mistralai/Mixtral-8x7B-v0.1,tk,Turkmen,Latn,alphabet,1.0,1.0,,direct,0.0
mistralai/Mixtral-8x7B-v0.1,tn,Tswana,Latn,alphabet,1.0,1.0,,direct,0.0
mistralai/Mixtral-8x7B-v0.1,to,Tongan,Latn,alphabet,1.0,1.0,,direct,0.0
mistralai/Mixtral-8x7B-v0.1,tok,Toki Pona,Latn,alphabet,1.0,1.0,,direct,0.0
mistralai/Mixtral-8x7B-v0.1,tpi,Tok Pisin,Latn,alphabet,1.0,1.0,,direct,0.0
mistralai/Mixtral-8x7B-v0.1,tr,Turkish,Latn,alphabet,1.0,1.0,,direct,0.0
mistralai/Mixtral-8x7B-v0.1,trv,Taroko,Latn,alphabet,1.0,1.0,,direct,0.0
mistralai/Mixtral-8x7B-v0.1,trw,Torwali,Arab,abjad,0.8833,0.8833,,direct,0.0
mistralai/Mixtral-8x7B-v0.1,ts,Tsonga,Latn,alphabet,1.0,1.0,,direct,0.0
mistralai/Mixtral-8x7B-v0.1,tt,Tatar,Cyrl,alphabet,0.9795,0.9795,,direct,0.0
mistralai/Mixtral-8x7B-v0.1,twq,Tasawaq,Latn,alphabet,1.0,1.0,,direct,0.0
mistralai/Mixtral-8x7B-v0.1,tyv,Tuvinian,Cyrl,alphabet,1.0,1.0,,direct,0.0
mistralai/Mixtral-8x7B-v0.1,tzm,Central Atlas Tamazight,Latn,alphabet,1.0,1.0,,direct,0.0
mistralai/Mixtral-8x7B-v0.1,ug,Uyghur,Arab,abjad,0.8824,0.8824,,direct,0.0
mistralai/Mixtral-8x7B-v0.1,uk,Ukrainian,Cyrl,alphabet,1.0,1.0,,direct,0.0
mistralai/Mixtral-8x7B-v0.1,ur,Urdu,Arab,abjad,0.9789,0.9789,,direct,0.0
mistralai/Mixtral-8x7B-v0.1,uz,Uzbek,Latn,alphabet,1.0,1.0,,direct,0.0
mistralai/Mixtral-8x7B-v0.1,vai,Vai,Vaii,syllabary,0.2,0.2,,within_script_only,0.0
mistralai/Mixtral-8x7B-v0.1,ve,Venda,Latn,alphabet,0.8857,0.8857,,direct,0.0
mistralai/Mixtral-8x7B-v0.1,vec,Venetian,Latn,alphabet,1.0,1.0,,direct,0.0
mistralai/Mixtral-8x7B-v0.1,vi,Vietnamese,Latn,alphabet,0.9281,0.9281,,direct,0.0
mistralai/Mixtral-8x7B-v0.1,vmw,Makhuwa,Latn,alphabet,1.0,1.0,,direct,0.0
mistralai/Mixtral-8x7B-v0.1,vo,Volapük,Latn,alphabet,1.0,1.0,,direct,0.0
mistralai/Mixtral-8x7B-v0.1,vun,Vunjo,Latn,alphabet,1.0,1.0,,direct,0.0
mistralai/Mixtral-8x7B-v0.1,wa,Walloon,Latn,alphabet,1.0,1.0,,direct,0.0
mistralai/Mixtral-8x7B-v0.1,wae,Walser,Latn,alphabet,1.0,1.0,,direct,0.0
mistralai/Mixtral-8x7B-v0.1,wal,Wolaytta,Ethi,syllabary,0.2148,0.2148,,within_script_only,0.0
mistralai/Mixtral-8x7B-v0.1,wbp,Warlpiri,Latn,alphabet,1.0,1.0,,direct,0.0
mistralai/Mixtral-8x7B-v0.1,wo,Wolof,Latn,alphabet,1.0,1.0,,direct,0.0
mistralai/Mixtral-8x7B-v0.1,xh,Xhosa,Latn,alphabet,1.0,1.0,,direct,0.0
mistralai/Mixtral-8x7B-v0.1,xnr,Kangri,Deva,abugida,0.7333,0.7333,,direct,0.0
mistralai/Mixtral-8x7B-v0.1,xog,Soga,Latn,alphabet,1.0,1.0,,direct,0.0
mistralai/Mixtral-8x7B-v0.1,yav,Yangben,Latn,alphabet,1.0,1.0,,direct,0.0
mistralai/Mixtral-8x7B-v0.1,yi,Yiddish,Hebr,abjad,0.9294,0.9294,,direct,0.0
mistralai/Mixtral-8x7B-v0.1,yo,Yoruba,Latn,alphabet,0.94,0.94,,direct,0.0
mistralai/Mixtral-8x7B-v0.1,yrl,Nheengatu,Latn,alphabet,1.0,1.0,,direct,0.0
mistralai/Mixtral-8x7B-v0.1,yue,Cantonese,Hant,logographic,0.5135,0.5135,,within_script_only,0.0
mistralai/Mixtral-8x7B-v0.1,za,Zhuang,Latn,alphabet,1.0,1.0,,direct,0.0
mistralai/Mixtral-8x7B-v0.1,zgh,Standard Moroccan Tamazight,Tfng,alphabet,0.325,0.325,,direct,0.0
mistralai/Mixtral-8x7B-v0.1,zh,Chinese,Hans,logographic,0.6376,0.6376,,within_script_only,0.0
mistralai/Mixtral-8x7B-v0.1,zu,Zulu,Latn,alphabet,1.0,1.0,,direct,0.0
o1,aa,Afar,Latn,alphabet,1.0,1.0,,direct,0.0
o1,ab,Abkhazian,Cyrl,alphabet,1.0,1.0,,direct,0.0
o1,af,Afrikaans,Latn,alphabet,1.0,1.0,,direct,0.0
o1,agq,Aghem,Latn,alphabet,0.8923,0.8923,,direct,0.0
o1,ak,Akan,Latn,alphabet,1.0,1.0,,direct,0.0
o1,am,Amharic,Ethi,syllabary,0.2,0.2,,within_script_only,0.0
o1,an,Aragonese,Latn,alphabet,1.0,1.0,,direct,0.0
o1,ann,Obolo,Latn,alphabet,0.959,0.959,,direct,0.0
o1,apc,apc,Arab,abjad,1.0,1.0,,direct,0.0
o1,ar,Arabic,Arab,abjad,1.0,1.0,,direct,0.0
o1,arn,Mapuche,Latn,alphabet,0.904,0.904,,direct,0.0
o1,as,Assamese,Beng,abugida,0.9492,0.9492,,direct,0.0
o1,asa,Asu,Latn,alphabet,1.0,1.0,,direct,0.0
o1,ast,Asturian,Latn,alphabet,0.975,0.975,,direct,0.0
o1,az,Azerbaijani,Latn,alphabet,1.0,1.0,,direct,0.0
o1,ba,Bashkir,Cyrl,alphabet,1.0,1.0,,direct,0.0
o1,bal,Baluchi,Arab,abjad,1.0,1.0,,direct,0.0
o1,bas,Basaa,Latn,alphabet,0.9097,0.9097,,direct,0.0
o1,be,Belarusian,Cyrl,alphabet,1.0,1.0,,direct,0.0
o1,bem,Bemba,Latn,alphabet,1.0,1.0,,direct,0.0
o1,bew,Betawi,Latn,alphabet,0.9724,0.9724,,direct,0.0
o1,bez,Bena,Latn,alphabet,1.0,1.0,,direct,0.0
o1,bg,Bulgarian,Cyrl,alphabet,1.0,1.0,,direct,0.0
o1,bgc,Haryanvi,Deva,abugida,0.9948,0.9948,,direct,0.0
o1,bgn,Western Balochi,Arab,abjad,1.0,1.0,,direct,0.0
o1,bho,Bhojpuri,Deva,abugida,1.0,1.0,,direct,0.0
o1,blo,Anii,Latn,alphabet,0.902,0.902,,direct,0.0
o1,blt,Tai Dam,Tavt,abugida,0.2,0.2,,direct,0.0
o1,bm,Bambara,Latn,alphabet,0.9704,0.9704,,direct,0.0
o1,bn,Bangla,Beng,abugida,0.85,0.85,,direct,0.0
o1,bo,Tibetan,Tibt,abugida,0.2092,0.2092,,direct,0.0
o1,br,Breton,Latn,alphabet,1.0,1.0,,direct,0.0
o1,brx,Bodo,Deva,abugida,0.9869,0.9869,,direct,0.0
o1,bs,Bosnian,Latn,alphabet,1.0,1.0,,direct,0.0
o1,bss,Akoose,Latn,alphabet,0.9231,0.9231,,direct,0.0
o1,byn,Blin,Ethi,syllabary,0.2,0.2,,within_script_only,0.0
o1,ca,Catalan,Latn,alphabet,1.0,1.0,,direct,0.0
o1,cad,Caddo,Latn,alphabet,0.9467,0.9467,,direct,0.0
o1,cch,Atsam,Latn,alphabet,0.9143,0.9143,,direct,0.0
o1,ccp,Chakma,Cakm,abugida,0.2,0.2,,direct,0.0
o1,ce,Chechen,Cyrl,alphabet,0.9765,0.9765,,direct,0.0
o1,ceb,Cebuano,Latn,alphabet,1.0,1.0,,direct,0.0
o1,cgg,Chiga,Latn,alphabet,1.0,1.0,,direct,0.0
o1,cho,Choctaw,Latn,alphabet,0.9238,0.9238,,direct,0.0
o1,chr,Cherokee,Cher,syllabary,0.2,0.2,,within_script_only,0.0
o1,cic,Chickasaw,Latn,alphabet,0.9579,0.9579,,direct,0.0
o1,ckb,Central Kurdish,Arab,abjad,0.9758,0.9758,,direct,0.0
o1,co,Corsican,Latn,alphabet,1.0,1.0,,direct,0.0
o1,cop,Coptic,Copt,alphabet,0.2,0.2,,direct,0.0
o1,cs,Czech,Latn,alphabet,1.0,1.0,,direct,0.0
o1,csw,Swampy Cree,Cans,syllabary,0.2,0.2,,within_script_only,0.0
o1,cu,Church Slavic,Cyrl,alphabet,0.5778,0.5778,,direct,0.0
o1,cv,Chuvash,Cyrl,alphabet,0.9351,0.9351,,direct,0.0
o1,cy,Welsh,Latn,alphabet,0.951,0.951,,direct,0.0
o1,da,Danish,Latn,alphabet,1.0,1.0,,direct,0.0
o1,dav,Taita,Latn,alphabet,1.0,1.0,,direct,0.0
o1,de,German,Latn,alphabet,1.0,1.0,,direct,0.0
o1,dje,Zarma,Latn,alphabet,0.975,0.975,,direct,0.0
o1,doi,Dogri,Deva,abugida,0.8929,0.8929,,direct,0.0
o1,dsb,Lower Sorbian,Latn,alphabet,0.9784,0.9784,,direct,0.0
o1,dua,Duala,Latn,alphabet,1.0,1.0,,direct,0.0
o1,dv,Divehi,Thaa,abjad,0.2,0.2,,direct,0.0
o1,dyo,Jola-Fonyi,Latn,alphabet,1.0,1.0,,direct,0.0
o1,dz,Dzongkha,Tibt,abugida,0.2138,0.2138,,direct,0.0
o1,ebu,Embu,Latn,alphabet,1.0,1.0,,direct,0.0
o1,ee,Ewe,Latn,alphabet,0.95,0.95,,direct,0.0
o1,el,Greek,Grek,alphabet,0.9778,0.9778,,direct,0.0
o1,en,English,Latn,alphabet,1.0,1.0,,direct,0.0
o1,eo,Esperanto,Latn,alphabet,0.9714,0.9714,,direct,0.0
o1,es,Spanish,Latn,alphabet,1.0,1.0,,direct,0.0
o1,et,Estonian,Latn,alphabet,1.0,1.0,,direct,0.0
o1,eu,Basque,Latn,alphabet,1.0,1.0,,direct,0.0
o1,ewo,Ewondo,Latn,alphabet,0.9385,0.9385,,direct,0.0
o1,fa,Persian,Arab,abjad,1.0,1.0,,direct,0.0
o1,ff,Fula,Latn,alphabet,0.9704,0.9704,,direct,0.0
o1,fi,Finnish,Latn,alphabet,1.0,1.0,,direct,0.0
o1,fil,Filipino,Latn,alphabet,1.0,1.0,,direct,0.0
o1,fo,Faroese,Latn,alphabet,1.0,1.0,,direct,0.0
o1,fr,French,Latn,alphabet,1.0,1.0,,direct,0.0
o1,frr,Northern Frisian,Latn,alphabet,1.0,1.0,,direct,0.0
o1,fur,Friulian,Latn,alphabet,1.0,1.0,,direct,0.0
o1,fy,Western Frisian,Latn,alphabet,1.0,1.0,,direct,0.0
o1,ga,Irish,Latn,alphabet,1.0,1.0,,direct,0.0
o1,gaa,Ga,Latn,alphabet,1.0,1.0,,direct,0.0
o1,gd,Scottish Gaelic,Latn,alphabet,1.0,1.0,,direct,0.0
o1,gez,Geez,Ethi,syllabary,0.2,0.2,,within_script_only,0.0
o1,gl,Galician,Latn,alphabet,1.0,1.0,,direct,0.0
o1,gn,Guarani,Latn,alphabet,1.0,1.0,,direct,0.0
o1,gsw,Swiss German,Latn,alphabet,1.0,1.0,,direct,0.0
o1,gu,Gujarati,Gujr,abugida,0.8574,0.8574,,direct,0.0
o1,guz,Gusii,Latn,alphabet,1.0,1.0,,direct,0.0
o1,gv,Manx,Latn,alphabet,1.0,1.0,,direct,0.0
o1,ha,Hausa,Latn,alphabet,0.9704,0.9704,,direct,0.0
o1,haw,Hawaiian,Latn,alphabet,1.0,1.0,,direct,0.0
o1,he,Hebrew,Hebr,abjad,1.0,1.0,,direct,0.0
o1,hi,Hindi,Deva,abugida,0.9597,0.9597,,direct,0.0
o1,hnj,Hmong Njua,Hmnp,alphabet,0.2,0.2,,direct,0.0
o1,hr,Croatian,Latn,alphabet,1.0,1.0,,direct,0.0
o1,hsb,Upper Sorbian,Latn,alphabet,1.0,1.0,,direct,0.0
o1,ht,Haitian Creole,Latn,alphabet,1.0,1.0,,direct,0.0
o1,hu,Hungarian,Latn,alphabet,1.0,1.0,,direct,0.0
o1,hy,Armenian,Armn,alphabet,1.0,1.0,,direct,0.0
o1,ia,Interlingua,Latn,alphabet,1.0,1.0,,direct,0.0
o1,id,Indonesian,Latn,alphabet,1.0,1.0,,direct,0.0
o1,ie,Interlingue,Latn,alphabet,1.0,1.0,,direct,0.0
o1,ig,Igbo,Latn,alphabet,1.0,1.0,,direct,0.0
o1,ii,Sichuan Yi,Yiii,syllabary,0.2,0.2,,within_script_only,0.0
o1,io,Ido,Latn,alphabet,1.0,1.0,,direct,0.0
o1,is,Icelandic,Latn,alphabet,1.0,1.0,,direct,0.0
o1,it,Italian,Latn,alphabet,1.0,1.0,,direct,0.0
o1,iu,Inuktitut,Cans,syllabary,0.2,0.2,,within_script_only,0.0
o1,ja,Japanese,Jpan,mixed_logographic,0.7457,0.7457,,within_script_only,0.0
o1,jbo,Lojban,Latn,alphabet,1.0,1.0,,direct,0.0
o1,jgo,Ngomba,Latn,alphabet,0.8578,0.8578,,direct,0.0
o1,jmc,Machame,Latn,alphabet,1.0,1.0,,direct,0.0
o1,jv,Javanese,Latn,alphabet,1.0,1.0,,direct,0.0
o1,ka,Georgian,Geor,alphabet,1.0,1.0,,direct,0.0
o1,kaa,Kara-Kalpak,Cyrl,alphabet,1.0,1.0,,direct,0.0
o1,kab,Kabyle,Latn,alphabet,0.9059,0.9059,,direct,0.0
o1,kaj,Jju,Latn,alphabet,1.0,1.0,,direct,0.0
o1,kam,Kamba,Latn,alphabet,1.0,1.0,,direct,0.0
o1,kcg,Tyap,Latn,alphabet,0.968,0.968,,direct,0.0
o1,kde,Makonde,Latn,alphabet,1.0,1.0,,direct,0.0
o1,kea,Kabuverdianu,Latn,alphabet,1.0,1.0,,direct,0.0
o1,ken,Kenyang,Latn,alphabet,0.922,0.922,,direct,0.0
o1,kgp,Kaingang,Latn,alphabet,1.0,1.0,,direct,0.0
o1,khq,Koyra Chiini,Latn,alphabet,0.975,0.975,,direct,0.0
o1,ki,Kikuyu,Latn,alphabet,1.0,1.0,,direct,0.0
o1,kk,Kazakh,Cyrl,alphabet,1.0,1.0,,direct,0.0
o1,kkj,Kako,Latn,alphabet,1.0,1.0,,direct,0.0
o1,kl,Kalaallisut,Latn,alphabet,1.0,1.0,,direct,0.0
o1,kln,Kalenjin,Latn,alphabet,1.0,1.0,,direct,0.0
o1,km,Khmer,Khmr,abugida,0.7875,0.7875,,direct,0.0
o1,kn,Kannada,Knda,abugida,0.8479,0.8479,,direct,0.0
o1,ko,Korean,Kore,featural_syllabary,0.2496,0.2496,0.2,within_script_only,0.0
o1,kok,Konkani,Deva,abugida,0.9649,0.9649,,direct,0.0
o1,kpe,Kpelle,Latn,alphabet,0.9448,0.9448,,direct,0.0
o1,ks,Kashmiri,Arab,abjad,0.9478,0.9478,,direct,0.0
o1,ksb,Shambala,Latn,alphabet,1.0,1.0,,direct,0.0
o1,ksf,Bafia,Latn,alphabet,0.9765,0.9765,,direct,0.0
o1,ksh,Colognian,Latn,alphabet,1.0,1.0,,direct,0.0
o1,ku,Kurdish,Latn,alphabet,1.0,1.0,,direct,0.0
o1,kw,Cornish,Latn,alphabet,1.0,1.0,,direct,0.0
o1,kxv,Kuvi,Latn,alphabet,0.9515,0.9515,,direct,0.0
o1,ky,Kyrgyz,Cyrl,alphabet,1.0,1.0,,direct,0.0
o1,la,Latin,Latn,alphabet,1.0,1.0,,direct,0.0
o1,lag,Langi,Latn,alphabet,0.9515,0.9515,,direct,0.0
o1,lb,Luxembourgish,Latn,alphabet,1.0,1.0,,direct,0.0
o1,lg,Ganda,Latn,alphabet,1.0,1.0,,direct,0.0
o1,lij,Ligurian,Latn,alphabet,1.0,1.0,,direct,0.0
o1,lkt,Lakota,Latn,alphabet,0.9467,0.9467,,direct,0.0
o1,lld,lld,Latn,alphabet,1.0,1.0,,direct,0.0
o1,lmo,Lombard,Latn,alphabet,1.0,1.0,,direct,0.0
o1,ln,Lingala,Latn,alphabet,0.961,0.961,,direct,0.0
o1,lo,Lao,Laoo,abugida,0.2291,0.2291,,direct,0.0
o1,lrc,Northern Luri,Arab,abjad,0.8884,0.8884,,direct,0.0
o1,lt,Lithuanian,Latn,alphabet,1.0,1.0,,direct,0.0
o1,ltg,Latgalian,Latn,alphabet,1.0,1.0,,direct,0.0
o1,lu,Luba-Katanga,Latn,alphabet,1.0,1.0,,direct,0.0
o1,luo,Luo,Latn,alphabet,1.0,1.0,,direct,0.0
o1,luy,Luyia,Latn,alphabet,1.0,1.0,,direct,0.0
o1,lv,Latvian,Latn,alphabet,1.0,1.0,,direct,0.0
o1,mai,Maithili,Deva,abugida,1.0,1.0,,direct,0.0
o1,mas,Masai,Latn,alphabet,0.966,0.966,,direct,0.0
o1,mdf,Moksha,Cyrl,alphabet,1.0,1.0,,direct,0.0
o1,mer,Meru,Latn,alphabet,1.0,1.0,,direct,0.0
o1,mfe,Morisyen,Latn,alphabet,1.0,1.0,,direct,0.0
o1,mg,Malagasy,Latn,alphabet,1.0,1.0,,direct,0.0
o1,mgh,Makhuwa-Meetto,Latn,alphabet,1.0,1.0,,direct,0.0
o1,mgo,Metaʼ,Latn,alphabet,1.0,1.0,,direct,0.0
o1,mhn,mhn,Latn,alphabet,1.0,1.0,,direct,0.0
o1,mi,Māori,Latn,alphabet,1.0,1.0,,direct,0.0
o1,mic,Mi'kmaw,Latn,alphabet,0.9636,0.9636,,direct,0.0
o1,mk,Macedonian,Cyrl,alphabet,1.0,1.0,,direct,0.0
o1,ml,Malayalam,Mlym,abugida,0.8941,0.8941,,direct,0.0
o1,mn,Mongolian,Cyrl,alphabet,1.0,1.0,,direct,0.0
o1,mni,Manipuri,Beng,abugida,0.9492,0.9492,,direct,0.0
o1,moh,Mohawk,Latn,alphabet,1.0,1.0,,direct,0.0
o1,mr,Marathi,Deva,abugida,0.9703,0.9703,,direct,0.0
o1,ms,Malay,Latn,alphabet,1.0,1.0,,direct,0.0
o1,mt,Maltese,Latn,alphabet,1.0,1.0,,direct,0.0
o1,mua,Mundang,Latn,alphabet,0.9515,0.9515,,direct,0.0
o1,mus,Muscogee,Latn,alphabet,1.0,1.0,,direct,0.0
o1,my,Burmese,Mymr,abugida,0.7867,0.7867,,direct,0.0
o1,myv,Erzya,Cyrl,alphabet,1.0,1.0,,direct,0.0
o1,mzn,Mazanderani,Arab,abjad,1.0,1.0,,direct,0.0
o1,naq,Nama,Latn,alphabet,0.8968,0.8968,,direct,0.0
o1,nd,North Ndebele,Latn,alphabet,1.0,1.0,,direct,0.0
o1,nds,Low German,Latn,alphabet,1.0,1.0,,direct,0.0
o1,ne,Nepali,Deva,abugida,0.9597,0.9597,,direct,0.0
o1,nl,Dutch,Latn,alphabet,1.0,1.0,,direct,0.0
o1,nmg,Kwasio,Latn,alphabet,0.9158,0.9158,,direct,0.0
o1,nnh,Ngiemboon,Latn,alphabet,0.9259,0.9259,,direct,0.0
o1,no,Norwegian,Latn,alphabet,1.0,1.0,,direct,0.0
o1,nqo,N’Ko,Nkoo,alphabet,0.2,0.2,,direct,0.0
o1,nr,South Ndebele,Latn,alphabet,1.0,1.0,,direct,0.0
o1,nso,Northern Sotho,Latn,alphabet,1.0,1.0,,direct,0.0
o1,nus,Nuer,Latn,alphabet,0.9556,0.9556,,direct,0.0
o1,nv,Navajo,Latn,alphabet,0.9742,0.9742,,direct,0.0
o1,ny,Nyanja,Latn,alphabet,1.0,1.0,,direct,0.0
o1,nyn,Nyankole,Latn,alphabet,1.0,1.0,,direct,0.0
o1,oc,Occitan,Latn,alphabet,1.0,1.0,,direct,0.0
o1,om,Oromo,Latn,alphabet,1.0,1.0,,direct,0.0
o1,or,Odia,Orya,abugida,0.6516,0.6516,,direct,0.0
o1,os,Ossetic,Cyrl,alphabet,0.9765,0.9765,,direct,0.0
o1,osa,Osage,Osge,alphabet,0.22,0.22,,direct,0.0
o1,pa,Punjabi,Guru,abugida,0.8074,0.8074,,direct,0.0
o1,pap,Papiamento,Latn,alphabet,1.0,1.0,,direct,0.0
o1,pcm,Nigerian Pidgin,Latn,alphabet,1.0,1.0,,direct,0.0
o1,pis,Pijin,Latn,alphabet,1.0,1.0,,direct,0.0
o1,pl,Polish,Latn,alphabet,1.0,1.0,,direct,0.0
o1,prg,Prussian,Latn,alphabet,0.959,0.959,,direct,0.0
o1,ps,Pashto,Arab,abjad,1.0,1.0,,direct,0.0
o1,pt,Portuguese,Latn,alphabet,1.0,1.0,,direct,0.0
o1,qu,Quechua,Latn,alphabet,1.0,1.0,,direct,0.0
o1,quc,Kʼicheʼ,Latn,alphabet,1.0,1.0,,direct,0.0
o1,raj,Rajasthani,Deva,abugida,1.0,1.0,,direct,0.0
o1,rhg,Rohingya,Rohg,abjad,0.2,0.2,,direct,0.0
o1,rif,Riffian,Latn,alphabet,0.9226,0.9226,,direct,0.0
o1,rm,Romansh,Latn,alphabet,1.0,1.0,,direct,0.0
o1,rn,Rundi,Latn,alphabet,1.0,1.0,,direct,0.0
o1,ro,Romanian,Latn,alphabet,1.0,1.0,,direct,0.0
o1,rof,Rombo,Latn,alphabet,1.0,1.0,,direct,0.0
o1,ru,Russian,Cyrl,alphabet,1.0,1.0,,direct,0.0
o1,rw,Kinyarwanda,Latn,alphabet,1.0,1.0,,direct,0.0
o1,rwk,Rwa,Latn,alphabet,1.0,1.0,,direct,0.0
o1,sa,Sanskrit,Deva,abugida,0.8929,0.8929,,direct,0.0
o1,sah,Yakut,Cyrl,alphabet,0.9385,0.9385,,direct,0.0
o1,saq,Samburu,Latn,alphabet,1.0,1.0,,direct,0.0
o1,sat,Santali,Olck,alphabet,0.2,0.2,,direct,0.0
o1,sbp,Sangu,Latn,alphabet,1.0,1.0,,direct,0.0
o1,sc,Sardinian,Latn,alphabet,1.0,1.0,,direct,0.0
o1,scn,Sicilian,Latn,alphabet,0.9758,0.9758,,direct,0.0
o1,sd,Sindhi,Arab,abjad,0.9692,0.9692,,direct,0.0
o1,sdh,Southern Kurdish,Arab,abjad,0.9529,0.9529,,direct,0.0
o1,se,Northern Sami,Latn,alphabet,0.9724,0.9724,,direct,0.0
o1,seh,Sena,Latn,alphabet,1.0,1.0,,direct,0.0
o1,ses,Koyraboro Senni,Latn,alphabet,0.975,0.975,,direct,0.0
o1,sg,Sango,Latn,alphabet,1.0,1.0,,direct,0.0
o1,shi,Tachelhit,Tfng,alphabet,0.2,0.2,,direct,0.0
o1,shn,Shan,Mymr,abugida,0.6348,0.6348,,direct,0.0
o1,si,Sinhala,Sinh,abugida,0.7203,0.7203,,direct,0.0
o1,sid,Sidamo,Latn,alphabet,1.0,1.0,,direct,0.0
o1,sk,Slovak,Latn,alphabet,0.9814,0.9814,,direct,0.0
o1,skr,skr,Arab,abjad,0.9673,0.9673,,direct,0.0
o1,sl,Slovenian,Latn,alphabet,1.0,1.0,,direct,0.0
o1,sma,Southern Sami,Latn,alphabet,1.0,1.0,,direct,0.0
o1,smj,Lule Sami,Latn,alphabet,1.0,1.0,,direct,0.0
o1,smn,Inari Sami,Latn,alphabet,1.0,1.0,,direct,0.0
o1,sms,Skolt Sami,Latn,alphabet,0.8889,0.8889,,direct,0.0
o1,sn,Shona,Latn,alphabet,1.0,1.0,,direct,0.0
o1,so,Somali,Latn,alphabet,1.0,1.0,,direct,0.0
o1,sq,Albanian,Latn,alphabet,1.0,1.0,,direct,0.0
o1,sr,Serbian,Cyrl,alphabet,1.0,1.0,,direct,0.0
o1,ss,Swati,Latn,alphabet,1.0,1.0,,direct,0.0
o1,ssy,Saho,Latn,alphabet,1.0,1.0,,direct,0.0
o1,st,Southern Sotho,Latn,alphabet,1.0,1.0,,direct,0.0
o1,su,Sundanese,Latn,alphabet,1.0,1.0,,direct,0.0
o1,sv,Swedish,Latn,alphabet,1.0,1.0,,direct,0.0
o1,sw,Swahili,Latn,alphabet,1.0,1.0,,direct,0.0
o1,syr,Syriac,Syrc,abjad,0.2,0.2,,direct,0.0
o1,szl,Silesian,Latn,alphabet,0.9765,0.9765,,direct,0.0
o1,ta,Tamil,Taml,abugida,0.917,0.917,,direct,0.0
o1,te,Telugu,Telu,abugida,0.81,0.81,,direct,0.0
o1,teo,Teso,Latn,alphabet,1.0,1.0,,direct,0.0
o1,tg,Tajik,Cyrl,alphabet,1.0,1.0,,direct,0.0
o1,th,Thai,Thai,abugida,0.9192,0.9192,,direct,0.0
o1,ti,Tigrinya,Ethi,syllabary,0.2,0.2,,within_script_only,0.0
o1,tig,Tigre,Ethi,syllabary,0.2,0.2,,within_script_only,0.0
o1,tk,Turkmen,Latn,alphabet,1.0,1.0,,direct,0.0
o1,tn,Tswana,Latn,alphabet,1.0,1.0,,direct,0.0
o1,to,Tongan,Latn,alphabet,1.0,1.0,,direct,0.0
o1,tok,Toki Pona,Latn,alphabet,1.0,1.0,,direct,0.0
o1,tpi,Tok Pisin,Latn,alphabet,1.0,1.0,,direct,0.0
o1,tr,Turkish,Latn,alphabet,1.0,1.0,,direct,0.0
o1,trv,Taroko,Latn,alphabet,1.0,1.0,,direct,0.0
o1,trw,Torwali,Arab,abjad,0.95,0.95,,direct,0.0
o1,ts,Tsonga,Latn,alphabet,1.0,1.0,,direct,0.0
o1,tt,Tatar,Cyrl,alphabet,1.0,1.0,,direct,0.0
o1,twq,Tasawaq,Latn,alphabet,0.975,0.975,,direct,0.0
o1,tyv,Tuvinian,Cyrl,alphabet,1.0,1.0,,direct,0.0
o1,tzm,Central Atlas Tamazight,Latn,alphabet,0.9226,0.9226,,direct,0.0
o1,ug,Uyghur,Arab,abjad,1.0,1.0,,direct,0.0
o1,uk,Ukrainian,Cyrl,alphabet,0.9765,0.9765,,direct,0.0
o1,ur,Urdu,Arab,abjad,1.0,1.0,,direct,0.0
o1,uz,Uzbek,Latn,alphabet,1.0,1.0,,direct,0.0
o1,vai,Vai,Vaii,syllabary,0.2,0.2,,within_script_only,0.0
o1,ve,Venda,Latn,alphabet,1.0,1.0,,direct,0.0
o1,vec,Venetian,Latn,alphabet,1.0,1.0,,direct,0.0
o1,vi,Vietnamese,Latn,alphabet,0.991,0.991,,direct,0.0
o1,vmw,Makhuwa,Latn,alphabet,1.0,1.0,,direct,0.0
o1,vo,Volapük,Latn,alphabet,1.0,1.0,,direct,0.0
o1,vun,Vunjo,Latn,alphabet,1.0,1.0,,direct,0.0
o1,wa,Walloon,Latn,alphabet,1.0,1.0,,direct,0.0
o1,wae,Walser,Latn,alphabet,1.0,1.0,,direct,0.0
o1,wal,Wolaytta,Ethi,syllabary,0.2,0.2,,within_script_only,0.0
o1,wbp,Warlpiri,Latn,alphabet,1.0,1.0,,direct,0.0
o1,wo,Wolof,Latn,alphabet,1.0,1.0,,direct,0.0
o1,xh,Xhosa,Latn,alphabet,1.0,1.0,,direct,0.0
o1,xnr,Kangri,Deva,abugida,0.9758,0.9758,,direct,0.0
o1,xog,Soga,Latn,alphabet,1.0,1.0,,direct,0.0
o1,yav,Yangben,Latn,alphabet,0.966,0.966,,direct,0.0
o1,yi,Yiddish,Hebr,abjad,0.9765,0.9765,,direct,0.0
o1,yo,Yoruba,Latn,alphabet,0.94,0.94,,direct,0.0
o1,yrl,Nheengatu,Latn,alphabet,1.0,1.0,,direct,0.0
o1,yue,Cantonese,Hant,logographic,0.7014,0.7014,,within_script_only,0.0
o1,za,Zhuang,Latn,alphabet,1.0,1.0,,direct,0.0
o1,zgh,Standard Moroccan Tamazight,Tfng,alphabet,0.2,0.2,,direct,0.0
o1,zh,Chinese,Hans,logographic,0.8675,0.8675,,within_script_only,0.0
o1,zu,Zulu,Latn,alphabet,1.0,1.0,,direct,0.0
o200k_base,aa,Afar,Latn,alphabet,1.0,1.0,,direct,0.0
o200k_base,ab,Abkhazian,Cyrl,alphabet,1.0,1.0,,direct,0.0
o200k_base,af,Afrikaans,Latn,alphabet,1.0,1.0,,direct,0.0
o200k_base,agq,Aghem,Latn,alphabet,0.8923,0.8923,,direct,0.0
o200k_base,ak,Akan,Latn,alphabet,1.0,1.0,,direct,0.0
o200k_base,am,Amharic,Ethi,syllabary,0.2,0.2,,within_script_only,0.0
o200k_base,an,Aragonese,Latn,alphabet,1.0,1.0,,direct,0.0
o200k_base,ann,Obolo,Latn,alphabet,0.959,0.959,,direct,0.0
o200k_base,apc,apc,Arab,abjad,1.0,1.0,,direct,0.0
o200k_base,ar,Arabic,Arab,abjad,1.0,1.0,,direct,0.0
o200k_base,arn,Mapuche,Latn,alphabet,0.904,0.904,,direct,0.0
o200k_base,as,Assamese,Beng,abugida,0.9492,0.9492,,direct,0.0
o200k_base,asa,Asu,Latn,alphabet,1.0,1.0,,direct,0.0
o200k_base,ast,Asturian,Latn,alphabet,0.975,0.975,,direct,0.0
o200k_base,az,Azerbaijani,Latn,alphabet,1.0,1.0,,direct,0.0
o200k_base,ba,Bashkir,Cyrl,alphabet,1.0,1.0,,direct,0.0
o200k_base,bal,Baluchi,Arab,abjad,1.0,1.0,,direct,0.0
o200k_base,bas,Basaa,Latn,alphabet,0.9097,0.9097,,direct,0.0
o200k_base,be,Belarusian,Cyrl,alphabet,1.0,1.0,,direct,0.0
o200k_base,bem,Bemba,Latn,alphabet,1.0,1.0,,direct,0.0
o200k_base,bew,Betawi,Latn,alphabet,0.9724,0.9724,,direct,0.0
o200k_base,bez,Bena,Latn,alphabet,1.0,1.0,,direct,0.0
o200k_base,bg,Bulgarian,Cyrl,alphabet,1.0,1.0,,direct,0.0
o200k_base,bgc,Haryanvi,Deva,abugida,0.9948,0.9948,,direct,0.0
o200k_base,bgn,Western Balochi,Arab,abjad,1.0,1.0,,direct,0.0
o200k_base,bho,Bhojpuri,Deva,abugida,1.0,1.0,,direct,0.0
o200k_base,blo,Anii,Latn,alphabet,0.902,0.902,,direct,0.0
o200k_base,blt,Tai Dam,Tavt,abugida,0.2,0.2,,direct,0.0
o200k_base,bm,Bambara,Latn,alphabet,0.9704,0.9704,,direct,0.0
o200k_base,bn,Bangla,Beng,abugida,0.85,0.85,,direct,0.0
o200k_base,bo,Tibetan,Tibt,abugida,0.2092,0.2092,,direct,0.0
o200k_base,br,Breton,Latn,alphabet,1.0,1.0,,direct,0.0
o200k_base,brx,Bodo,Deva,abugida,0.9869,0.9869,,direct,0.0
o200k_base,bs,Bosnian,Latn,alphabet,1.0,1.0,,direct,0.0
o200k_base,bss,Akoose,Latn,alphabet,0.9231,0.9231,,direct,0.0
o200k_base,byn,Blin,Ethi,syllabary,0.2,0.2,,within_script_only,0.0
o200k_base,ca,Catalan,Latn,alphabet,1.0,1.0,,direct,0.0
o200k_base,cad,Caddo,Latn,alphabet,0.9467,0.9467,,direct,0.0
o200k_base,cch,Atsam,Latn,alphabet,0.9143,0.9143,,direct,0.0
o200k_base,ccp,Chakma,Cakm,abugida,0.2,0.2,,direct,0.0
o200k_base,ce,Chechen,Cyrl,alphabet,0.9765,0.9765,,direct,0.0
o200k_base,ceb,Cebuano,Latn,alphabet,1.0,1.0,,direct,0.0
o200k_base,cgg,Chiga,Latn,alphabet,1.0,1.0,,direct,0.0
o200k_base,cho,Choctaw,Latn,alphabet,0.9238,0.9238,,direct,0.0
o200k_base,chr,Cherokee,Cher,syllabary,0.2,0.2,,within_script_only,0.0
o200k_base,cic,Chickasaw,Latn,alphabet,0.9579,0.9579,,direct,0.0
o200k_base,ckb,Central Kurdish,Arab,abjad,0.9758,0.9758,,direct,0.0
o200k_base,co,Corsican,Latn,alphabet,1.0,1.0,,direct,0.0
o200k_base,cop,Coptic,Copt,alphabet,0.2,0.2,,direct,0.0
o200k_base,cs,Czech,Latn,alphabet,1.0,1.0,,direct,0.0
o200k_base,csw,Swampy Cree,Cans,syllabary,0.2,0.2,,within_script_only,0.0
o200k_base,cu,Church Slavic,Cyrl,alphabet,0.5778,0.5778,,direct,0.0
o200k_base,cv,Chuvash,Cyrl,alphabet,0.9351,0.9351,,direct,0.0
o200k_base,cy,Welsh,Latn,alphabet,0.951,0.951,,direct,0.0
o200k_base,da,Danish,Latn,alphabet,1.0,1.0,,direct,0.0
o200k_base,dav,Taita,Latn,alphabet,1.0,1.0,,direct,0.0
o200k_base,de,German,Latn,alphabet,1.0,1.0,,direct,0.0
o200k_base,dje,Zarma,Latn,alphabet,0.975,0.975,,direct,0.0
o200k_base,doi,Dogri,Deva,abugida,0.8929,0.8929,,direct,0.0
o200k_base,dsb,Lower Sorbian,Latn,alphabet,0.9784,0.9784,,direct,0.0
o200k_base,dua,Duala,Latn,alphabet,1.0,1.0,,direct,0.0
o200k_base,dv,Divehi,Thaa,abjad,0.2,0.2,,direct,0.0
o200k_base,dyo,Jola-Fonyi,Latn,alphabet,1.0,1.0,,direct,0.0
o200k_base,dz,Dzongkha,Tibt,abugida,0.2138,0.2138,,direct,0.0
o200k_base,ebu,Embu,Latn,alphabet,1.0,1.0,,direct,0.0
o200k_base,ee,Ewe,Latn,alphabet,0.95,0.95,,direct,0.0
o200k_base,el,Greek,Grek,alphabet,0.9778,0.9778,,direct,0.0
o200k_base,en,English,Latn,alphabet,1.0,1.0,,direct,0.0
o200k_base,eo,Esperanto,Latn,alphabet,0.9714,0.9714,,direct,0.0
o200k_base,es,Spanish,Latn,alphabet,1.0,1.0,,direct,0.0
o200k_base,et,Estonian,Latn,alphabet,1.0,1.0,,direct,0.0
o200k_base,eu,Basque,Latn,alphabet,1.0,1.0,,direct,0.0
o200k_base,ewo,Ewondo,Latn,alphabet,0.9385,0.9385,,direct,0.0
o200k_base,fa,Persian,Arab,abjad,1.0,1.0,,direct,0.0
o200k_base,ff,Fula,Latn,alphabet,0.9704,0.9704,,direct,0.0
o200k_base,fi,Finnish,Latn,alphabet,1.0,1.0,,direct,0.0
o200k_base,fil,Filipino,Latn,alphabet,1.0,1.0,,direct,0.0
o200k_base,fo,Faroese,Latn,alphabet,1.0,1.0,,direct,0.0
o200k_base,fr,French,Latn,alphabet,1.0,1.0,,direct,0.0
o200k_base,frr,Northern Frisian,Latn,alphabet,1.0,1.0,,direct,0.0
o200k_base,fur,Friulian,Latn,alphabet,1.0,1.0,,direct,0.0
o200k_base,fy,Western Frisian,Latn,alphabet,1.0,1.0,,direct,0.0
o200k_base,ga,Irish,Latn,alphabet,1.0,1.0,,direct,0.0
o200k_base,gaa,Ga,Latn,alphabet,1.0,1.0,,direct,0.0
o200k_base,gd,Scottish Gaelic,Latn,alphabet,1.0,1.0,,direct,0.0
o200k_base,gez,Geez,Ethi,syllabary,0.2,0.2,,within_script_only,0.0
o200k_base,gl,Galician,Latn,alphabet,1.0,1.0,,direct,0.0
o200k_base,gn,Guarani,Latn,alphabet,1.0,1.0,,direct,0.0
o200k_base,gsw,Swiss German,Latn,alphabet,1.0,1.0,,direct,0.0
o200k_base,gu,Gujarati,Gujr,abugida,0.8574,0.8574,,direct,0.0
o200k_base,guz,Gusii,Latn,alphabet,1.0,1.0,,direct,0.0
o200k_base,gv,Manx,Latn,alphabet,1.0,1.0,,direct,0.0
o200k_base,ha,Hausa,Latn,alphabet,0.9704,0.9704,,direct,0.0
o200k_base,haw,Hawaiian,Latn,alphabet,1.0,1.0,,direct,0.0
o200k_base,he,Hebrew,Hebr,abjad,1.0,1.0,,direct,0.0
o200k_base,hi,Hindi,Deva,abugida,0.9597,0.9597,,direct,0.0
o200k_base,hnj,Hmong Njua,Hmnp,alphabet,0.2,0.2,,direct,0.0
o200k_base,hr,Croatian,Latn,alphabet,1.0,1.0,,direct,0.0
o200k_base,hsb,Upper Sorbian,Latn,alphabet,1.0,1.0,,direct,0.0
o200k_base,ht,Haitian Creole,Latn,alphabet,1.0,1.0,,direct,0.0
o200k_base,hu,Hungarian,Latn,alphabet,1.0,1.0,,direct,0.0
o200k_base,hy,Armenian,Armn,alphabet,1.0,1.0,,direct,0.0
o200k_base,ia,Interlingua,Latn,alphabet,1.0,1.0,,direct,0.0
o200k_base,id,Indonesian,Latn,alphabet,1.0,1.0,,direct,0.0
o200k_base,ie,Interlingue,Latn,alphabet,1.0,1.0,,direct,0.0
o200k_base,ig,Igbo,Latn,alphabet,1.0,1.0,,direct,0.0
o200k_base,ii,Sichuan Yi,Yiii,syllabary,0.2,0.2,,within_script_only,0.0
o200k_base,io,Ido,Latn,alphabet,1.0,1.0,,direct,0.0
o200k_base,is,Icelandic,Latn,alphabet,1.0,1.0,,direct,0.0
o200k_base,it,Italian,Latn,alphabet,1.0,1.0,,direct,0.0
o200k_base,iu,Inuktitut,Cans,syllabary,0.2,0.2,,within_script_only,0.0
o200k_base,ja,Japanese,Jpan,mixed_logographic,0.7457,0.7457,,within_script_only,0.0
o200k_base,jbo,Lojban,Latn,alphabet,1.0,1.0,,direct,0.0
o200k_base,jgo,Ngomba,Latn,alphabet,0.8578,0.8578,,direct,0.0
o200k_base,jmc,Machame,Latn,alphabet,1.0,1.0,,direct,0.0
o200k_base,jv,Javanese,Latn,alphabet,1.0,1.0,,direct,0.0
o200k_base,ka,Georgian,Geor,alphabet,1.0,1.0,,direct,0.0
o200k_base,kaa,Kara-Kalpak,Cyrl,alphabet,1.0,1.0,,direct,0.0
o200k_base,kab,Kabyle,Latn,alphabet,0.9059,0.9059,,direct,0.0
o200k_base,kaj,Jju,Latn,alphabet,1.0,1.0,,direct,0.0
o200k_base,kam,Kamba,Latn,alphabet,1.0,1.0,,direct,0.0
o200k_base,kcg,Tyap,Latn,alphabet,0.968,0.968,,direct,0.0
o200k_base,kde,Makonde,Latn,alphabet,1.0,1.0,,direct,0.0
o200k_base,kea,Kabuverdianu,Latn,alphabet,1.0,1.0,,direct,0.0
o200k_base,ken,Kenyang,Latn,alphabet,0.922,0.922,,direct,0.0
o200k_base,kgp,Kaingang,Latn,alphabet,1.0,1.0,,direct,0.0
o200k_base,khq,Koyra Chiini,Latn,alphabet,0.975,0.975,,direct,0.0
o200k_base,ki,Kikuyu,Latn,alphabet,1.0,1.0,,direct,0.0
o200k_base,kk,Kazakh,Cyrl,alphabet,1.0,1.0,,direct,0.0
o200k_base,kkj,Kako,Latn,alphabet,1.0,1.0,,direct,0.0
o200k_base,kl,Kalaallisut,Latn,alphabet,1.0,1.0,,direct,0.0
o200k_base,kln,Kalenjin,Latn,alphabet,1.0,1.0,,direct,0.0
o200k_base,km,Khmer,Khmr,abugida,0.7875,0.7875,,direct,0.0
o200k_base,kn,Kannada,Knda,abugida,0.8479,0.8479,,direct,0.0
o200k_base,ko,Korean,Kore,featural_syllabary,0.2496,0.2496,0.2,within_script_only,0.0
o200k_base,kok,Konkani,Deva,abugida,0.9649,0.9649,,direct,0.0
o200k_base,kpe,Kpelle,Latn,alphabet,0.9448,0.9448,,direct,0.0
o200k_base,ks,Kashmiri,Arab,abjad,0.9478,0.9478,,direct,0.0
o200k_base,ksb,Shambala,Latn,alphabet,1.0,1.0,,direct,0.0
o200k_base,ksf,Bafia,Latn,alphabet,0.9765,0.9765,,direct,0.0
o200k_base,ksh,Colognian,Latn,alphabet,1.0,1.0,,direct,0.0
o200k_base,ku,Kurdish,Latn,alphabet,1.0,1.0,,direct,0.0
o200k_base,kw,Cornish,Latn,alphabet,1.0,1.0,,direct,0.0
o200k_base,kxv,Kuvi,Latn,alphabet,0.9515,0.9515,,direct,0.0
o200k_base,ky,Kyrgyz,Cyrl,alphabet,1.0,1.0,,direct,0.0
o200k_base,la,Latin,Latn,alphabet,1.0,1.0,,direct,0.0
o200k_base,lag,Langi,Latn,alphabet,0.9515,0.9515,,direct,0.0
o200k_base,lb,Luxembourgish,Latn,alphabet,1.0,1.0,,direct,0.0
o200k_base,lg,Ganda,Latn,alphabet,1.0,1.0,,direct,0.0
o200k_base,lij,Ligurian,Latn,alphabet,1.0,1.0,,direct,0.0
o200k_base,lkt,Lakota,Latn,alphabet,0.9467,0.9467,,direct,0.0
o200k_base,lld,lld,Latn,alphabet,1.0,1.0,,direct,0.0
o200k_base,lmo,Lombard,Latn,alphabet,1.0,1.0,,direct,0.0
o200k_base,ln,Lingala,Latn,alphabet,0.961,0.961,,direct,0.0
o200k_base,lo,Lao,Laoo,abugida,0.2291,0.2291,,direct,0.0
o200k_base,lrc,Northern Luri,Arab,abjad,0.8884,0.8884,,direct,0.0
o200k_base,lt,Lithuanian,Latn,alphabet,1.0,1.0,,direct,0.0
o200k_base,ltg,Latgalian,Latn,alphabet,1.0,1.0,,direct,0.0
o200k_base,lu,Luba-Katanga,Latn,alphabet,1.0,1.0,,direct,0.0
o200k_base,luo,Luo,Latn,alphabet,1.0,1.0,,direct,0.0
o200k_base,luy,Luyia,Latn,alphabet,1.0,1.0,,direct,0.0
o200k_base,lv,Latvian,Latn,alphabet,1.0,1.0,,direct,0.0
o200k_base,mai,Maithili,Deva,abugida,1.0,1.0,,direct,0.0
o200k_base,mas,Masai,Latn,alphabet,0.966,0.966,,direct,0.0
o200k_base,mdf,Moksha,Cyrl,alphabet,1.0,1.0,,direct,0.0
o200k_base,mer,Meru,Latn,alphabet,1.0,1.0,,direct,0.0
o200k_base,mfe,Morisyen,Latn,alphabet,1.0,1.0,,direct,0.0
o200k_base,mg,Malagasy,Latn,alphabet,1.0,1.0,,direct,0.0
o200k_base,mgh,Makhuwa-Meetto,Latn,alphabet,1.0,1.0,,direct,0.0
o200k_base,mgo,Metaʼ,Latn,alphabet,1.0,1.0,,direct,0.0
o200k_base,mhn,mhn,Latn,alphabet,1.0,1.0,,direct,0.0
o200k_base,mi,Māori,Latn,alphabet,1.0,1.0,,direct,0.0
o200k_base,mic,Mi'kmaw,Latn,alphabet,0.9636,0.9636,,direct,0.0
o200k_base,mk,Macedonian,Cyrl,alphabet,1.0,1.0,,direct,0.0
o200k_base,ml,Malayalam,Mlym,abugida,0.8941,0.8941,,direct,0.0
o200k_base,mn,Mongolian,Cyrl,alphabet,1.0,1.0,,direct,0.0
o200k_base,mni,Manipuri,Beng,abugida,0.9492,0.9492,,direct,0.0
o200k_base,moh,Mohawk,Latn,alphabet,1.0,1.0,,direct,0.0
o200k_base,mr,Marathi,Deva,abugida,0.9703,0.9703,,direct,0.0
o200k_base,ms,Malay,Latn,alphabet,1.0,1.0,,direct,0.0
o200k_base,mt,Maltese,Latn,alphabet,1.0,1.0,,direct,0.0
o200k_base,mua,Mundang,Latn,alphabet,0.9515,0.9515,,direct,0.0
o200k_base,mus,Muscogee,Latn,alphabet,1.0,1.0,,direct,0.0
o200k_base,my,Burmese,Mymr,abugida,0.7867,0.7867,,direct,0.0
o200k_base,myv,Erzya,Cyrl,alphabet,1.0,1.0,,direct,0.0
o200k_base,mzn,Mazanderani,Arab,abjad,1.0,1.0,,direct,0.0
o200k_base,naq,Nama,Latn,alphabet,0.8968,0.8968,,direct,0.0
o200k_base,nd,North Ndebele,Latn,alphabet,1.0,1.0,,direct,0.0
o200k_base,nds,Low German,Latn,alphabet,1.0,1.0,,direct,0.0
o200k_base,ne,Nepali,Deva,abugida,0.9597,0.9597,,direct,0.0
o200k_base,nl,Dutch,Latn,alphabet,1.0,1.0,,direct,0.0
o200k_base,nmg,Kwasio,Latn,alphabet,0.9158,0.9158,,direct,0.0
o200k_base,nnh,Ngiemboon,Latn,alphabet,0.9259,0.9259,,direct,0.0
o200k_base,no,Norwegian,Latn,alphabet,1.0,1.0,,direct,0.0
o200k_base,nqo,N’Ko,Nkoo,alphabet,0.2,0.2,,direct,0.0
o200k_base,nr,South Ndebele,Latn,alphabet,1.0,1.0,,direct,0.0
o200k_base,nso,Northern Sotho,Latn,alphabet,1.0,1.0,,direct,0.0
o200k_base,nus,Nuer,Latn,alphabet,0.9556,0.9556,,direct,0.0
o200k_base,nv,Navajo,Latn,alphabet,0.9742,0.9742,,direct,0.0
o200k_base,ny,Nyanja,Latn,alphabet,1.0,1.0,,direct,0.0
o200k_base,nyn,Nyankole,Latn,alphabet,1.0,1.0,,direct,0.0
o200k_base,oc,Occitan,Latn,alphabet,1.0,1.0,,direct,0.0
o200k_base,om,Oromo,Latn,alphabet,1.0,1.0,,direct,0.0
o200k_base,or,Odia,Orya,abugida,0.6516,0.6516,,direct,0.0
o200k_base,os,Ossetic,Cyrl,alphabet,0.9765,0.9765,,direct,0.0
o200k_base,osa,Osage,Osge,alphabet,0.22,0.22,,direct,0.0
o200k_base,pa,Punjabi,Guru,abugida,0.8074,0.8074,,direct,0.0
o200k_base,pap,Papiamento,Latn,alphabet,1.0,1.0,,direct,0.0
o200k_base,pcm,Nigerian Pidgin,Latn,alphabet,1.0,1.0,,direct,0.0
o200k_base,pis,Pijin,Latn,alphabet,1.0,1.0,,direct,0.0
o200k_base,pl,Polish,Latn,alphabet,1.0,1.0,,direct,0.0
o200k_base,prg,Prussian,Latn,alphabet,0.959,0.959,,direct,0.0
o200k_base,ps,Pashto,Arab,abjad,1.0,1.0,,direct,0.0
o200k_base,pt,Portuguese,Latn,alphabet,1.0,1.0,,direct,0.0
o200k_base,qu,Quechua,Latn,alphabet,1.0,1.0,,direct,0.0
o200k_base,quc,Kʼicheʼ,Latn,alphabet,1.0,1.0,,direct,0.0
o200k_base,raj,Rajasthani,Deva,abugida,1.0,1.0,,direct,0.0
o200k_base,rhg,Rohingya,Rohg,abjad,0.2,0.2,,direct,0.0
o200k_base,rif,Riffian,Latn,alphabet,0.9226,0.9226,,direct,0.0
o200k_base,rm,Romansh,Latn,alphabet,1.0,1.0,,direct,0.0
o200k_base,rn,Rundi,Latn,alphabet,1.0,1.0,,direct,0.0
o200k_base,ro,Romanian,Latn,alphabet,1.0,1.0,,direct,0.0
o200k_base,rof,Rombo,Latn,alphabet,1.0,1.0,,direct,0.0
o200k_base,ru,Russian,Cyrl,alphabet,1.0,1.0,,direct,0.0
o200k_base,rw,Kinyarwanda,Latn,alphabet,1.0,1.0,,direct,0.0
o200k_base,rwk,Rwa,Latn,alphabet,1.0,1.0,,direct,0.0
o200k_base,sa,Sanskrit,Deva,abugida,0.8929,0.8929,,direct,0.0
o200k_base,sah,Yakut,Cyrl,alphabet,0.9385,0.9385,,direct,0.0
o200k_base,saq,Samburu,Latn,alphabet,1.0,1.0,,direct,0.0
o200k_base,sat,Santali,Olck,alphabet,0.2,0.2,,direct,0.0
o200k_base,sbp,Sangu,Latn,alphabet,1.0,1.0,,direct,0.0
o200k_base,sc,Sardinian,Latn,alphabet,1.0,1.0,,direct,0.0
o200k_base,scn,Sicilian,Latn,alphabet,0.9758,0.9758,,direct,0.0
o200k_base,sd,Sindhi,Arab,abjad,0.9692,0.9692,,direct,0.0
o200k_base,sdh,Southern Kurdish,Arab,abjad,0.9529,0.9529,,direct,0.0
o200k_base,se,Northern Sami,Latn,alphabet,0.9724,0.9724,,direct,0.0
o200k_base,seh,Sena,Latn,alphabet,1.0,1.0,,direct,0.0
o200k_base,ses,Koyraboro Senni,Latn,alphabet,0.975,0.975,,direct,0.0
o200k_base,sg,Sango,Latn,alphabet,1.0,1.0,,direct,0.0
o200k_base,shi,Tachelhit,Tfng,alphabet,0.2,0.2,,direct,0.0
o200k_base,shn,Shan,Mymr,abugida,0.6348,0.6348,,direct,0.0
o200k_base,si,Sinhala,Sinh,abugida,0.7203,0.7203,,direct,0.0
o200k_base,sid,Sidamo,Latn,alphabet,1.0,1.0,,direct,0.0
o200k_base,sk,Slovak,Latn,alphabet,0.9814,0.9814,,direct,0.0
o200k_base,skr,skr,Arab,abjad,0.9673,0.9673,,direct,0.0
o200k_base,sl,Slovenian,Latn,alphabet,1.0,1.0,,direct,0.0
o200k_base,sma,Southern Sami,Latn,alphabet,1.0,1.0,,direct,0.0
o200k_base,smj,Lule Sami,Latn,alphabet,1.0,1.0,,direct,0.0
o200k_base,smn,Inari Sami,Latn,alphabet,1.0,1.0,,direct,0.0
o200k_base,sms,Skolt Sami,Latn,alphabet,0.8889,0.8889,,direct,0.0
o200k_base,sn,Shona,Latn,alphabet,1.0,1.0,,direct,0.0
o200k_base,so,Somali,Latn,alphabet,1.0,1.0,,direct,0.0
o200k_base,sq,Albanian,Latn,alphabet,1.0,1.0,,direct,0.0
o200k_base,sr,Serbian,Cyrl,alphabet,1.0,1.0,,direct,0.0
o200k_base,ss,Swati,Latn,alphabet,1.0,1.0,,direct,0.0
o200k_base,ssy,Saho,Latn,alphabet,1.0,1.0,,direct,0.0
o200k_base,st,Southern Sotho,Latn,alphabet,1.0,1.0,,direct,0.0
o200k_base,su,Sundanese,Latn,alphabet,1.0,1.0,,direct,0.0
o200k_base,sv,Swedish,Latn,alphabet,1.0,1.0,,direct,0.0
o200k_base,sw,Swahili,Latn,alphabet,1.0,1.0,,direct,0.0
o200k_base,syr,Syriac,Syrc,abjad,0.2,0.2,,direct,0.0
o200k_base,szl,Silesian,Latn,alphabet,0.9765,0.9765,,direct,0.0
o200k_base,ta,Tamil,Taml,abugida,0.917,0.917,,direct,0.0
o200k_base,te,Telugu,Telu,abugida,0.81,0.81,,direct,0.0
o200k_base,teo,Teso,Latn,alphabet,1.0,1.0,,direct,0.0
o200k_base,tg,Tajik,Cyrl,alphabet,1.0,1.0,,direct,0.0
o200k_base,th,Thai,Thai,abugida,0.9192,0.9192,,direct,0.0
o200k_base,ti,Tigrinya,Ethi,syllabary,0.2,0.2,,within_script_only,0.0
o200k_base,tig,Tigre,Ethi,syllabary,0.2,0.2,,within_script_only,0.0
o200k_base,tk,Turkmen,Latn,alphabet,1.0,1.0,,direct,0.0
o200k_base,tn,Tswana,Latn,alphabet,1.0,1.0,,direct,0.0
o200k_base,to,Tongan,Latn,alphabet,1.0,1.0,,direct,0.0
o200k_base,tok,Toki Pona,Latn,alphabet,1.0,1.0,,direct,0.0
o200k_base,tpi,Tok Pisin,Latn,alphabet,1.0,1.0,,direct,0.0
o200k_base,tr,Turkish,Latn,alphabet,1.0,1.0,,direct,0.0
o200k_base,trv,Taroko,Latn,alphabet,1.0,1.0,,direct,0.0
o200k_base,trw,Torwali,Arab,abjad,0.95,0.95,,direct,0.0
o200k_base,ts,Tsonga,Latn,alphabet,1.0,1.0,,direct,0.0
o200k_base,tt,Tatar,Cyrl,alphabet,1.0,1.0,,direct,0.0
o200k_base,twq,Tasawaq,Latn,alphabet,0.975,0.975,,direct,0.0
o200k_base,tyv,Tuvinian,Cyrl,alphabet,1.0,1.0,,direct,0.0
o200k_base,tzm,Central Atlas Tamazight,Latn,alphabet,0.9226,0.9226,,direct,0.0
o200k_base,ug,Uyghur,Arab,abjad,1.0,1.0,,direct,0.0
o200k_base,uk,Ukrainian,Cyrl,alphabet,0.9765,0.9765,,direct,0.0
o200k_base,ur,Urdu,Arab,abjad,1.0,1.0,,direct,0.0
o200k_base,uz,Uzbek,Latn,alphabet,1.0,1.0,,direct,0.0
o200k_base,vai,Vai,Vaii,syllabary,0.2,0.2,,within_script_only,0.0
o200k_base,ve,Venda,Latn,alphabet,1.0,1.0,,direct,0.0
o200k_base,vec,Venetian,Latn,alphabet,1.0,1.0,,direct,0.0
o200k_base,vi,Vietnamese,Latn,alphabet,0.991,0.991,,direct,0.0
o200k_base,vmw,Makhuwa,Latn,alphabet,1.0,1.0,,direct,0.0
o200k_base,vo,Volapük,Latn,alphabet,1.0,1.0,,direct,0.0
o200k_base,vun,Vunjo,Latn,alphabet,1.0,1.0,,direct,0.0
o200k_base,wa,Walloon,Latn,alphabet,1.0,1.0,,direct,0.0
o200k_base,wae,Walser,Latn,alphabet,1.0,1.0,,direct,0.0
o200k_base,wal,Wolaytta,Ethi,syllabary,0.2,0.2,,within_script_only,0.0
o200k_base,wbp,Warlpiri,Latn,alphabet,1.0,1.0,,direct,0.0
o200k_base,wo,Wolof,Latn,alphabet,1.0,1.0,,direct,0.0
o200k_base,xh,Xhosa,Latn,alphabet,1.0,1.0,,direct,0.0
o200k_base,xnr,Kangri,Deva,abugida,0.9758,0.9758,,direct,0.0
o200k_base,xog,Soga,Latn,alphabet,1.0,1.0,,direct,0.0
o200k_base,yav,Yangben,Latn,alphabet,0.966,0.966,,direct,0.0
o200k_base,yi,Yiddish,Hebr,abjad,0.9765,0.9765,,direct,0.0
o200k_base,yo,Yoruba,Latn,alphabet,0.94,0.94,,direct,0.0
o200k_base,yrl,Nheengatu,Latn,alphabet,1.0,1.0,,direct,0.0
o200k_base,yue,Cantonese,Hant,logographic,0.7014,0.7014,,within_script_only,0.0
o200k_base,za,Zhuang,Latn,alphabet,1.0,1.0,,direct,0.0
o200k_base,zgh,Standard Moroccan Tamazight,Tfng,alphabet,0.2,0.2,,direct,0.0
o200k_base,zh,Chinese,Hans,logographic,0.8675,0.8675,,within_script_only,0.0
o200k_base,zu,Zulu,Latn,alphabet,1.0,1.0,,direct,0.0
o3,aa,Afar,Latn,alphabet,1.0,1.0,,direct,0.0
o3,ab,Abkhazian,Cyrl,alphabet,1.0,1.0,,direct,0.0
o3,af,Afrikaans,Latn,alphabet,1.0,1.0,,direct,0.0
o3,agq,Aghem,Latn,alphabet,0.8923,0.8923,,direct,0.0
o3,ak,Akan,Latn,alphabet,1.0,1.0,,direct,0.0
o3,am,Amharic,Ethi,syllabary,0.2,0.2,,within_script_only,0.0
o3,an,Aragonese,Latn,alphabet,1.0,1.0,,direct,0.0
o3,ann,Obolo,Latn,alphabet,0.959,0.959,,direct,0.0
o3,apc,apc,Arab,abjad,1.0,1.0,,direct,0.0
o3,ar,Arabic,Arab,abjad,1.0,1.0,,direct,0.0
o3,arn,Mapuche,Latn,alphabet,0.904,0.904,,direct,0.0
o3,as,Assamese,Beng,abugida,0.9492,0.9492,,direct,0.0
o3,asa,Asu,Latn,alphabet,1.0,1.0,,direct,0.0
o3,ast,Asturian,Latn,alphabet,0.975,0.975,,direct,0.0
o3,az,Azerbaijani,Latn,alphabet,1.0,1.0,,direct,0.0
o3,ba,Bashkir,Cyrl,alphabet,1.0,1.0,,direct,0.0
o3,bal,Baluchi,Arab,abjad,1.0,1.0,,direct,0.0
o3,bas,Basaa,Latn,alphabet,0.9097,0.9097,,direct,0.0
o3,be,Belarusian,Cyrl,alphabet,1.0,1.0,,direct,0.0
o3,bem,Bemba,Latn,alphabet,1.0,1.0,,direct,0.0
o3,bew,Betawi,Latn,alphabet,0.9724,0.9724,,direct,0.0
o3,bez,Bena,Latn,alphabet,1.0,1.0,,direct,0.0
o3,bg,Bulgarian,Cyrl,alphabet,1.0,1.0,,direct,0.0
o3,bgc,Haryanvi,Deva,abugida,0.9948,0.9948,,direct,0.0
o3,bgn,Western Balochi,Arab,abjad,1.0,1.0,,direct,0.0
o3,bho,Bhojpuri,Deva,abugida,1.0,1.0,,direct,0.0
o3,blo,Anii,Latn,alphabet,0.902,0.902,,direct,0.0
o3,blt,Tai Dam,Tavt,abugida,0.2,0.2,,direct,0.0
o3,bm,Bambara,Latn,alphabet,0.9704,0.9704,,direct,0.0
o3,bn,Bangla,Beng,abugida,0.85,0.85,,direct,0.0
o3,bo,Tibetan,Tibt,abugida,0.2092,0.2092,,direct,0.0
o3,br,Breton,Latn,alphabet,1.0,1.0,,direct,0.0
o3,brx,Bodo,Deva,abugida,0.9869,0.9869,,direct,0.0
o3,bs,Bosnian,Latn,alphabet,1.0,1.0,,direct,0.0
o3,bss,Akoose,Latn,alphabet,0.9231,0.9231,,direct,0.0
o3,byn,Blin,Ethi,syllabary,0.2,0.2,,within_script_only,0.0
o3,ca,Catalan,Latn,alphabet,1.0,1.0,,direct,0.0
o3,cad,Caddo,Latn,alphabet,0.9467,0.9467,,direct,0.0
o3,cch,Atsam,Latn,alphabet,0.9143,0.9143,,direct,0.0
o3,ccp,Chakma,Cakm,abugida,0.2,0.2,,direct,0.0
o3,ce,Chechen,Cyrl,alphabet,0.9765,0.9765,,direct,0.0
o3,ceb,Cebuano,Latn,alphabet,1.0,1.0,,direct,0.0
o3,cgg,Chiga,Latn,alphabet,1.0,1.0,,direct,0.0
o3,cho,Choctaw,Latn,alphabet,0.9238,0.9238,,direct,0.0
o3,chr,Cherokee,Cher,syllabary,0.2,0.2,,within_script_only,0.0
o3,cic,Chickasaw,Latn,alphabet,0.9579,0.9579,,direct,0.0
o3,ckb,Central Kurdish,Arab,abjad,0.9758,0.9758,,direct,0.0
o3,co,Corsican,Latn,alphabet,1.0,1.0,,direct,0.0
o3,cop,Coptic,Copt,alphabet,0.2,0.2,,direct,0.0
o3,cs,Czech,Latn,alphabet,1.0,1.0,,direct,0.0
o3,csw,Swampy Cree,Cans,syllabary,0.2,0.2,,within_script_only,0.0
o3,cu,Church Slavic,Cyrl,alphabet,0.5778,0.5778,,direct,0.0
o3,cv,Chuvash,Cyrl,alphabet,0.9351,0.9351,,direct,0.0
o3,cy,Welsh,Latn,alphabet,0.951,0.951,,direct,0.0
o3,da,Danish,Latn,alphabet,1.0,1.0,,direct,0.0
o3,dav,Taita,Latn,alphabet,1.0,1.0,,direct,0.0
o3,de,German,Latn,alphabet,1.0,1.0,,direct,0.0
o3,dje,Zarma,Latn,alphabet,0.975,0.975,,direct,0.0
o3,doi,Dogri,Deva,abugida,0.8929,0.8929,,direct,0.0
o3,dsb,Lower Sorbian,Latn,alphabet,0.9784,0.9784,,direct,0.0
o3,dua,Duala,Latn,alphabet,1.0,1.0,,direct,0.0
o3,dv,Divehi,Thaa,abjad,0.2,0.2,,direct,0.0
o3,dyo,Jola-Fonyi,Latn,alphabet,1.0,1.0,,direct,0.0
o3,dz,Dzongkha,Tibt,abugida,0.2138,0.2138,,direct,0.0
o3,ebu,Embu,Latn,alphabet,1.0,1.0,,direct,0.0
o3,ee,Ewe,Latn,alphabet,0.95,0.95,,direct,0.0
o3,el,Greek,Grek,alphabet,0.9778,0.9778,,direct,0.0
o3,en,English,Latn,alphabet,1.0,1.0,,direct,0.0
o3,eo,Esperanto,Latn,alphabet,0.9714,0.9714,,direct,0.0
o3,es,Spanish,Latn,alphabet,1.0,1.0,,direct,0.0
o3,et,Estonian,Latn,alphabet,1.0,1.0,,direct,0.0
o3,eu,Basque,Latn,alphabet,1.0,1.0,,direct,0.0
o3,ewo,Ewondo,Latn,alphabet,0.9385,0.9385,,direct,0.0
o3,fa,Persian,Arab,abjad,1.0,1.0,,direct,0.0
o3,ff,Fula,Latn,alphabet,0.9704,0.9704,,direct,0.0
o3,fi,Finnish,Latn,alphabet,1.0,1.0,,direct,0.0
o3,fil,Filipino,Latn,alphabet,1.0,1.0,,direct,0.0
o3,fo,Faroese,Latn,alphabet,1.0,1.0,,direct,0.0
o3,fr,French,Latn,alphabet,1.0,1.0,,direct,0.0
o3,frr,Northern Frisian,Latn,alphabet,1.0,1.0,,direct,0.0
o3,fur,Friulian,Latn,alphabet,1.0,1.0,,direct,0.0
o3,fy,Western Frisian,Latn,alphabet,1.0,1.0,,direct,0.0
o3,ga,Irish,Latn,alphabet,1.0,1.0,,direct,0.0
o3,gaa,Ga,Latn,alphabet,1.0,1.0,,direct,0.0
o3,gd,Scottish Gaelic,Latn,alphabet,1.0,1.0,,direct,0.0
o3,gez,Geez,Ethi,syllabary,0.2,0.2,,within_script_only,0.0
o3,gl,Galician,Latn,alphabet,1.0,1.0,,direct,0.0
o3,gn,Guarani,Latn,alphabet,1.0,1.0,,direct,0.0
o3,gsw,Swiss German,Latn,alphabet,1.0,1.0,,direct,0.0
o3,gu,Gujarati,Gujr,abugida,0.8574,0.8574,,direct,0.0
o3,guz,Gusii,Latn,alphabet,1.0,1.0,,direct,0.0
o3,gv,Manx,Latn,alphabet,1.0,1.0,,direct,0.0
o3,ha,Hausa,Latn,alphabet,0.9704,0.9704,,direct,0.0
o3,haw,Hawaiian,Latn,alphabet,1.0,1.0,,direct,0.0
o3,he,Hebrew,Hebr,abjad,1.0,1.0,,direct,0.0
o3,hi,Hindi,Deva,abugida,0.9597,0.9597,,direct,0.0
o3,hnj,Hmong Njua,Hmnp,alphabet,0.2,0.2,,direct,0.0
o3,hr,Croatian,Latn,alphabet,1.0,1.0,,direct,0.0
o3,hsb,Upper Sorbian,Latn,alphabet,1.0,1.0,,direct,0.0
o3,ht,Haitian Creole,Latn,alphabet,1.0,1.0,,direct,0.0
o3,hu,Hungarian,Latn,alphabet,1.0,1.0,,direct,0.0
o3,hy,Armenian,Armn,alphabet,1.0,1.0,,direct,0.0
o3,ia,Interlingua,Latn,alphabet,1.0,1.0,,direct,0.0
o3,id,Indonesian,Latn,alphabet,1.0,1.0,,direct,0.0
o3,ie,Interlingue,Latn,alphabet,1.0,1.0,,direct,0.0
o3,ig,Igbo,Latn,alphabet,1.0,1.0,,direct,0.0
o3,ii,Sichuan Yi,Yiii,syllabary,0.2,0.2,,within_script_only,0.0
o3,io,Ido,Latn,alphabet,1.0,1.0,,direct,0.0
o3,is,Icelandic,Latn,alphabet,1.0,1.0,,direct,0.0
o3,it,Italian,Latn,alphabet,1.0,1.0,,direct,0.0
o3,iu,Inuktitut,Cans,syllabary,0.2,0.2,,within_script_only,0.0
o3,ja,Japanese,Jpan,mixed_logographic,0.7457,0.7457,,within_script_only,0.0
o3,jbo,Lojban,Latn,alphabet,1.0,1.0,,direct,0.0
o3,jgo,Ngomba,Latn,alphabet,0.8578,0.8578,,direct,0.0
o3,jmc,Machame,Latn,alphabet,1.0,1.0,,direct,0.0
o3,jv,Javanese,Latn,alphabet,1.0,1.0,,direct,0.0
o3,ka,Georgian,Geor,alphabet,1.0,1.0,,direct,0.0
o3,kaa,Kara-Kalpak,Cyrl,alphabet,1.0,1.0,,direct,0.0
o3,kab,Kabyle,Latn,alphabet,0.9059,0.9059,,direct,0.0
o3,kaj,Jju,Latn,alphabet,1.0,1.0,,direct,0.0
o3,kam,Kamba,Latn,alphabet,1.0,1.0,,direct,0.0
o3,kcg,Tyap,Latn,alphabet,0.968,0.968,,direct,0.0
o3,kde,Makonde,Latn,alphabet,1.0,1.0,,direct,0.0
o3,kea,Kabuverdianu,Latn,alphabet,1.0,1.0,,direct,0.0
o3,ken,Kenyang,Latn,alphabet,0.922,0.922,,direct,0.0
o3,kgp,Kaingang,Latn,alphabet,1.0,1.0,,direct,0.0
o3,khq,Koyra Chiini,Latn,alphabet,0.975,0.975,,direct,0.0
o3,ki,Kikuyu,Latn,alphabet,1.0,1.0,,direct,0.0
o3,kk,Kazakh,Cyrl,alphabet,1.0,1.0,,direct,0.0
o3,kkj,Kako,Latn,alphabet,1.0,1.0,,direct,0.0
o3,kl,Kalaallisut,Latn,alphabet,1.0,1.0,,direct,0.0
o3,kln,Kalenjin,Latn,alphabet,1.0,1.0,,direct,0.0
o3,km,Khmer,Khmr,abugida,0.7875,0.7875,,direct,0.0
o3,kn,Kannada,Knda,abugida,0.8479,0.8479,,direct,0.0
o3,ko,Korean,Kore,featural_syllabary,0.2496,0.2496,0.2,within_script_only,0.0
o3,kok,Konkani,Deva,abugida,0.9649,0.9649,,direct,0.0
o3,kpe,Kpelle,Latn,alphabet,0.9448,0.9448,,direct,0.0
o3,ks,Kashmiri,Arab,abjad,0.9478,0.9478,,direct,0.0
o3,ksb,Shambala,Latn,alphabet,1.0,1.0,,direct,0.0
o3,ksf,Bafia,Latn,alphabet,0.9765,0.9765,,direct,0.0
o3,ksh,Colognian,Latn,alphabet,1.0,1.0,,direct,0.0
o3,ku,Kurdish,Latn,alphabet,1.0,1.0,,direct,0.0
o3,kw,Cornish,Latn,alphabet,1.0,1.0,,direct,0.0
o3,kxv,Kuvi,Latn,alphabet,0.9515,0.9515,,direct,0.0
o3,ky,Kyrgyz,Cyrl,alphabet,1.0,1.0,,direct,0.0
o3,la,Latin,Latn,alphabet,1.0,1.0,,direct,0.0
o3,lag,Langi,Latn,alphabet,0.9515,0.9515,,direct,0.0
o3,lb,Luxembourgish,Latn,alphabet,1.0,1.0,,direct,0.0
o3,lg,Ganda,Latn,alphabet,1.0,1.0,,direct,0.0
o3,lij,Ligurian,Latn,alphabet,1.0,1.0,,direct,0.0
o3,lkt,Lakota,Latn,alphabet,0.9467,0.9467,,direct,0.0
o3,lld,lld,Latn,alphabet,1.0,1.0,,direct,0.0
o3,lmo,Lombard,Latn,alphabet,1.0,1.0,,direct,0.0
o3,ln,Lingala,Latn,alphabet,0.961,0.961,,direct,0.0
o3,lo,Lao,Laoo,abugida,0.2291,0.2291,,direct,0.0
o3,lrc,Northern Luri,Arab,abjad,0.8884,0.8884,,direct,0.0
o3,lt,Lithuanian,Latn,alphabet,1.0,1.0,,direct,0.0
o3,ltg,Latgalian,Latn,alphabet,1.0,1.0,,direct,0.0
o3,lu,Luba-Katanga,Latn,alphabet,1.0,1.0,,direct,0.0
o3,luo,Luo,Latn,alphabet,1.0,1.0,,direct,0.0
o3,luy,Luyia,Latn,alphabet,1.0,1.0,,direct,0.0
o3,lv,Latvian,Latn,alphabet,1.0,1.0,,direct,0.0
o3,mai,Maithili,Deva,abugida,1.0,1.0,,direct,0.0
o3,mas,Masai,Latn,alphabet,0.966,0.966,,direct,0.0
o3,mdf,Moksha,Cyrl,alphabet,1.0,1.0,,direct,0.0
o3,mer,Meru,Latn,alphabet,1.0,1.0,,direct,0.0
o3,mfe,Morisyen,Latn,alphabet,1.0,1.0,,direct,0.0
o3,mg,Malagasy,Latn,alphabet,1.0,1.0,,direct,0.0
o3,mgh,Makhuwa-Meetto,Latn,alphabet,1.0,1.0,,direct,0.0
o3,mgo,Metaʼ,Latn,alphabet,1.0,1.0,,direct,0.0
o3,mhn,mhn,Latn,alphabet,1.0,1.0,,direct,0.0
o3,mi,Māori,Latn,alphabet,1.0,1.0,,direct,0.0
o3,mic,Mi'kmaw,Latn,alphabet,0.9636,0.9636,,direct,0.0
o3,mk,Macedonian,Cyrl,alphabet,1.0,1.0,,direct,0.0
o3,ml,Malayalam,Mlym,abugida,0.8941,0.8941,,direct,0.0
o3,mn,Mongolian,Cyrl,alphabet,1.0,1.0,,direct,0.0
o3,mni,Manipuri,Beng,abugida,0.9492,0.9492,,direct,0.0
o3,moh,Mohawk,Latn,alphabet,1.0,1.0,,direct,0.0
o3,mr,Marathi,Deva,abugida,0.9703,0.9703,,direct,0.0
o3,ms,Malay,Latn,alphabet,1.0,1.0,,direct,0.0
o3,mt,Maltese,Latn,alphabet,1.0,1.0,,direct,0.0
o3,mua,Mundang,Latn,alphabet,0.9515,0.9515,,direct,0.0
o3,mus,Muscogee,Latn,alphabet,1.0,1.0,,direct,0.0
o3,my,Burmese,Mymr,abugida,0.7867,0.7867,,direct,0.0
o3,myv,Erzya,Cyrl,alphabet,1.0,1.0,,direct,0.0
o3,mzn,Mazanderani,Arab,abjad,1.0,1.0,,direct,0.0
o3,naq,Nama,Latn,alphabet,0.8968,0.8968,,direct,0.0
o3,nd,North Ndebele,Latn,alphabet,1.0,1.0,,direct,0.0
o3,nds,Low German,Latn,alphabet,1.0,1.0,,direct,0.0
o3,ne,Nepali,Deva,abugida,0.9597,0.9597,,direct,0.0
o3,nl,Dutch,Latn,alphabet,1.0,1.0,,direct,0.0
o3,nmg,Kwasio,Latn,alphabet,0.9158,0.9158,,direct,0.0
o3,nnh,Ngiemboon,Latn,alphabet,0.9259,0.9259,,direct,0.0
o3,no,Norwegian,Latn,alphabet,1.0,1.0,,direct,0.0
o3,nqo,N’Ko,Nkoo,alphabet,0.2,0.2,,direct,0.0
o3,nr,South Ndebele,Latn,alphabet,1.0,1.0,,direct,0.0
o3,nso,Northern Sotho,Latn,alphabet,1.0,1.0,,direct,0.0
o3,nus,Nuer,Latn,alphabet,0.9556,0.9556,,direct,0.0
o3,nv,Navajo,Latn,alphabet,0.9742,0.9742,,direct,0.0
o3,ny,Nyanja,Latn,alphabet,1.0,1.0,,direct,0.0
o3,nyn,Nyankole,Latn,alphabet,1.0,1.0,,direct,0.0
o3,oc,Occitan,Latn,alphabet,1.0,1.0,,direct,0.0
o3,om,Oromo,Latn,alphabet,1.0,1.0,,direct,0.0
o3,or,Odia,Orya,abugida,0.6516,0.6516,,direct,0.0
o3,os,Ossetic,Cyrl,alphabet,0.9765,0.9765,,direct,0.0
o3,osa,Osage,Osge,alphabet,0.22,0.22,,direct,0.0
o3,pa,Punjabi,Guru,abugida,0.8074,0.8074,,direct,0.0
o3,pap,Papiamento,Latn,alphabet,1.0,1.0,,direct,0.0
o3,pcm,Nigerian Pidgin,Latn,alphabet,1.0,1.0,,direct,0.0
o3,pis,Pijin,Latn,alphabet,1.0,1.0,,direct,0.0
o3,pl,Polish,Latn,alphabet,1.0,1.0,,direct,0.0
o3,prg,Prussian,Latn,alphabet,0.959,0.959,,direct,0.0
o3,ps,Pashto,Arab,abjad,1.0,1.0,,direct,0.0
o3,pt,Portuguese,Latn,alphabet,1.0,1.0,,direct,0.0
o3,qu,Quechua,Latn,alphabet,1.0,1.0,,direct,0.0
o3,quc,Kʼicheʼ,Latn,alphabet,1.0,1.0,,direct,0.0
o3,raj,Rajasthani,Deva,abugida,1.0,1.0,,direct,0.0
o3,rhg,Rohingya,Rohg,abjad,0.2,0.2,,direct,0.0
o3,rif,Riffian,Latn,alphabet,0.9226,0.9226,,direct,0.0
o3,rm,Romansh,Latn,alphabet,1.0,1.0,,direct,0.0
o3,rn,Rundi,Latn,alphabet,1.0,1.0,,direct,0.0
o3,ro,Romanian,Latn,alphabet,1.0,1.0,,direct,0.0
o3,rof,Rombo,Latn,alphabet,1.0,1.0,,direct,0.0
o3,ru,Russian,Cyrl,alphabet,1.0,1.0,,direct,0.0
o3,rw,Kinyarwanda,Latn,alphabet,1.0,1.0,,direct,0.0
o3,rwk,Rwa,Latn,alphabet,1.0,1.0,,direct,0.0
o3,sa,Sanskrit,Deva,abugida,0.8929,0.8929,,direct,0.0
o3,sah,Yakut,Cyrl,alphabet,0.9385,0.9385,,direct,0.0
o3,saq,Samburu,Latn,alphabet,1.0,1.0,,direct,0.0
o3,sat,Santali,Olck,alphabet,0.2,0.2,,direct,0.0
o3,sbp,Sangu,Latn,alphabet,1.0,1.0,,direct,0.0
o3,sc,Sardinian,Latn,alphabet,1.0,1.0,,direct,0.0
o3,scn,Sicilian,Latn,alphabet,0.9758,0.9758,,direct,0.0
o3,sd,Sindhi,Arab,abjad,0.9692,0.9692,,direct,0.0
o3,sdh,Southern Kurdish,Arab,abjad,0.9529,0.9529,,direct,0.0
o3,se,Northern Sami,Latn,alphabet,0.9724,0.9724,,direct,0.0
o3,seh,Sena,Latn,alphabet,1.0,1.0,,direct,0.0
o3,ses,Koyraboro Senni,Latn,alphabet,0.975,0.975,,direct,0.0
o3,sg,Sango,Latn,alphabet,1.0,1.0,,direct,0.0
o3,shi,Tachelhit,Tfng,alphabet,0.2,0.2,,direct,0.0
o3,shn,Shan,Mymr,abugida,0.6348,0.6348,,direct,0.0
o3,si,Sinhala,Sinh,abugida,0.7203,0.7203,,direct,0.0
o3,sid,Sidamo,Latn,alphabet,1.0,1.0,,direct,0.0
o3,sk,Slovak,Latn,alphabet,0.9814,0.9814,,direct,0.0
o3,skr,skr,Arab,abjad,0.9673,0.9673,,direct,0.0
o3,sl,Slovenian,Latn,alphabet,1.0,1.0,,direct,0.0
o3,sma,Southern Sami,Latn,alphabet,1.0,1.0,,direct,0.0
o3,smj,Lule Sami,Latn,alphabet,1.0,1.0,,direct,0.0
o3,smn,Inari Sami,Latn,alphabet,1.0,1.0,,direct,0.0
o3,sms,Skolt Sami,Latn,alphabet,0.8889,0.8889,,direct,0.0
o3,sn,Shona,Latn,alphabet,1.0,1.0,,direct,0.0
o3,so,Somali,Latn,alphabet,1.0,1.0,,direct,0.0
o3,sq,Albanian,Latn,alphabet,1.0,1.0,,direct,0.0
o3,sr,Serbian,Cyrl,alphabet,1.0,1.0,,direct,0.0
o3,ss,Swati,Latn,alphabet,1.0,1.0,,direct,0.0
o3,ssy,Saho,Latn,alphabet,1.0,1.0,,direct,0.0
o3,st,Southern Sotho,Latn,alphabet,1.0,1.0,,direct,0.0
o3,su,Sundanese,Latn,alphabet,1.0,1.0,,direct,0.0
o3,sv,Swedish,Latn,alphabet,1.0,1.0,,direct,0.0
o3,sw,Swahili,Latn,alphabet,1.0,1.0,,direct,0.0
o3,syr,Syriac,Syrc,abjad,0.2,0.2,,direct,0.0
o3,szl,Silesian,Latn,alphabet,0.9765,0.9765,,direct,0.0
o3,ta,Tamil,Taml,abugida,0.917,0.917,,direct,0.0
o3,te,Telugu,Telu,abugida,0.81,0.81,,direct,0.0
o3,teo,Teso,Latn,alphabet,1.0,1.0,,direct,0.0
o3,tg,Tajik,Cyrl,alphabet,1.0,1.0,,direct,0.0
o3,th,Thai,Thai,abugida,0.9192,0.9192,,direct,0.0
o3,ti,Tigrinya,Ethi,syllabary,0.2,0.2,,within_script_only,0.0
o3,tig,Tigre,Ethi,syllabary,0.2,0.2,,within_script_only,0.0
o3,tk,Turkmen,Latn,alphabet,1.0,1.0,,direct,0.0
o3,tn,Tswana,Latn,alphabet,1.0,1.0,,direct,0.0
o3,to,Tongan,Latn,alphabet,1.0,1.0,,direct,0.0
o3,tok,Toki Pona,Latn,alphabet,1.0,1.0,,direct,0.0
o3,tpi,Tok Pisin,Latn,alphabet,1.0,1.0,,direct,0.0
o3,tr,Turkish,Latn,alphabet,1.0,1.0,,direct,0.0
o3,trv,Taroko,Latn,alphabet,1.0,1.0,,direct,0.0
o3,trw,Torwali,Arab,abjad,0.95,0.95,,direct,0.0
o3,ts,Tsonga,Latn,alphabet,1.0,1.0,,direct,0.0
o3,tt,Tatar,Cyrl,alphabet,1.0,1.0,,direct,0.0
o3,twq,Tasawaq,Latn,alphabet,0.975,0.975,,direct,0.0
o3,tyv,Tuvinian,Cyrl,alphabet,1.0,1.0,,direct,0.0
o3,tzm,Central Atlas Tamazight,Latn,alphabet,0.9226,0.9226,,direct,0.0
o3,ug,Uyghur,Arab,abjad,1.0,1.0,,direct,0.0
o3,uk,Ukrainian,Cyrl,alphabet,0.9765,0.9765,,direct,0.0
o3,ur,Urdu,Arab,abjad,1.0,1.0,,direct,0.0
o3,uz,Uzbek,Latn,alphabet,1.0,1.0,,direct,0.0
o3,vai,Vai,Vaii,syllabary,0.2,0.2,,within_script_only,0.0
o3,ve,Venda,Latn,alphabet,1.0,1.0,,direct,0.0
o3,vec,Venetian,Latn,alphabet,1.0,1.0,,direct,0.0
o3,vi,Vietnamese,Latn,alphabet,0.991,0.991,,direct,0.0
o3,vmw,Makhuwa,Latn,alphabet,1.0,1.0,,direct,0.0
o3,vo,Volapük,Latn,alphabet,1.0,1.0,,direct,0.0
o3,vun,Vunjo,Latn,alphabet,1.0,1.0,,direct,0.0
o3,wa,Walloon,Latn,alphabet,1.0,1.0,,direct,0.0
o3,wae,Walser,Latn,alphabet,1.0,1.0,,direct,0.0
o3,wal,Wolaytta,Ethi,syllabary,0.2,0.2,,within_script_only,0.0
o3,wbp,Warlpiri,Latn,alphabet,1.0,1.0,,direct,0.0
o3,wo,Wolof,Latn,alphabet,1.0,1.0,,direct,0.0
o3,xh,Xhosa,Latn,alphabet,1.0,1.0,,direct,0.0
o3,xnr,Kangri,Deva,abugida,0.9758,0.9758,,direct,0.0
o3,xog,Soga,Latn,alphabet,1.0,1.0,,direct,0.0
o3,yav,Yangben,Latn,alphabet,0.966,0.966,,direct,0.0
o3,yi,Yiddish,Hebr,abjad,0.9765,0.9765,,direct,0.0
o3,yo,Yoruba,Latn,alphabet,0.94,0.94,,direct,0.0
o3,yrl,Nheengatu,Latn,alphabet,1.0,1.0,,direct,0.0
o3,yue,Cantonese,Hant,logographic,0.7014,0.7014,,within_script_only,0.0
o3,za,Zhuang,Latn,alphabet,1.0,1.0,,direct,0.0
o3,zgh,Standard Moroccan Tamazight,Tfng,alphabet,0.2,0.2,,direct,0.0
o3,zh,Chinese,Hans,logographic,0.8675,0.8675,,within_script_only,0.0
o3,zu,Zulu,Latn,alphabet,1.0,1.0,,direct,0.0
tiiuae/Falcon3-7B-Base,aa,Afar,Latn,alphabet,1.0,1.0,,direct,0.0
tiiuae/Falcon3-7B-Base,ab,Abkhazian,Cyrl,alphabet,0.525,0.62,,direct,0.09499999999999997
tiiuae/Falcon3-7B-Base,af,Afrikaans,Latn,alphabet,1.0,1.0,,direct,0.0
tiiuae/Falcon3-7B-Base,agq,Aghem,Latn,alphabet,0.7115,0.7692,,direct,0.057699999999999974
tiiuae/Falcon3-7B-Base,ak,Akan,Latn,alphabet,0.9545,0.9636,,direct,0.009099999999999997
tiiuae/Falcon3-7B-Base,am,Amharic,Ethi,syllabary,0.0,0.2,,within_script_only,0.2
tiiuae/Falcon3-7B-Base,an,Aragonese,Latn,alphabet,0.9375,0.95,,direct,0.012499999999999956
tiiuae/Falcon3-7B-Base,ann,Obolo,Latn,alphabet,0.8718,0.8974,,direct,0.025599999999999956
tiiuae/Falcon3-7B-Base,apc,apc,Arab,abjad,0.7422,0.7911,,direct,0.048900000000000055
tiiuae/Falcon3-7B-Base,ar,Arabic,Arab,abjad,0.7422,0.7911,,direct,0.048900000000000055
tiiuae/Falcon3-7B-Base,arn,Mapuche,Latn,alphabet,0.84,0.872,,direct,0.03200000000000003
tiiuae/Falcon3-7B-Base,as,Assamese,Beng,abugida,0.0508,0.2407,,direct,0.1899
tiiuae/Falcon3-7B-Base,asa,Asu,Latn,alphabet,1.0,1.0,,direct,0.0
tiiuae/Falcon3-7B-Base,ast,Asturian,Latn,alphabet,0.9062,0.925,,direct,0.01880000000000004
tiiuae/Falcon3-7B-Base,az,Azerbaijani,Latn,alphabet,0.9697,0.9758,,direct,0.006099999999999994
tiiuae/Falcon3-7B-Base,ba,Bashkir,Cyrl,alphabet,0.6667,0.7333,,direct,0.06659999999999999
tiiuae/Falcon3-7B-Base,bal,Baluchi,Arab,abjad,0.6061,0.6848,,direct,0.07869999999999999
tiiuae/Falcon3-7B-Base,bas,Basaa,Latn,alphabet,0.7258,0.7806,,direct,0.05479999999999996
tiiuae/Falcon3-7B-Base,be,Belarusian,Cyrl,alphabet,0.7812,0.825,,direct,0.04379999999999995
tiiuae/Falcon3-7B-Base,bem,Bemba,Latn,alphabet,1.0,1.0,,direct,0.0
tiiuae/Falcon3-7B-Base,bew,Betawi,Latn,alphabet,0.9655,0.9724,,direct,0.006900000000000017
tiiuae/Falcon3-7B-Base,bez,Bena,Latn,alphabet,1.0,1.0,,direct,0.0
tiiuae/Falcon3-7B-Base,bg,Bulgarian,Cyrl,alphabet,0.8,0.84,,direct,0.039999999999999925
tiiuae/Falcon3-7B-Base,bgc,Haryanvi,Deva,abugida,0.5121,0.6086,,direct,0.09650000000000003
tiiuae/Falcon3-7B-Base,bgn,Western Balochi,Arab,abjad,0.6216,0.6973,,direct,0.07569999999999999
tiiuae/Falcon3-7B-Base,bho,Bhojpuri,Deva,abugida,0.625,0.7,,direct,0.07499999999999996
tiiuae/Falcon3-7B-Base,blo,Anii,Latn,alphabet,0.7347,0.7878,,direct,0.053099999999999925
tiiuae/Falcon3-7B-Base,blt,Tai Dam,Tavt,abugida,0.0,0.2,,direct,0.2
tiiuae/Falcon3-7B-Base,bm,Bambara,Latn,alphabet,0.8889,0.9111,,direct,0.022199999999999998
tiiuae/Falcon3-7B-Base,bn,Bangla,Beng,abugida,0.0588,0.2471,,direct,0.1883
tiiuae/Falcon3-7B-Base,bo,Tibetan,Tibt,abugida,0.0,0.2,,direct,0.2
tiiuae/Falcon3-7B-Base,br,Breton,Latn,alphabet,0.931,0.9448,,direct,0.013799999999999923
tiiuae/Falcon3-7B-Base,brx,Bodo,Deva,abugida,0.4869,0.5885,,direct,0.10160000000000002
tiiuae/Falcon3-7B-Base,bs,Bosnian,Latn,alphabet,0.963,0.9704,,direct,0.007400000000000073
tiiuae/Falcon3-7B-Base,bss,Akoose,Latn,alphabet,0.7692,0.8154,,direct,0.04620000000000002
tiiuae/Falcon3-7B-Base,byn,Blin,Ethi,syllabary,0.0,0.2,,within_script_only,0.2
tiiuae/Falcon3-7B-Base,ca,Catalan,Latn,alphabet,0.9189,0.9351,,direct,0.016199999999999992
tiiuae/Falcon3-7B-Base,cad,Caddo,Latn,alphabet,0.8333,0.8667,,direct,0.033399999999999985
tiiuae/Falcon3-7B-Base,cch,Atsam,Latn,alphabet,0.8571,0.8857,,direct,0.02860000000000007
tiiuae/Falcon3-7B-Base,ccp,Chakma,Cakm,abugida,0.0,0.2,,direct,0.2
tiiuae/Falcon3-7B-Base,ce,Chechen,Cyrl,alphabet,0.7941,0.8353,,direct,0.041200000000000014
tiiuae/Falcon3-7B-Base,ceb,Cebuano,Latn,alphabet,1.0,1.0,,direct,0.0
tiiuae/Falcon3-7B-Base,cgg,Chiga,Latn,alphabet,1.0,1.0,,direct,0.0
tiiuae/Falcon3-7B-Base,cho,Choctaw,Latn,alphabet,0.9048,0.9238,,direct,0.018999999999999906
tiiuae/Falcon3-7B-Base,chr,Cherokee,Cher,syllabary,0.0,0.2,,within_script_only,0.2
tiiuae/Falcon3-7B-Base,cic,Chickasaw,Latn,alphabet,0.8947,0.9158,,direct,0.021099999999999897
tiiuae/Falcon3-7B-Base,ckb,Central Kurdish,Arab,abjad,0.6061,0.6848,,direct,0.07869999999999999
tiiuae/Falcon3-7B-Base,co,Corsican,Latn,alphabet,0.8966,0.9172,,direct,0.020600000000000063
tiiuae/Falcon3-7B-Base,cop,Coptic,Copt,alphabet,0.0,0.2,,direct,0.2
tiiuae/Falcon3-7B-Base,cs,Czech,Latn,alphabet,0.9195,0.9341,,direct,0.014600000000000057
tiiuae/Falcon3-7B-Base,csw,Swampy Cree,Cans,syllabary,0.0,0.2,,within_script_only,0.2
tiiuae/Falcon3-7B-Base,cu,Church Slavic,Cyrl,alphabet,0.3611,0.4889,,direct,0.12780000000000002
tiiuae/Falcon3-7B-Base,cv,Chuvash,Cyrl,alphabet,0.7297,0.7838,,direct,0.05410000000000004
tiiuae/Falcon3-7B-Base,cy,Welsh,Latn,alphabet,0.7551,0.8041,,direct,0.049000000000000044
tiiuae/Falcon3-7B-Base,da,Danish,Latn,alphabet,1.0,1.0,,direct,0.0
tiiuae/Falcon3-7B-Base,dav,Taita,Latn,alphabet,1.0,1.0,,direct,0.0
tiiuae/Falcon3-7B-Base,de,German,Latn,alphabet,0.9667,0.9733,,direct,0.00660000000000005
tiiuae/Falcon3-7B-Base,dje,Zarma,Latn,alphabet,0.875,0.9,,direct,0.025000000000000022
tiiuae/Falcon3-7B-Base,doi,Dogri,Deva,abugida,0.4386,0.55,,direct,0.11140000000000005
tiiuae/Falcon3-7B-Base,dsb,Lower Sorbian,Latn,alphabet,0.9189,0.9351,,direct,0.016199999999999992
tiiuae/Falcon3-7B-Base,dua,Duala,Latn,alphabet,0.8485,0.8788,,direct,0.030299999999999994
tiiuae/Falcon3-7B-Base,dv,Divehi,Thaa,abjad,0.0,0.2,,direct,0.2
tiiuae/Falcon3-7B-Base,dyo,Jola-Fonyi,Latn,alphabet,0.9375,0.95,,direct,0.012499999999999956
tiiuae/Falcon3-7B-Base,dz,Dzongkha,Tibt,abugida,0.0,0.2,,direct,0.2
tiiuae/Falcon3-7B-Base,ebu,Embu,Latn,alphabet,0.9286,0.9429,,direct,0.01429999999999998
tiiuae/Falcon3-7B-Base,ee,Ewe,Latn,alphabet,0.7292,0.7833,,direct,0.05410000000000004
tiiuae/Falcon3-7B-Base,el,Greek,Grek,alphabet,0.6667,0.7333,,direct,0.06659999999999999
tiiuae/Falcon3-7B-Base,en,English,Latn,alphabet,1.0,1.0,,direct,0.0
tiiuae/Falcon3-7B-Base,eo,Esperanto,Latn,alphabet,0.7857,0.8286,,direct,0.04290000000000005
tiiuae/Falcon3-7B-Base,es,Spanish,Latn,alphabet,0.9394,0.9515,,direct,0.0121
tiiuae/Falcon3-7B-Base,et,Estonian,Latn,alphabet,0.9375,0.95,,direct,0.012499999999999956
tiiuae/Falcon3-7B-Base,eu,Basque,Latn,alphabet,1.0,1.0,,direct,0.0
tiiuae/Falcon3-7B-Base,ewo,Ewondo,Latn,alphabet,0.75,0.8,,direct,0.050000000000000044
tiiuae/Falcon3-7B-Base,fa,Persian,Arab,abjad,0.6674,0.7326,,direct,0.06520000000000004
tiiuae/Falcon3-7B-Base,ff,Fula,Latn,alphabet,0.8519,0.8815,,direct,0.02959999999999996
tiiuae/Falcon3-7B-Base,fi,Finnish,Latn,alphabet,0.9677,0.9742,,direct,0.00649999999999995
tiiuae/Falcon3-7B-Base,fil,Filipino,Latn,alphabet,1.0,1.0,,direct,0.0
tiiuae/Falcon3-7B-Base,fo,Faroese,Latn,alphabet,0.931,0.9448,,direct,0.013799999999999923
tiiuae/Falcon3-7B-Base,fr,French,Latn,alphabet,0.9286,0.9429,,direct,0.01429999999999998
tiiuae/Falcon3-7B-Base,frr,Northern Frisian,Latn,alphabet,0.9643,0.9714,,direct,0.007099999999999995
tiiuae/Falcon3-7B-Base,fur,Friulian,Latn,alphabet,0.9459,0.9568,,direct,0.01090000000000002
tiiuae/Falcon3-7B-Base,fy,Western Frisian,Latn,alphabet,0.9286,0.9429,,direct,0.01429999999999998
tiiuae/Falcon3-7B-Base,ga,Irish,Latn,alphabet,0.9565,0.9652,,direct,0.00869999999999993
tiiuae/Falcon3-7B-Base,gaa,Ga,Latn,alphabet,0.9231,0.9385,,direct,0.01539999999999997
tiiuae/Falcon3-7B-Base,gd,Scottish Gaelic,Latn,alphabet,0.913,0.9304,,direct,0.01739999999999997
tiiuae/Falcon3-7B-Base,gez,Geez,Ethi,syllabary,0.0,0.2,,within_script_only,0.2
tiiuae/Falcon3-7B-Base,gl,Galician,Latn,alphabet,0.9412,0.9529,,direct,0.011699999999999933
tiiuae/Falcon3-7B-Base,gn,Guarani,Latn,alphabet,0.8,0.84,,direct,0.039999999999999925
tiiuae/Falcon3-7B-Base,gsw,Swiss German,Latn,alphabet,0.9655,0.9724,,direct,0.006900000000000017
tiiuae/Falcon3-7B-Base,gu,Gujarati,Gujr,abugida,0.0,0.2,,direct,0.2
tiiuae/Falcon3-7B-Base,guz,Gusii,Latn,alphabet,1.0,1.0,,direct,0.0
tiiuae/Falcon3-7B-Base,gv,Manx,Latn,alphabet,1.0,1.0,,direct,0.0
tiiuae/Falcon3-7B-Base,ha,Hausa,Latn,alphabet,0.8148,0.8519,,direct,0.03710000000000002
tiiuae/Falcon3-7B-Base,haw,Hawaiian,Latn,alphabet,1.0,1.0,,direct,0.0
tiiuae/Falcon3-7B-Base,he,Hebrew,Hebr,abjad,0.7778,0.8222,,direct,0.044399999999999995
tiiuae/Falcon3-7B-Base,hi,Hindi,Deva,abugida,0.4582,0.5657,,direct,0.10749999999999998
tiiuae/Falcon3-7B-Base,hnj,Hmong Njua,Hmnp,alphabet,0.0,0.2,,direct,0.2
tiiuae/Falcon3-7B-Base,hr,Croatian,Latn,alphabet,0.963,0.9704,,direct,0.007400000000000073
tiiuae/Falcon3-7B-Base,hsb,Upper Sorbian,Latn,alphabet,0.9444,0.9556,,direct,0.011199999999999988
tiiuae/Falcon3-7B-Base,ht,Haitian Creole,Latn,alphabet,0.9615,0.9692,,direct,0.007699999999999929
tiiuae/Falcon3-7B-Base,hu,Hungarian,Latn,alphabet,0.9062,0.925,,direct,0.01880000000000004
tiiuae/Falcon3-7B-Base,hy,Armenian,Armn,alphabet,0.0263,0.2211,,direct,0.1948
tiiuae/Falcon3-7B-Base,ia,Interlingua,Latn,alphabet,1.0,1.0,,direct,0.0
tiiuae/Falcon3-7B-Base,id,Indonesian,Latn,alphabet,1.0,1.0,,direct,0.0
tiiuae/Falcon3-7B-Base,ie,Interlingue,Latn,alphabet,0.9677,0.9742,,direct,0.00649999999999995
tiiuae/Falcon3-7B-Base,ig,Igbo,Latn,alphabet,0.8929,0.9143,,direct,0.021399999999999975
tiiuae/Falcon3-7B-Base,ii,Sichuan Yi,Yiii,syllabary,0.0,0.2,,within_script_only,0.2
tiiuae/Falcon3-7B-Base,io,Ido,Latn,alphabet,1.0,1.0,,direct,0.0
tiiuae/Falcon3-7B-Base,is,Icelandic,Latn,alphabet,0.9062,0.925,,direct,0.01880000000000004
tiiuae/Falcon3-7B-Base,it,Italian,Latn,alphabet,0.9375,0.95,,direct,0.012499999999999956
tiiuae/Falcon3-7B-Base,iu,Inuktitut,Cans,syllabary,0.0,0.2,,within_script_only,0.2
tiiuae/Falcon3-7B-Base,ja,Japanese,Jpan,mixed_logographic,0.206,0.3648,,within_script_only,0.15880000000000002
tiiuae/Falcon3-7B-Base,jbo,Lojban,Latn,alphabet,1.0,1.0,,direct,0.0
tiiuae/Falcon3-7B-Base,jgo,Ngomba,Latn,alphabet,0.6667,0.7333,,direct,0.06659999999999999
tiiuae/Falcon3-7B-Base,jmc,Machame,Latn,alphabet,1.0,1.0,,direct,0.0
tiiuae/Falcon3-7B-Base,jv,Javanese,Latn,alphabet,0.931,0.9448,,direct,0.013799999999999923
tiiuae/Falcon3-7B-Base,ka,Georgian,Geor,alphabet,0.0,0.2,,direct,0.2
tiiuae/Falcon3-7B-Base,kaa,Kara-Kalpak,Cyrl,alphabet,0.6585,0.7268,,direct,0.06830000000000003
tiiuae/Falcon3-7B-Base,kab,Kabyle,Latn,alphabet,0.7941,0.8353,,direct,0.041200000000000014
tiiuae/Falcon3-7B-Base,kaj,Jju,Latn,alphabet,1.0,1.0,,direct,0.0
tiiuae/Falcon3-7B-Base,kam,Kamba,Latn,alphabet,0.9259,0.9407,,direct,0.014800000000000035
tiiuae/Falcon3-7B-Base,kcg,Tyap,Latn,alphabet,0.96,0.968,,direct,0.008000000000000007
tiiuae/Falcon3-7B-Base,kde,Makonde,Latn,alphabet,1.0,1.0,,direct,0.0
tiiuae/Falcon3-7B-Base,kea,Kabuverdianu,Latn,alphabet,1.0,1.0,,direct,0.0
tiiuae/Falcon3-7B-Base,ken,Kenyang,Latn,alphabet,0.7073,0.7659,,direct,0.058599999999999985
tiiuae/Falcon3-7B-Base,kgp,Kaingang,Latn,alphabet,0.8077,0.8462,,direct,0.03849999999999998
tiiuae/Falcon3-7B-Base,khq,Koyra Chiini,Latn,alphabet,0.875,0.9,,direct,0.025000000000000022
tiiuae/Falcon3-7B-Base,ki,Kikuyu,Latn,alphabet,0.9,0.92,,direct,0.020000000000000018
tiiuae/Falcon3-7B-Base,kk,Kazakh,Cyrl,alphabet,0.6905,0.7524,,direct,0.061899999999999955
tiiuae/Falcon3-7B-Base,kkj,Kako,Latn,alphabet,0.7872,0.8298,,direct,0.04259999999999997
tiiuae/Falcon3-7B-Base,kl,Kalaallisut,Latn,alphabet,1.0,1.0,,direct,0.0
tiiuae/Falcon3-7B-Base,kln,Kalenjin,Latn,alphabet,1.0,1.0,,direct,0.0
tiiuae/Falcon3-7B-Base,km,Khmer,Khmr,abugida,0.0,0.2,,direct,0.2
tiiuae/Falcon3-7B-Base,kn,Kannada,Knda,abugida,0.0,0.2,,direct,0.2
tiiuae/Falcon3-7B-Base,ko,Korean,Kore,featural_syllabary,0.0021,0.2017,0.2,within_script_only,0.1996
tiiuae/Falcon3-7B-Base,kok,Konkani,Deva,abugida,0.3987,0.5182,,direct,0.1195
tiiuae/Falcon3-7B-Base,kpe,Kpelle,Latn,alphabet,0.7931,0.8345,,direct,0.04139999999999999
tiiuae/Falcon3-7B-Base,ks,Kashmiri,Arab,abjad,0.5587,0.6457,,direct,0.08700000000000008
tiiuae/Falcon3-7B-Base,ksb,Shambala,Latn,alphabet,1.0,1.0,,direct,0.0
tiiuae/Falcon3-7B-Base,ksf,Bafia,Latn,alphabet,0.8824,0.9059,,direct,0.023500000000000076
tiiuae/Falcon3-7B-Base,ksh,Colognian,Latn,alphabet,0.9722,0.9778,,direct,0.005600000000000049
tiiuae/Falcon3-7B-Base,ku,Kurdish,Latn,alphabet,1.0,1.0,,direct,0.0
tiiuae/Falcon3-7B-Base,kw,Cornish,Latn,alphabet,1.0,1.0,,direct,0.0
tiiuae/Falcon3-7B-Base,kxv,Kuvi,Latn,alphabet,0.8182,0.8545,,direct,0.0363
tiiuae/Falcon3-7B-Base,ky,Kyrgyz,Cyrl,alphabet,0.7419,0.7935,,direct,0.05159999999999998
tiiuae/Falcon3-7B-Base,la,Latin,Latn,alphabet,1.0,1.0,,direct,0.0
tiiuae/Falcon3-7B-Base,lag,Langi,Latn,alphabet,0.9091,0.9273,,direct,0.018199999999999994
tiiuae/Falcon3-7B-Base,lb,Luxembourgish,Latn,alphabet,1.0,1.0,,direct,0.0
tiiuae/Falcon3-7B-Base,lg,Ganda,Latn,alphabet,0.9583,0.9667,,direct,0.008399999999999963
tiiuae/Falcon3-7B-Base,lij,Ligurian,Latn,alphabet,0.913,0.9304,,direct,0.01739999999999997
tiiuae/Falcon3-7B-Base,lkt,Lakota,Latn,alphabet,0.8,0.84,,direct,0.039999999999999925
tiiuae/Falcon3-7B-Base,lld,lld,Latn,alphabet,0.9512,0.961,,direct,0.00979999999999992
tiiuae/Falcon3-7B-Base,lmo,Lombard,Latn,alphabet,1.0,1.0,,direct,0.0
tiiuae/Falcon3-7B-Base,ln,Lingala,Latn,alphabet,0.8293,0.8634,,direct,0.03409999999999991
tiiuae/Falcon3-7B-Base,lo,Lao,Laoo,abugida,0.0,0.2,,direct,0.2
tiiuae/Falcon3-7B-Base,lrc,Northern Luri,Arab,abjad,0.5814,0.6651,,direct,0.0837
tiiuae/Falcon3-7B-Base,lt,Lithuanian,Latn,alphabet,0.9062,0.925,,direct,0.01880000000000004
tiiuae/Falcon3-7B-Base,ltg,Latgalian,Latn,alphabet,0.8571,0.8857,,direct,0.02860000000000007
tiiuae/Falcon3-7B-Base,lu,Luba-Katanga,Latn,alphabet,0.8684,0.8947,,direct,0.0263000000000001
tiiuae/Falcon3-7B-Base,luo,Luo,Latn,alphabet,1.0,1.0,,direct,0.0
tiiuae/Falcon3-7B-Base,luy,Luyia,Latn,alphabet,1.0,1.0,,direct,0.0
tiiuae/Falcon3-7B-Base,lv,Latvian,Latn,alphabet,0.8485,0.8788,,direct,0.030299999999999994
tiiuae/Falcon3-7B-Base,mai,Maithili,Deva,abugida,0.6667,0.7333,,direct,0.06659999999999999
tiiuae/Falcon3-7B-Base,mas,Masai,Latn,alphabet,0.8511,0.8809,,direct,0.02980000000000005
tiiuae/Falcon3-7B-Base,mdf,Moksha,Cyrl,alphabet,0.8182,0.8545,,direct,0.0363
tiiuae/Falcon3-7B-Base,mer,Meru,Latn,alphabet,0.9286,0.9429,,direct,0.01429999999999998
tiiuae/Falcon3-7B-Base,mfe,Morisyen,Latn,alphabet,1.0,1.0,,direct,0.0
tiiuae/Falcon3-7B-Base,mg,Malagasy,Latn,alphabet,1.0,1.0,,direct,0.0
tiiuae/Falcon3-7B-Base,mgh,Makhuwa-Meetto,Latn,alphabet,1.0,1.0,,direct,0.0
tiiuae/Falcon3-7B-Base,mgo,Metaʼ,Latn,alphabet,0.8125,0.85,,direct,0.03749999999999998
tiiuae/Falcon3-7B-Base,mhn,mhn,Latn,alphabet,0.9189,0.9351,,direct,0.016199999999999992
tiiuae/Falcon3-7B-Base,mi,Māori,Latn,alphabet,1.0,1.0,,direct,0.0
tiiuae/Falcon3-7B-Base,mic,Mi'kmaw,Latn,alphabet,0.8636,0.8909,,direct,0.02729999999999999
tiiuae/Falcon3-7B-Base,mk,Macedonian,Cyrl,alphabet,0.6903,0.7484,,direct,0.05809999999999993
tiiuae/Falcon3-7B-Base,ml,Malayalam,Mlym,abugida,0.0,0.2,,direct,0.2
tiiuae/Falcon3-7B-Base,mn,Mongolian,Cyrl,alphabet,0.7714,0.8171,,direct,0.045700000000000074
tiiuae/Falcon3-7B-Base,mni,Manipuri,Beng,abugida,0.0678,0.2542,,direct,0.18639999999999998
tiiuae/Falcon3-7B-Base,moh,Mohawk,Latn,alphabet,0.8696,0.8957,,direct,0.026100000000000012
tiiuae/Falcon3-7B-Base,mr,Marathi,Deva,abugida,0.4797,0.5828,,direct,0.10309999999999997
tiiuae/Falcon3-7B-Base,ms,Malay,Latn,alphabet,1.0,1.0,,direct,0.0
tiiuae/Falcon3-7B-Base,mt,Maltese,Latn,alphabet,0.8182,0.8545,,direct,0.0363
tiiuae/Falcon3-7B-Base,mua,Mundang,Latn,alphabet,0.8182,0.8545,,direct,0.0363
tiiuae/Falcon3-7B-Base,mus,Muscogee,Latn,alphabet,0.9524,0.9619,,direct,0.009499999999999953
tiiuae/Falcon3-7B-Base,my,Burmese,Mymr,abugida,0.0,0.2,,direct,0.2
tiiuae/Falcon3-7B-Base,myv,Erzya,Cyrl,alphabet,0.8182,0.8545,,direct,0.0363
tiiuae/Falcon3-7B-Base,mzn,Mazanderani,Arab,abjad,0.6674,0.7326,,direct,0.06520000000000004
tiiuae/Falcon3-7B-Base,naq,Nama,Latn,alphabet,0.871,0.8968,,direct,0.025800000000000045
tiiuae/Falcon3-7B-Base,nd,North Ndebele,Latn,alphabet,1.0,1.0,,direct,0.0
tiiuae/Falcon3-7B-Base,nds,Low German,Latn,alphabet,0.9667,0.9733,,direct,0.00660000000000005
tiiuae/Falcon3-7B-Base,ne,Nepali,Deva,abugida,0.4582,0.5657,,direct,0.10749999999999998
tiiuae/Falcon3-7B-Base,nl,Dutch,Latn,alphabet,0.9459,0.9568,,direct,0.01090000000000002
tiiuae/Falcon3-7B-Base,nmg,Kwasio,Latn,alphabet,0.7719,0.8175,,direct,0.045599999999999974
tiiuae/Falcon3-7B-Base,nnh,Ngiemboon,Latn,alphabet,0.7037,0.763,,direct,0.05930000000000002
tiiuae/Falcon3-7B-Base,no,Norwegian,Latn,alphabet,0.9412,0.9529,,direct,0.011699999999999933
tiiuae/Falcon3-7B-Base,nqo,N’Ko,Nkoo,alphabet,0.0,0.2,,direct,0.2
tiiuae/Falcon3-7B-Base,nr,South Ndebele,Latn,alphabet,1.0,1.0,,direct,0.0
tiiuae/Falcon3-7B-Base,nso,Northern Sotho,Latn,alphabet,1.0,1.0,,direct,0.0
tiiuae/Falcon3-7B-Base,nus,Nuer,Latn,alphabet,0.8611,0.8889,,direct,0.027800000000000047
tiiuae/Falcon3-7B-Base,nv,Navajo,Latn,alphabet,0.9032,0.9226,,direct,0.019399999999999973
tiiuae/Falcon3-7B-Base,ny,Nyanja,Latn,alphabet,0.9583,0.9667,,direct,0.008399999999999963
tiiuae/Falcon3-7B-Base,nyn,Nyankole,Latn,alphabet,1.0,1.0,,direct,0.0
tiiuae/Falcon3-7B-Base,oc,Occitan,Latn,alphabet,0.9189,0.9351,,direct,0.016199999999999992
tiiuae/Falcon3-7B-Base,om,Oromo,Latn,alphabet,1.0,1.0,,direct,0.0
tiiuae/Falcon3-7B-Base,or,Odia,Orya,abugida,0.0,0.2,,direct,0.2
tiiuae/Falcon3-7B-Base,os,Ossetic,Cyrl,alphabet,0.7941,0.8353,,direct,0.041200000000000014
tiiuae/Falcon3-7B-Base,osa,Osage,Osge,alphabet,0.025,0.22,,direct,0.195
tiiuae/Falcon3-7B-Base,pa,Punjabi,Guru,abugida,0.0,0.2,,direct,0.2
tiiuae/Falcon3-7B-Base,pap,Papiamento,Latn,alphabet,0.9032,0.9226,,direct,0.019399999999999973
tiiuae/Falcon3-7B-Base,pcm,Nigerian Pidgin,Latn,alphabet,0.9375,0.95,,direct,0.012499999999999956
tiiuae/Falcon3-7B-Base,pis,Pijin,Latn,alphabet,1.0,1.0,,direct,0.0
tiiuae/Falcon3-7B-Base,pl,Polish,Latn,alphabet,0.9375,0.95,,direct,0.012499999999999956
tiiuae/Falcon3-7B-Base,prg,Prussian,Latn,alphabet,0.8462,0.8769,,direct,0.03070000000000006
tiiuae/Falcon3-7B-Base,ps,Pashto,Arab,abjad,0.5617,0.6483,,direct,0.08660000000000001
tiiuae/Falcon3-7B-Base,pt,Portuguese,Latn,alphabet,0.9487,0.959,,direct,0.010299999999999976
tiiuae/Falcon3-7B-Base,qu,Quechua,Latn,alphabet,0.9412,0.9529,,direct,0.011699999999999933
tiiuae/Falcon3-7B-Base,quc,Kʼicheʼ,Latn,alphabet,0.96,0.968,,direct,0.008000000000000007
tiiuae/Falcon3-7B-Base,raj,Rajasthani,Deva,abugida,0.6265,0.7,,direct,0.07350000000000001
tiiuae/Falcon3-7B-Base,rhg,Rohingya,Rohg,abjad,0.0,0.2,,direct,0.2
tiiuae/Falcon3-7B-Base,rif,Riffian,Latn,alphabet,0.8387,0.871,,direct,0.032299999999999995
tiiuae/Falcon3-7B-Base,rm,Romansh,Latn,alphabet,0.9375,0.95,,direct,0.012499999999999956
tiiuae/Falcon3-7B-Base,rn,Rundi,Latn,alphabet,1.0,1.0,,direct,0.0
tiiuae/Falcon3-7B-Base,ro,Romanian,Latn,alphabet,1.0,1.0,,direct,0.0
tiiuae/Falcon3-7B-Base,rof,Rombo,Latn,alphabet,1.0,1.0,,direct,0.0
tiiuae/Falcon3-7B-Base,ru,Russian,Cyrl,alphabet,0.8182,0.8545,,direct,0.0363
tiiuae/Falcon3-7B-Base,rw,Kinyarwanda,Latn,alphabet,1.0,1.0,,direct,0.0
tiiuae/Falcon3-7B-Base,rwk,Rwa,Latn,alphabet,1.0,1.0,,direct,0.0
tiiuae/Falcon3-7B-Base,sa,Sanskrit,Deva,abugida,0.4386,0.55,,direct,0.11140000000000005
tiiuae/Falcon3-7B-Base,sah,Yakut,Cyrl,alphabet,0.6538,0.7231,,direct,0.06929999999999992
tiiuae/Falcon3-7B-Base,saq,Samburu,Latn,alphabet,1.0,1.0,,direct,0.0
tiiuae/Falcon3-7B-Base,sat,Santali,Olck,alphabet,0.0,0.2,,direct,0.2
tiiuae/Falcon3-7B-Base,sbp,Sangu,Latn,alphabet,1.0,1.0,,direct,0.0
tiiuae/Falcon3-7B-Base,sc,Sardinian,Latn,alphabet,0.9231,0.9385,,direct,0.01539999999999997
tiiuae/Falcon3-7B-Base,scn,Sicilian,Latn,alphabet,0.9091,0.9273,,direct,0.018199999999999994
tiiuae/Falcon3-7B-Base,sd,Sindhi,Arab,abjad,0.4942,0.5942,,direct,0.09999999999999998
tiiuae/Falcon3-7B-Base,sdh,Southern Kurdish,Arab,abjad,0.5588,0.6471,,direct,0.08830000000000005
tiiuae/Falcon3-7B-Base,se,Northern Sami,Latn,alphabet,0.8966,0.9172,,direct,0.020600000000000063
tiiuae/Falcon3-7B-Base,seh,Sena,Latn,alphabet,0.9487,0.959,,direct,0.010299999999999976
tiiuae/Falcon3-7B-Base,ses,Koyraboro Senni,Latn,alphabet,0.875,0.9,,direct,0.025000000000000022
tiiuae/Falcon3-7B-Base,sg,Sango,Latn,alphabet,0.9412,0.9529,,direct,0.011699999999999933
tiiuae/Falcon3-7B-Base,shi,Tachelhit,Tfng,alphabet,0.0312,0.225,,direct,0.1938
tiiuae/Falcon3-7B-Base,shn,Shan,Mymr,abugida,0.0217,0.2174,,direct,0.1957
tiiuae/Falcon3-7B-Base,si,Sinhala,Sinh,abugida,0.0,0.2,,direct,0.2
tiiuae/Falcon3-7B-Base,sid,Sidamo,Latn,alphabet,1.0,1.0,,direct,0.0
tiiuae/Falcon3-7B-Base,sk,Slovak,Latn,alphabet,0.8535,0.8814,,direct,0.027899999999999925
tiiuae/Falcon3-7B-Base,skr,skr,Arab,abjad,0.5041,0.602,,direct,0.09789999999999999
tiiuae/Falcon3-7B-Base,sl,Slovenian,Latn,alphabet,0.96,0.968,,direct,0.008000000000000007
tiiuae/Falcon3-7B-Base,sma,Southern Sami,Latn,alphabet,1.0,1.0,,direct,0.0
tiiuae/Falcon3-7B-Base,smj,Lule Sami,Latn,alphabet,1.0,1.0,,direct,0.0
tiiuae/Falcon3-7B-Base,smn,Inari Sami,Latn,alphabet,0.9355,0.9484,,direct,0.012900000000000023
tiiuae/Falcon3-7B-Base,sms,Skolt Sami,Latn,alphabet,0.8056,0.8444,,direct,0.03880000000000006
tiiuae/Falcon3-7B-Base,sn,Shona,Latn,alphabet,1.0,1.0,,direct,0.0
tiiuae/Falcon3-7B-Base,so,Somali,Latn,alphabet,1.0,1.0,,direct,0.0
tiiuae/Falcon3-7B-Base,sq,Albanian,Latn,alphabet,1.0,1.0,,direct,0.0
tiiuae/Falcon3-7B-Base,sr,Serbian,Cyrl,alphabet,0.6567,0.7233,,direct,0.0666000000000001
tiiuae/Falcon3-7B-Base,ss,Swati,Latn,alphabet,1.0,1.0,,direct,0.0
tiiuae/Falcon3-7B-Base,ssy,Saho,Latn,alphabet,1.0,1.0,,direct,0.0
tiiuae/Falcon3-7B-Base,st,Southern Sotho,Latn,alphabet,1.0,1.0,,direct,0.0
tiiuae/Falcon3-7B-Base,su,Sundanese,Latn,alphabet,1.0,1.0,,direct,0.0
tiiuae/Falcon3-7B-Base,sv,Swedish,Latn,alphabet,1.0,1.0,,direct,0.0
tiiuae/Falcon3-7B-Base,sw,Swahili,Latn,alphabet,1.0,1.0,,direct,0.0
tiiuae/Falcon3-7B-Base,syr,Syriac,Syrc,abjad,0.0,0.2,,direct,0.2
tiiuae/Falcon3-7B-Base,szl,Silesian,Latn,alphabet,0.9412,0.9529,,direct,0.011699999999999933
tiiuae/Falcon3-7B-Base,ta,Tamil,Taml,abugida,0.0638,0.2511,,direct,0.1873
tiiuae/Falcon3-7B-Base,te,Telugu,Telu,abugida,0.0,0.2,,direct,0.2
tiiuae/Falcon3-7B-Base,teo,Teso,Latn,alphabet,1.0,1.0,,direct,0.0
tiiuae/Falcon3-7B-Base,tg,Tajik,Cyrl,alphabet,0.6571,0.7257,,direct,0.0686
tiiuae/Falcon3-7B-Base,th,Thai,Thai,abugida,0.3562,0.4849,,direct,0.12869999999999998
tiiuae/Falcon3-7B-Base,ti,Tigrinya,Ethi,syllabary,0.0,0.2,,within_script_only,0.2
tiiuae/Falcon3-7B-Base,tig,Tigre,Ethi,syllabary,0.0,0.2,,within_script_only,0.2
tiiuae/Falcon3-7B-Base,tk,Turkmen,Latn,alphabet,0.9,0.92,,direct,0.020000000000000018
tiiuae/Falcon3-7B-Base,tn,Tswana,Latn,alphabet,1.0,1.0,,direct,0.0
tiiuae/Falcon3-7B-Base,to,Tongan,Latn,alphabet,0.963,0.9704,,direct,0.007400000000000073
tiiuae/Falcon3-7B-Base,tok,Toki Pona,Latn,alphabet,1.0,1.0,,direct,0.0
tiiuae/Falcon3-7B-Base,tpi,Tok Pisin,Latn,alphabet,1.0,1.0,,direct,0.0
tiiuae/Falcon3-7B-Base,tr,Turkish,Latn,alphabet,0.9667,0.9733,,direct,0.00660000000000005
tiiuae/Falcon3-7B-Base,trv,Taroko,Latn,alphabet,1.0,1.0,,direct,0.0
tiiuae/Falcon3-7B-Base,trw,Torwali,Arab,abjad,0.5354,0.6271,,direct,0.0917
tiiuae/Falcon3-7B-Base,ts,Tsonga,Latn,alphabet,1.0,1.0,,direct,0.0
tiiuae/Falcon3-7B-Base,tt,Tatar,Cyrl,alphabet,0.7179,0.7744,,direct,0.056499999999999995
tiiuae/Falcon3-7B-Base,twq,Tasawaq,Latn,alphabet,0.875,0.9,,direct,0.025000000000000022
tiiuae/Falcon3-7B-Base,tyv,Tuvinian,Cyrl,alphabet,0.75,0.8,,direct,0.050000000000000044
tiiuae/Falcon3-7B-Base,tzm,Central Atlas Tamazight,Latn,alphabet,0.8065,0.8452,,direct,0.03869999999999996
tiiuae/Falcon3-7B-Base,ug,Uyghur,Arab,abjad,0.5882,0.6706,,direct,0.08240000000000003
tiiuae/Falcon3-7B-Base,uk,Ukrainian,Cyrl,alphabet,0.7059,0.7647,,direct,0.058800000000000074
tiiuae/Falcon3-7B-Base,ur,Urdu,Arab,abjad,0.65,0.7184,,direct,0.06840000000000002
tiiuae/Falcon3-7B-Base,uz,Uzbek,Latn,alphabet,0.963,0.9704,,direct,0.007400000000000073
tiiuae/Falcon3-7B-Base,vai,Vai,Vaii,syllabary,0.0,0.2,,within_script_only,0.2
tiiuae/Falcon3-7B-Base,ve,Venda,Latn,alphabet,0.8214,0.8571,,direct,0.035699999999999954
tiiuae/Falcon3-7B-Base,vec,Venetian,Latn,alphabet,0.8966,0.9172,,direct,0.020600000000000063
tiiuae/Falcon3-7B-Base,vi,Vietnamese,Latn,alphabet,0.5281,0.6225,,direct,0.09440000000000004
tiiuae/Falcon3-7B-Base,vmw,Makhuwa,Latn,alphabet,1.0,1.0,,direct,0.0
tiiuae/Falcon3-7B-Base,vo,Volapük,Latn,alphabet,0.963,0.9704,,direct,0.007400000000000073
tiiuae/Falcon3-7B-Base,vun,Vunjo,Latn,alphabet,1.0,1.0,,direct,0.0
tiiuae/Falcon3-7B-Base,wa,Walloon,Latn,alphabet,0.9302,0.9442,,direct,0.014000000000000012
tiiuae/Falcon3-7B-Base,wae,Walser,Latn,alphabet,0.9231,0.9385,,direct,0.01539999999999997
tiiuae/Falcon3-7B-Base,wal,Wolaytta,Ethi,syllabary,0.0,0.2,,within_script_only,0.2
tiiuae/Falcon3-7B-Base,wbp,Warlpiri,Latn,alphabet,1.0,1.0,,direct,0.0
tiiuae/Falcon3-7B-Base,wo,Wolof,Latn,alphabet,0.931,0.9448,,direct,0.013799999999999923
tiiuae/Falcon3-7B-Base,xh,Xhosa,Latn,alphabet,1.0,1.0,,direct,0.0
tiiuae/Falcon3-7B-Base,xnr,Kangri,Deva,abugida,0.4652,0.5712,,direct,0.10600000000000004
tiiuae/Falcon3-7B-Base,xog,Soga,Latn,alphabet,1.0,1.0,,direct,0.0
tiiuae/Falcon3-7B-Base,yav,Yangben,Latn,alphabet,0.8085,0.8468,,direct,0.0383
tiiuae/Falcon3-7B-Base,yi,Yiddish,Hebr,abjad,0.7059,0.7647,,direct,0.058800000000000074
tiiuae/Falcon3-7B-Base,yo,Yoruba,Latn,alphabet,0.775,0.82,,direct,0.04499999999999993
tiiuae/Falcon3-7B-Base,yrl,Nheengatu,Latn,alphabet,0.8571,0.8857,,direct,0.02860000000000007
tiiuae/Falcon3-7B-Base,yue,Cantonese,Hant,logographic,0.1873,0.3498,,within_script_only,0.1625
tiiuae/Falcon3-7B-Base,za,Zhuang,Latn,alphabet,1.0,1.0,,direct,0.0
tiiuae/Falcon3-7B-Base,zgh,Standard Moroccan Tamazight,Tfng,alphabet,0.0312,0.225,,direct,0.1938
tiiuae/Falcon3-7B-Base,zh,Chinese,Hans,logographic,0.3202,0.4562,,within_script_only,0.136
tiiuae/Falcon3-7B-Base,zu,Zulu,Latn,alphabet,1.0,1.0,,direct,0.0
tiiuae/falcon-7b,aa,Afar,Latn,alphabet,1.0,1.0,,direct,0.0
tiiuae/falcon-7b,ab,Abkhazian,Cyrl,alphabet,0.5,0.6,,direct,0.09999999999999998
tiiuae/falcon-7b,af,Afrikaans,Latn,alphabet,1.0,1.0,,direct,0.0
tiiuae/falcon-7b,agq,Aghem,Latn,alphabet,0.6923,0.7538,,direct,0.0615
tiiuae/falcon-7b,ak,Akan,Latn,alphabet,0.9091,0.9273,,direct,0.018199999999999994
tiiuae/falcon-7b,am,Amharic,Ethi,syllabary,0.0,0.2,,within_script_only,0.2
tiiuae/falcon-7b,an,Aragonese,Latn,alphabet,0.9375,0.95,,direct,0.012499999999999956
tiiuae/falcon-7b,ann,Obolo,Latn,alphabet,0.8205,0.8564,,direct,0.03590000000000004
tiiuae/falcon-7b,apc,apc,Arab,abjad,0.3111,0.4489,,direct,0.13780000000000003
tiiuae/falcon-7b,ar,Arabic,Arab,abjad,0.3111,0.4489,,direct,0.13780000000000003
tiiuae/falcon-7b,arn,Mapuche,Latn,alphabet,0.84,0.872,,direct,0.03200000000000003
tiiuae/falcon-7b,as,Assamese,Beng,abugida,0.0,0.2,,direct,0.2
tiiuae/falcon-7b,asa,Asu,Latn,alphabet,1.0,1.0,,direct,0.0
tiiuae/falcon-7b,ast,Asturian,Latn,alphabet,0.875,0.9,,direct,0.025000000000000022
tiiuae/falcon-7b,az,Azerbaijani,Latn,alphabet,0.9394,0.9515,,direct,0.0121
tiiuae/falcon-7b,ba,Bashkir,Cyrl,alphabet,0.5476,0.6381,,direct,0.09050000000000002
tiiuae/falcon-7b,bal,Baluchi,Arab,abjad,0.3333,0.4667,,direct,0.13340000000000002
tiiuae/falcon-7b,bas,Basaa,Latn,alphabet,0.6935,0.7548,,direct,0.06130000000000002
tiiuae/falcon-7b,be,Belarusian,Cyrl,alphabet,0.6875,0.75,,direct,0.0625
tiiuae/falcon-7b,bem,Bemba,Latn,alphabet,1.0,1.0,,direct,0.0
tiiuae/falcon-7b,bew,Betawi,Latn,alphabet,0.9655,0.9724,,direct,0.006900000000000017
tiiuae/falcon-7b,bez,Bena,Latn,alphabet,1.0,1.0,,direct,0.0
tiiuae/falcon-7b,bg,Bulgarian,Cyrl,alphabet,0.7,0.76,,direct,0.06000000000000005
tiiuae/falcon-7b,bgc,Haryanvi,Deva,abugida,0.0345,0.2276,,direct,0.1931
tiiuae/falcon-7b,bgn,Western Balochi,Arab,abjad,0.3243,0.4595,,direct,0.13520000000000004
tiiuae/falcon-7b,bho,Bhojpuri,Deva,abugida,0.0417,0.2333,,direct,0.1916
tiiuae/falcon-7b,blo,Anii,Latn,alphabet,0.6939,0.7551,,direct,0.06120000000000003
tiiuae/falcon-7b,blt,Tai Dam,Tavt,abugida,0.0,0.2,,direct,0.2
tiiuae/falcon-7b,bm,Bambara,Latn,alphabet,0.8519,0.8815,,direct,0.02959999999999996
tiiuae/falcon-7b,bn,Bangla,Beng,abugida,0.0,0.2,,direct,0.2
tiiuae/falcon-7b,bo,Tibetan,Tibt,abugida,0.0,0.2,,direct,0.2
tiiuae/falcon-7b,br,Breton,Latn,alphabet,0.931,0.9448,,direct,0.013799999999999923
tiiuae/falcon-7b,brx,Bodo,Deva,abugida,0.0328,0.2262,,direct,0.19340000000000002
tiiuae/falcon-7b,bs,Bosnian,Latn,alphabet,0.9519,0.9593,,direct,0.007400000000000073
tiiuae/falcon-7b,bss,Akoose,Latn,alphabet,0.7308,0.7846,,direct,0.05379999999999996
tiiuae/falcon-7b,byn,Blin,Ethi,syllabary,0.0,0.2,,within_script_only,0.2
tiiuae/falcon-7b,ca,Catalan,Latn,alphabet,0.9189,0.9351,,direct,0.016199999999999992
tiiuae/falcon-7b,cad,Caddo,Latn,alphabet,0.8,0.84,,direct,0.039999999999999925
tiiuae/falcon-7b,cch,Atsam,Latn,alphabet,0.8571,0.8857,,direct,0.02860000000000007
tiiuae/falcon-7b,ccp,Chakma,Cakm,abugida,0.0,0.2,,direct,0.2
tiiuae/falcon-7b,ce,Chechen,Cyrl,alphabet,0.6471,0.7176,,direct,0.07050000000000001
tiiuae/falcon-7b,ceb,Cebuano,Latn,alphabet,1.0,1.0,,direct,0.0
tiiuae/falcon-7b,cgg,Chiga,Latn,alphabet,1.0,1.0,,direct,0.0
tiiuae/falcon-7b,cho,Choctaw,Latn,alphabet,0.9048,0.9238,,direct,0.018999999999999906
tiiuae/falcon-7b,chr,Cherokee,Cher,syllabary,0.0,0.2,,within_script_only,0.2
tiiuae/falcon-7b,cic,Chickasaw,Latn,alphabet,0.8947,0.9158,,direct,0.021099999999999897
tiiuae/falcon-7b,ckb,Central Kurdish,Arab,abjad,0.3939,0.5152,,direct,0.12130000000000002
tiiuae/falcon-7b,co,Corsican,Latn,alphabet,0.8966,0.9172,,direct,0.020600000000000063
tiiuae/falcon-7b,cop,Coptic,Copt,alphabet,0.0,0.2,,direct,0.2
tiiuae/falcon-7b,cs,Czech,Latn,alphabet,0.9268,0.9415,,direct,0.014700000000000046
tiiuae/falcon-7b,csw,Swampy Cree,Cans,syllabary,0.0,0.2,,within_script_only,0.2
tiiuae/falcon-7b,cu,Church Slavic,Cyrl,alphabet,0.3194,0.4556,,direct,0.1362
tiiuae/falcon-7b,cv,Chuvash,Cyrl,alphabet,0.5946,0.6757,,direct,0.08109999999999995
tiiuae/falcon-7b,cy,Welsh,Latn,alphabet,0.7551,0.8041,,direct,0.049000000000000044
tiiuae/falcon-7b,da,Danish,Latn,alphabet,1.0,1.0,,direct,0.0
tiiuae/falcon-7b,dav,Taita,Latn,alphabet,1.0,1.0,,direct,0.0
tiiuae/falcon-7b,de,German,Latn,alphabet,0.9667,0.9733,,direct,0.00660000000000005
tiiuae/falcon-7b,dje,Zarma,Latn,alphabet,0.8656,0.8906,,direct,0.02499999999999991
tiiuae/falcon-7b,doi,Dogri,Deva,abugida,0.0286,0.2229,,direct,0.19429999999999997
tiiuae/falcon-7b,dsb,Lower Sorbian,Latn,alphabet,0.9189,0.9351,,direct,0.016199999999999992
tiiuae/falcon-7b,dua,Duala,Latn,alphabet,0.7879,0.8303,,direct,0.04239999999999999
tiiuae/falcon-7b,dv,Divehi,Thaa,abjad,0.0,0.2,,direct,0.2
tiiuae/falcon-7b,dyo,Jola-Fonyi,Latn,alphabet,0.9375,0.95,,direct,0.012499999999999956
tiiuae/falcon-7b,dz,Dzongkha,Tibt,abugida,0.0,0.2,,direct,0.2
tiiuae/falcon-7b,ebu,Embu,Latn,alphabet,0.9286,0.9429,,direct,0.01429999999999998
tiiuae/falcon-7b,ee,Ewe,Latn,alphabet,0.6604,0.7271,,direct,0.06669999999999998
tiiuae/falcon-7b,el,Greek,Grek,alphabet,0.4722,0.5778,,direct,0.10559999999999997
tiiuae/falcon-7b,en,English,Latn,alphabet,1.0,1.0,,direct,0.0
tiiuae/falcon-7b,eo,Esperanto,Latn,alphabet,0.7857,0.8286,,direct,0.04290000000000005
tiiuae/falcon-7b,es,Spanish,Latn,alphabet,0.9394,0.9515,,direct,0.0121
tiiuae/falcon-7b,et,Estonian,Latn,alphabet,0.9281,0.9406,,direct,0.012499999999999956
tiiuae/falcon-7b,eu,Basque,Latn,alphabet,1.0,1.0,,direct,0.0
tiiuae/falcon-7b,ewo,Ewondo,Latn,alphabet,0.7115,0.7692,,direct,0.057699999999999974
tiiuae/falcon-7b,fa,Persian,Arab,abjad,0.3256,0.4605,,direct,0.13490000000000002
tiiuae/falcon-7b,ff,Fula,Latn,alphabet,0.8519,0.8815,,direct,0.02959999999999996
tiiuae/falcon-7b,fi,Finnish,Latn,alphabet,0.9677,0.9742,,direct,0.00649999999999995
tiiuae/falcon-7b,fil,Filipino,Latn,alphabet,1.0,1.0,,direct,0.0
tiiuae/falcon-7b,fo,Faroese,Latn,alphabet,0.8966,0.9172,,direct,0.020600000000000063
tiiuae/falcon-7b,fr,French,Latn,alphabet,0.9286,0.9429,,direct,0.01429999999999998
tiiuae/falcon-7b,frr,Northern Frisian,Latn,alphabet,0.9536,0.9607,,direct,0.007099999999999995
tiiuae/falcon-7b,fur,Friulian,Latn,alphabet,0.9459,0.9568,,direct,0.01090000000000002
tiiuae/falcon-7b,fy,Western Frisian,Latn,alphabet,0.9048,0.9238,,direct,0.018999999999999906
tiiuae/falcon-7b,ga,Irish,Latn,alphabet,0.9565,0.9652,,direct,0.00869999999999993
tiiuae/falcon-7b,gaa,Ga,Latn,alphabet,0.8846,0.9077,,direct,0.0230999999999999
tiiuae/falcon-7b,gd,Scottish Gaelic,Latn,alphabet,0.913,0.9304,,direct,0.01739999999999997
tiiuae/falcon-7b,gez,Geez,Ethi,syllabary,0.0,0.2,,within_script_only,0.2
tiiuae/falcon-7b,gl,Galician,Latn,alphabet,0.9412,0.9529,,direct,0.011699999999999933
tiiuae/falcon-7b,gn,Guarani,Latn,alphabet,0.79,0.83,,direct,0.039999999999999925
tiiuae/falcon-7b,gsw,Swiss German,Latn,alphabet,0.9655,0.9724,,direct,0.006900000000000017
tiiuae/falcon-7b,gu,Gujarati,Gujr,abugida,0.0,0.2,,direct,0.2
tiiuae/falcon-7b,guz,Gusii,Latn,alphabet,1.0,1.0,,direct,0.0
tiiuae/falcon-7b,gv,Manx,Latn,alphabet,1.0,1.0,,direct,0.0
tiiuae/falcon-7b,ha,Hausa,Latn,alphabet,0.8148,0.8519,,direct,0.03710000000000002
tiiuae/falcon-7b,haw,Hawaiian,Latn,alphabet,0.9444,0.9556,,direct,0.011199999999999988
tiiuae/falcon-7b,he,Hebrew,Hebr,abjad,0.1111,0.2889,,direct,0.17779999999999999
tiiuae/falcon-7b,hi,Hindi,Deva,abugida,0.0299,0.2239,,direct,0.19399999999999998
tiiuae/falcon-7b,hnj,Hmong Njua,Hmnp,alphabet,0.0,0.2,,direct,0.2
tiiuae/falcon-7b,hr,Croatian,Latn,alphabet,0.9519,0.9593,,direct,0.007400000000000073
tiiuae/falcon-7b,hsb,Upper Sorbian,Latn,alphabet,0.9444,0.9556,,direct,0.011199999999999988
tiiuae/falcon-7b,ht,Haitian Creole,Latn,alphabet,0.9615,0.9692,,direct,0.007699999999999929
tiiuae/falcon-7b,hu,Hungarian,Latn,alphabet,0.875,0.9,,direct,0.025000000000000022
tiiuae/falcon-7b,hy,Armenian,Armn,alphabet,0.0,0.2,,direct,0.2
tiiuae/falcon-7b,ia,Interlingua,Latn,alphabet,1.0,1.0,,direct,0.0
tiiuae/falcon-7b,id,Indonesian,Latn,alphabet,1.0,1.0,,direct,0.0
tiiuae/falcon-7b,ie,Interlingue,Latn,alphabet,0.9677,0.9742,,direct,0.00649999999999995
tiiuae/falcon-7b,ig,Igbo,Latn,alphabet,0.8571,0.8857,,direct,0.02860000000000007
tiiuae/falcon-7b,ii,Sichuan Yi,Yiii,syllabary,0.0,0.2,,within_script_only,0.2
tiiuae/falcon-7b,io,Ido,Latn,alphabet,1.0,1.0,,direct,0.0
tiiuae/falcon-7b,is,Icelandic,Latn,alphabet,0.875,0.9,,direct,0.025000000000000022
tiiuae/falcon-7b,it,Italian,Latn,alphabet,0.9375,0.95,,direct,0.012499999999999956
tiiuae/falcon-7b,iu,Inuktitut,Cans,syllabary,0.0,0.2,,within_script_only,0.2
tiiuae/falcon-7b,ja,Japanese,Jpan,mixed_logographic,0.2859,0.4287,,within_script_only,0.14280000000000004
tiiuae/falcon-7b,jbo,Lojban,Latn,alphabet,1.0,1.0,,direct,0.0
tiiuae/falcon-7b,jgo,Ngomba,Latn,alphabet,0.6222,0.6978,,direct,0.0756
tiiuae/falcon-7b,jmc,Machame,Latn,alphabet,1.0,1.0,,direct,0.0
tiiuae/falcon-7b,jv,Javanese,Latn,alphabet,0.931,0.9448,,direct,0.013799999999999923
tiiuae/falcon-7b,ka,Georgian,Geor,alphabet,0.0,0.2,,direct,0.2
tiiuae/falcon-7b,kaa,Kara-Kalpak,Cyrl,alphabet,0.5366,0.6293,,direct,0.0927
tiiuae/falcon-7b,kab,Kabyle,Latn,alphabet,0.7353,0.7882,,direct,0.05290000000000006
tiiuae/falcon-7b,kaj,Jju,Latn,alphabet,1.0,1.0,,direct,0.0
tiiuae/falcon-7b,kam,Kamba,Latn,alphabet,0.9259,0.9407,,direct,0.014800000000000035
tiiuae/falcon-7b,kcg,Tyap,Latn,alphabet,0.96,0.968,,direct,0.008000000000000007
tiiuae/falcon-7b,kde,Makonde,Latn,alphabet,1.0,1.0,,direct,0.0
tiiuae/falcon-7b,kea,Kabuverdianu,Latn,alphabet,1.0,1.0,,direct,0.0
tiiuae/falcon-7b,ken,Kenyang,Latn,alphabet,0.6585,0.7268,,direct,0.06830000000000003
tiiuae/falcon-7b,kgp,Kaingang,Latn,alphabet,0.8077,0.8462,,direct,0.03849999999999998
tiiuae/falcon-7b,khq,Koyra Chiini,Latn,alphabet,0.8656,0.8906,,direct,0.02499999999999991
tiiuae/falcon-7b,ki,Kikuyu,Latn,alphabet,0.9,0.92,,direct,0.020000000000000018
tiiuae/falcon-7b,kk,Kazakh,Cyrl,alphabet,0.5714,0.6571,,direct,0.0857
tiiuae/falcon-7b,kkj,Kako,Latn,alphabet,0.7447,0.7957,,direct,0.050999999999999934
tiiuae/falcon-7b,kl,Kalaallisut,Latn,alphabet,1.0,1.0,,direct,0.0
tiiuae/falcon-7b,kln,Kalenjin,Latn,alphabet,1.0,1.0,,direct,0.0
tiiuae/falcon-7b,km,Khmer,Khmr,abugida,0.0,0.2,,direct,0.2
tiiuae/falcon-7b,kn,Kannada,Knda,abugida,0.0,0.2,,direct,0.2
tiiuae/falcon-7b,ko,Korean,Kore,featural_syllabary,0.0001,0.2001,0.2,within_script_only,0.2
tiiuae/falcon-7b,kok,Konkani,Deva,abugida,0.026,0.2208,,direct,0.1948
tiiuae/falcon-7b,kpe,Kpelle,Latn,alphabet,0.7586,0.8069,,direct,0.0482999999999999
tiiuae/falcon-7b,ks,Kashmiri,Arab,abjad,0.2609,0.4087,,direct,0.1478
tiiuae/falcon-7b,ksb,Shambala,Latn,alphabet,1.0,1.0,,direct,0.0
tiiuae/falcon-7b,ksf,Bafia,Latn,alphabet,0.8235,0.8588,,direct,0.0353
tiiuae/falcon-7b,ksh,Colognian,Latn,alphabet,0.9444,0.9556,,direct,0.011199999999999988
tiiuae/falcon-7b,ku,Kurdish,Latn,alphabet,1.0,1.0,,direct,0.0
tiiuae/falcon-7b,kw,Cornish,Latn,alphabet,1.0,1.0,,direct,0.0
tiiuae/falcon-7b,kxv,Kuvi,Latn,alphabet,0.8182,0.8545,,direct,0.0363
tiiuae/falcon-7b,ky,Kyrgyz,Cyrl,alphabet,0.6452,0.7161,,direct,0.07089999999999996
tiiuae/falcon-7b,la,Latin,Latn,alphabet,1.0,1.0,,direct,0.0
tiiuae/falcon-7b,lag,Langi,Latn,alphabet,0.9091,0.9273,,direct,0.018199999999999994
tiiuae/falcon-7b,lb,Luxembourgish,Latn,alphabet,1.0,1.0,,direct,0.0
tiiuae/falcon-7b,lg,Ganda,Latn,alphabet,0.9583,0.9667,,direct,0.008399999999999963
tiiuae/falcon-7b,lij,Ligurian,Latn,alphabet,0.913,0.9304,,direct,0.01739999999999997
tiiuae/falcon-7b,lkt,Lakota,Latn,alphabet,0.8,0.84,,direct,0.039999999999999925
tiiuae/falcon-7b,lld,lld,Latn,alphabet,0.9512,0.961,,direct,0.00979999999999992
tiiuae/falcon-7b,lmo,Lombard,Latn,alphabet,1.0,1.0,,direct,0.0
tiiuae/falcon-7b,ln,Lingala,Latn,alphabet,0.7805,0.8244,,direct,0.04390000000000005
tiiuae/falcon-7b,lo,Lao,Laoo,abugida,0.0,0.2,,direct,0.2
tiiuae/falcon-7b,lrc,Northern Luri,Arab,abjad,0.2791,0.4233,,direct,0.1442
tiiuae/falcon-7b,lt,Lithuanian,Latn,alphabet,0.875,0.9,,direct,0.025000000000000022
tiiuae/falcon-7b,ltg,Latgalian,Latn,alphabet,0.8571,0.8857,,direct,0.02860000000000007
tiiuae/falcon-7b,lu,Luba-Katanga,Latn,alphabet,0.8158,0.8526,,direct,0.036800000000000055
tiiuae/falcon-7b,luo,Luo,Latn,alphabet,1.0,1.0,,direct,0.0
tiiuae/falcon-7b,luy,Luyia,Latn,alphabet,1.0,1.0,,direct,0.0
tiiuae/falcon-7b,lv,Latvian,Latn,alphabet,0.8485,0.8788,,direct,0.030299999999999994
tiiuae/falcon-7b,mai,Maithili,Deva,abugida,0.0444,0.2356,,direct,0.1912
tiiuae/falcon-7b,mas,Masai,Latn,alphabet,0.8085,0.8468,,direct,0.0383
tiiuae/falcon-7b,mdf,Moksha,Cyrl,alphabet,0.6667,0.7333,,direct,0.06659999999999999
tiiuae/falcon-7b,mer,Meru,Latn,alphabet,0.9286,0.9429,,direct,0.01429999999999998
tiiuae/falcon-7b,mfe,Morisyen,Latn,alphabet,1.0,1.0,,direct,0.0
tiiuae/falcon-7b,mg,Malagasy,Latn,alphabet,1.0,1.0,,direct,0.0
tiiuae/falcon-7b,mgh,Makhuwa-Meetto,Latn,alphabet,1.0,1.0,,direct,0.0
tiiuae/falcon-7b,mgo,Metaʼ,Latn,alphabet,0.8125,0.85,,direct,0.03749999999999998
tiiuae/falcon-7b,mhn,mhn,Latn,alphabet,0.9189,0.9351,,direct,0.016199999999999992
tiiuae/falcon-7b,mi,Māori,Latn,alphabet,1.0,1.0,,direct,0.0
tiiuae/falcon-7b,mic,Mi'kmaw,Latn,alphabet,0.8636,0.8909,,direct,0.02729999999999999
tiiuae/falcon-7b,mk,Macedonian,Cyrl,alphabet,0.6129,0.6903,,direct,0.07740000000000002
tiiuae/falcon-7b,ml,Malayalam,Mlym,abugida,0.0,0.2,,direct,0.2
tiiuae/falcon-7b,mn,Mongolian,Cyrl,alphabet,0.6286,0.7029,,direct,0.07429999999999992
tiiuae/falcon-7b,mni,Manipuri,Beng,abugida,0.0,0.2,,direct,0.2
tiiuae/falcon-7b,moh,Mohawk,Latn,alphabet,0.8696,0.8957,,direct,0.026100000000000012
tiiuae/falcon-7b,mr,Marathi,Deva,abugida,0.0312,0.225,,direct,0.1938
tiiuae/falcon-7b,ms,Malay,Latn,alphabet,1.0,1.0,,direct,0.0
tiiuae/falcon-7b,mt,Maltese,Latn,alphabet,0.8182,0.8545,,direct,0.0363
tiiuae/falcon-7b,mua,Mundang,Latn,alphabet,0.8091,0.8455,,direct,0.03639999999999999
tiiuae/falcon-7b,mus,Muscogee,Latn,alphabet,0.9524,0.9619,,direct,0.009499999999999953
tiiuae/falcon-7b,my,Burmese,Mymr,abugida,0.0,0.2,,direct,0.2
tiiuae/falcon-7b,myv,Erzya,Cyrl,alphabet,0.6667,0.7333,,direct,0.06659999999999999
tiiuae/falcon-7b,mzn,Mazanderani,Arab,abjad,0.3256,0.4605,,direct,0.13490000000000002
tiiuae/falcon-7b,naq,Nama,Latn,alphabet,0.871,0.8968,,direct,0.025800000000000045
tiiuae/falcon-7b,nd,North Ndebele,Latn,alphabet,1.0,1.0,,direct,0.0
tiiuae/falcon-7b,nds,Low German,Latn,alphabet,0.9667,0.9733,,direct,0.00660000000000005
tiiuae/falcon-7b,ne,Nepali,Deva,abugida,0.0299,0.2239,,direct,0.19399999999999998
tiiuae/falcon-7b,nl,Dutch,Latn,alphabet,0.9189,0.9351,,direct,0.016199999999999992
tiiuae/falcon-7b,nmg,Kwasio,Latn,alphabet,0.7368,0.7895,,direct,0.05269999999999997
tiiuae/falcon-7b,nnh,Ngiemboon,Latn,alphabet,0.6667,0.7333,,direct,0.06659999999999999
tiiuae/falcon-7b,no,Norwegian,Latn,alphabet,0.9412,0.9529,,direct,0.011699999999999933
tiiuae/falcon-7b,nqo,N’Ko,Nkoo,alphabet,0.0,0.2,,direct,0.2
tiiuae/falcon-7b,nr,South Ndebele,Latn,alphabet,1.0,1.0,,direct,0.0
tiiuae/falcon-7b,nso,Northern Sotho,Latn,alphabet,1.0,1.0,,direct,0.0
tiiuae/falcon-7b,nus,Nuer,Latn,alphabet,0.8333,0.8667,,direct,0.033399999999999985
tiiuae/falcon-7b,nv,Navajo,Latn,alphabet,0.871,0.8968,,direct,0.025800000000000045
tiiuae/falcon-7b,ny,Nyanja,Latn,alphabet,0.9583,0.9667,,direct,0.008399999999999963
tiiuae/falcon-7b,nyn,Nyankole,Latn,alphabet,1.0,1.0,,direct,0.0
tiiuae/falcon-7b,oc,Occitan,Latn,alphabet,0.9189,0.9351,,direct,0.016199999999999992
tiiuae/falcon-7b,om,Oromo,Latn,alphabet,1.0,1.0,,direct,0.0
tiiuae/falcon-7b,or,Odia,Orya,abugida,0.0,0.2,,direct,0.2
tiiuae/falcon-7b,os,Ossetic,Cyrl,alphabet,0.6471,0.7176,,direct,0.07050000000000001
tiiuae/falcon-7b,osa,Osage,Osge,alphabet,0.0,0.2,,direct,0.2
tiiuae/falcon-7b,pa,Punjabi,Guru,abugida,0.0,0.2,,direct,0.2
tiiuae/falcon-7b,pap,Papiamento,Latn,alphabet,0.9032,0.9226,,direct,0.019399999999999973
tiiuae/falcon-7b,pcm,Nigerian Pidgin,Latn,alphabet,0.875,0.9,,direct,0.025000000000000022
tiiuae/falcon-7b,pis,Pijin,Latn,alphabet,1.0,1.0,,direct,0.0
tiiuae/falcon-7b,pl,Polish,Latn,alphabet,0.9375,0.95,,direct,0.012499999999999956
tiiuae/falcon-7b,prg,Prussian,Latn,alphabet,0.8462,0.8769,,direct,0.03070000000000006
tiiuae/falcon-7b,ps,Pashto,Arab,abjad,0.25,0.4,,direct,0.15000000000000002
tiiuae/falcon-7b,pt,Portuguese,Latn,alphabet,0.941,0.9513,,direct,0.010300000000000087
tiiuae/falcon-7b,qu,Quechua,Latn,alphabet,0.9412,0.9529,,direct,0.011699999999999933
tiiuae/falcon-7b,quc,Kʼicheʼ,Latn,alphabet,0.96,0.968,,direct,0.008000000000000007
tiiuae/falcon-7b,raj,Rajasthani,Deva,abugida,0.0408,0.2327,,direct,0.1919
tiiuae/falcon-7b,rhg,Rohingya,Rohg,abjad,0.0,0.2,,direct,0.2
tiiuae/falcon-7b,rif,Riffian,Latn,alphabet,0.7742,0.8194,,direct,0.04520000000000002
tiiuae/falcon-7b,rm,Romansh,Latn,alphabet,0.9375,0.95,,direct,0.012499999999999956
tiiuae/falcon-7b,rn,Rundi,Latn,alphabet,1.0,1.0,,direct,0.0
tiiuae/falcon-7b,ro,Romanian,Latn,alphabet,1.0,1.0,,direct,0.0
tiiuae/falcon-7b,rof,Rombo,Latn,alphabet,1.0,1.0,,direct,0.0
tiiuae/falcon-7b,ru,Russian,Cyrl,alphabet,0.6667,0.7333,,direct,0.06659999999999999
tiiuae/falcon-7b,rw,Kinyarwanda,Latn,alphabet,1.0,1.0,,direct,0.0
tiiuae/falcon-7b,rwk,Rwa,Latn,alphabet,1.0,1.0,,direct,0.0
tiiuae/falcon-7b,sa,Sanskrit,Deva,abugida,0.0286,0.2229,,direct,0.19429999999999997
tiiuae/falcon-7b,sah,Yakut,Cyrl,alphabet,0.6154,0.6923,,direct,0.07690000000000008
tiiuae/falcon-7b,saq,Samburu,Latn,alphabet,1.0,1.0,,direct,0.0
tiiuae/falcon-7b,sat,Santali,Olck,alphabet,0.0,0.2,,direct,0.2
tiiuae/falcon-7b,sbp,Sangu,Latn,alphabet,1.0,1.0,,direct,0.0
tiiuae/falcon-7b,sc,Sardinian,Latn,alphabet,0.9231,0.9385,,direct,0.01539999999999997
tiiuae/falcon-7b,scn,Sicilian,Latn,alphabet,0.9091,0.9273,,direct,0.018199999999999994
tiiuae/falcon-7b,sd,Sindhi,Arab,abjad,0.25,0.4,,direct,0.15000000000000002
tiiuae/falcon-7b,sdh,Southern Kurdish,Arab,abjad,0.3529,0.4824,,direct,0.1295
tiiuae/falcon-7b,se,Northern Sami,Latn,alphabet,0.8862,0.9069,,direct,0.02070000000000005
tiiuae/falcon-7b,seh,Sena,Latn,alphabet,0.941,0.9513,,direct,0.010300000000000087
tiiuae/falcon-7b,ses,Koyraboro Senni,Latn,alphabet,0.8656,0.8906,,direct,0.02499999999999991
tiiuae/falcon-7b,sg,Sango,Latn,alphabet,0.9412,0.9529,,direct,0.011699999999999933
tiiuae/falcon-7b,shi,Tachelhit,Tfng,alphabet,0.0,0.2,,direct,0.2
tiiuae/falcon-7b,shn,Shan,Mymr,abugida,0.0,0.2,,direct,0.2
tiiuae/falcon-7b,si,Sinhala,Sinh,abugida,0.0,0.2,,direct,0.2
tiiuae/falcon-7b,sid,Sidamo,Latn,alphabet,1.0,1.0,,direct,0.0
tiiuae/falcon-7b,sk,Slovak,Latn,alphabet,0.8605,0.8884,,direct,0.027899999999999925
tiiuae/falcon-7b,skr,skr,Arab,abjad,0.2449,0.3959,,direct,0.15099999999999997
tiiuae/falcon-7b,sl,Slovenian,Latn,alphabet,0.96,0.968,,direct,0.008000000000000007
tiiuae/falcon-7b,sma,Southern Sami,Latn,alphabet,1.0,1.0,,direct,0.0
tiiuae/falcon-7b,smj,Lule Sami,Latn,alphabet,1.0,1.0,,direct,0.0
tiiuae/falcon-7b,smn,Inari Sami,Latn,alphabet,0.9258,0.9387,,direct,0.012900000000000023
tiiuae/falcon-7b,sms,Skolt Sami,Latn,alphabet,0.7889,0.8278,,direct,0.038899999999999935
tiiuae/falcon-7b,sn,Shona,Latn,alphabet,1.0,1.0,,direct,0.0
tiiuae/falcon-7b,so,Somali,Latn,alphabet,1.0,1.0,,direct,0.0
tiiuae/falcon-7b,sq,Albanian,Latn,alphabet,1.0,1.0,,direct,0.0
tiiuae/falcon-7b,sr,Serbian,Cyrl,alphabet,0.6,0.68,,direct,0.08000000000000007
tiiuae/falcon-7b,ss,Swati,Latn,alphabet,1.0,1.0,,direct,0.0
tiiuae/falcon-7b,ssy,Saho,Latn,alphabet,1.0,1.0,,direct,0.0
tiiuae/falcon-7b,st,Southern Sotho,Latn,alphabet,1.0,1.0,,direct,0.0
tiiuae/falcon-7b,su,Sundanese,Latn,alphabet,1.0,1.0,,direct,0.0
tiiuae/falcon-7b,sv,Swedish,Latn,alphabet,1.0,1.0,,direct,0.0
tiiuae/falcon-7b,sw,Swahili,Latn,alphabet,1.0,1.0,,direct,0.0
tiiuae/falcon-7b,syr,Syriac,Syrc,abjad,0.0,0.2,,direct,0.2
tiiuae/falcon-7b,szl,Silesian,Latn,alphabet,0.9324,0.9441,,direct,0.011700000000000044
tiiuae/falcon-7b,ta,Tamil,Taml,abugida,0.0,0.2,,direct,0.2
tiiuae/falcon-7b,te,Telugu,Telu,abugida,0.0,0.2,,direct,0.2
tiiuae/falcon-7b,teo,Teso,Latn,alphabet,1.0,1.0,,direct,0.0
tiiuae/falcon-7b,tg,Tajik,Cyrl,alphabet,0.5429,0.6343,,direct,0.09139999999999993
tiiuae/falcon-7b,th,Thai,Thai,abugida,0.0959,0.2767,,direct,0.18080000000000002
tiiuae/falcon-7b,ti,Tigrinya,Ethi,syllabary,0.0,0.2,,within_script_only,0.2
tiiuae/falcon-7b,tig,Tigre,Ethi,syllabary,0.0,0.2,,within_script_only,0.2
tiiuae/falcon-7b,tk,Turkmen,Latn,alphabet,0.9,0.92,,direct,0.020000000000000018
tiiuae/falcon-7b,tn,Tswana,Latn,alphabet,1.0,1.0,,direct,0.0
tiiuae/falcon-7b,to,Tongan,Latn,alphabet,0.9259,0.9407,,direct,0.014800000000000035
tiiuae/falcon-7b,tok,Toki Pona,Latn,alphabet,1.0,1.0,,direct,0.0
tiiuae/falcon-7b,tpi,Tok Pisin,Latn,alphabet,1.0,1.0,,direct,0.0
tiiuae/falcon-7b,tr,Turkish,Latn,alphabet,0.9333,0.9467,,direct,0.013399999999999967
tiiuae/falcon-7b,trv,Taroko,Latn,alphabet,1.0,1.0,,direct,0.0
tiiuae/falcon-7b,trw,Torwali,Arab,abjad,0.25,0.4,,direct,0.15000000000000002
tiiuae/falcon-7b,ts,Tsonga,Latn,alphabet,1.0,1.0,,direct,0.0
tiiuae/falcon-7b,tt,Tatar,Cyrl,alphabet,0.5897,0.6718,,direct,0.08209999999999995
tiiuae/falcon-7b,twq,Tasawaq,Latn,alphabet,0.8656,0.8906,,direct,0.02499999999999991
tiiuae/falcon-7b,tyv,Tuvinian,Cyrl,alphabet,0.6111,0.6889,,direct,0.07779999999999998
tiiuae/falcon-7b,tzm,Central Atlas Tamazight,Latn,alphabet,0.7419,0.7935,,direct,0.05159999999999998
tiiuae/falcon-7b,ug,Uyghur,Arab,abjad,0.3824,0.5059,,direct,0.1235
tiiuae/falcon-7b,uk,Ukrainian,Cyrl,alphabet,0.6471,0.7176,,direct,0.07050000000000001
tiiuae/falcon-7b,ur,Urdu,Arab,abjad,0.3158,0.4526,,direct,0.13679999999999998
tiiuae/falcon-7b,uz,Uzbek,Latn,alphabet,0.9259,0.9407,,direct,0.014800000000000035
tiiuae/falcon-7b,vai,Vai,Vaii,syllabary,0.0,0.2,,within_script_only,0.2
tiiuae/falcon-7b,ve,Venda,Latn,alphabet,0.8214,0.8571,,direct,0.035699999999999954
tiiuae/falcon-7b,vec,Venetian,Latn,alphabet,0.8966,0.9172,,direct,0.020600000000000063
tiiuae/falcon-7b,vi,Vietnamese,Latn,alphabet,0.3978,0.5169,,direct,0.11910000000000004
tiiuae/falcon-7b,vmw,Makhuwa,Latn,alphabet,1.0,1.0,,direct,0.0
tiiuae/falcon-7b,vo,Volapük,Latn,alphabet,0.963,0.9704,,direct,0.007400000000000073
tiiuae/falcon-7b,vun,Vunjo,Latn,alphabet,1.0,1.0,,direct,0.0
tiiuae/falcon-7b,wa,Walloon,Latn,alphabet,0.9302,0.9442,,direct,0.014000000000000012
tiiuae/falcon-7b,wae,Walser,Latn,alphabet,0.9154,0.9308,,direct,0.01539999999999997
tiiuae/falcon-7b,wal,Wolaytta,Ethi,syllabary,0.0,0.2,,within_script_only,0.2
tiiuae/falcon-7b,wbp,Warlpiri,Latn,alphabet,1.0,1.0,,direct,0.0
tiiuae/falcon-7b,wo,Wolof,Latn,alphabet,0.931,0.9448,,direct,0.013799999999999923
tiiuae/falcon-7b,xh,Xhosa,Latn,alphabet,1.0,1.0,,direct,0.0
tiiuae/falcon-7b,xnr,Kangri,Deva,abugida,0.0303,0.2242,,direct,0.19390000000000002
tiiuae/falcon-7b,xog,Soga,Latn,alphabet,1.0,1.0,,direct,0.0
tiiuae/falcon-7b,yav,Yangben,Latn,alphabet,0.766,0.8128,,direct,0.04679999999999995
tiiuae/falcon-7b,yi,Yiddish,Hebr,abjad,0.0882,0.2706,,direct,0.1824
tiiuae/falcon-7b,yo,Yoruba,Latn,alphabet,0.725,0.78,,direct,0.05500000000000005
tiiuae/falcon-7b,yrl,Nheengatu,Latn,alphabet,0.8571,0.8857,,direct,0.02860000000000007
tiiuae/falcon-7b,yue,Cantonese,Hant,logographic,0.2821,0.4256,,within_script_only,0.14349999999999996
tiiuae/falcon-7b,za,Zhuang,Latn,alphabet,1.0,1.0,,direct,0.0
tiiuae/falcon-7b,zgh,Standard Moroccan Tamazight,Tfng,alphabet,0.0,0.2,,direct,0.2
tiiuae/falcon-7b,zh,Chinese,Hans,logographic,0.4723,0.5778,,within_script_only,0.10549999999999998
tiiuae/falcon-7b,zu,Zulu,Latn,alphabet,1.0,1.0,,direct,0.0
